sku_id,category,product_name,mrp,discount_percent,discounted_selling_price,available_quantity,weight_in_gms,quantity,out_of_stock
1,Fruits & Vegetables,Onion,25.0,16,21.0,3,1000,1,false
2,Fruits & Vegetables,Tomato Hybrid,42.0,16,35.0,3,1000,1,false
3,Fruits & Vegetables,Tender Coconut,51.0,15,43.0,3,58,1,false
4,Fruits & Vegetables,Coriander Leaves,20.0,15,17.0,3,100,100,false
5,Fruits & Vegetables,Ladies Finger,14.0,14,12.0,3,250,250,false
6,Fruits & Vegetables,Potato,35.0,17,29.0,3,1000,1,false
7,Fruits & Vegetables,Lemon,75.0,16,63.0,3,200,200,false
8,Fruits & Vegetables,Watermelon,58.0,15,49.0,3,58,1,false
9,Fruits & Vegetables,Capsicum Green,23.0,17,19.0,3,250,250,false
10,Fruits & Vegetables,Chilli Green,19.0,15,16.0,3,100,100,false
11,Fruits & Vegetables,Banana Robusta,29.0,17,24.0,3,348,6,false
12,Fruits & Vegetables,Garlic Indian,11.0,18,9.0,3,100,100,false
13,Fruits & Vegetables,Cauliflower,26.0,15,22.0,3,58,1,false
14,Fruits & Vegetables,Ginger,14.0,14,12.0,3,200,200,false
15,Fruits & Vegetables,Spinach,19.0,15,16.0,3,250,250,false
16,Fruits & Vegetables,Muskmelon,42.0,16,35.0,3,58,1,false
17,Fruits & Vegetables,Cabbage,15.0,13,13.0,3,58,1,false
18,Fruits & Vegetables,Methi,30.0,16,25.0,3,250,250,false
19,Fruits & Vegetables,Broccoli,36.0,16,30.0,3,500,500,false
20,Fruits & Vegetables,Sapota,30.0,16,25.0,3,348,6,false
21,Fruits & Vegetables,Onion,68.0,16,57.0,3,3000,3,false
22,Fruits & Vegetables,Potato,100.0,16,84.0,3,3000,3,false
23,Fruits & Vegetables,Orange Nagpur,82.0,15,69.0,3,232,4,false
24,Fruits & Vegetables,Mint Leaves,11.0,18,9.0,3,100,100,false
25,Fruits & Vegetables,Beans French,33.0,15,28.0,3,250,250,false
26,Fruits & Vegetables,Bottle Gourd,26.0,15,22.0,3,58,1,false
27,Fruits & Vegetables,Banana Elaichi,58.0,15,49.0,3,348,6,false
28,Fruits & Vegetables,Coconut Big,36.0,16,30.0,3,58,1,false
29,Fruits & Vegetables,Curry Leaves,13.0,15,11.0,3,50,50,false
30,Fruits & Vegetables,Brinjal Bharta,19.0,15,16.0,3,58,1,false
31,Fruits & Vegetables,Lettuce Iceberg,25.0,16,21.0,3,250,250,false
32,Fruits & Vegetables,Papaya,54.0,16,45.0,3,58,1,false
33,Fruits & Vegetables,Apple Shimla,142.0,16,119.0,3,232,4,false
34,Fruits & Vegetables,Bitter Gourd,18.0,16,15.0,3,250,250,false
35,Fruits & Vegetables,Brinjal Small,18.0,16,15.0,3,250,250,false
36,Fruits & Vegetables,Sweet Corn,36.0,16,30.0,3,116,2,false
37,Fruits & Vegetables,Spring Onion,18.0,16,15.0,3,250,250,false
38,Fruits & Vegetables,Bell Peppers Red & Yellow,118.0,16,99.0,3,116,2,false
39,Fruits & Vegetables,Pomegranate,106.0,16,89.0,3,116,2,false
40,Fruits & Vegetables,Sweet Lime,30.0,16,25.0,3,116,2,false
41,Fruits & Vegetables,Baby Potato,19.0,15,16.0,3,500,500,false
42,Fruits & Vegetables,Coccinia,32.0,15,27.0,3,250,250,false
43,Fruits & Vegetables,Guava,54.0,16,45.0,3,232,4,false
44,Fruits & Vegetables,Apple Washington,177.0,15,149.0,3,232,4,false
45,Fruits & Vegetables,Amla,32.0,15,27.0,3,250,250,false
46,Fruits & Vegetables,Beans Cluster,30.0,16,25.0,3,250,250,false
47,Fruits & Vegetables,Apple Royal Gala,189.0,15,159.0,3,232,4,false
48,Fruits & Vegetables,Chilli Bhaji,30.0,16,25.0,3,250,250,false
49,Fruits & Vegetables,Lettuce Green,23.0,17,19.0,3,100,100,false
50,Fruits & Vegetables,Baby Corn Peeled,35.0,17,29.0,3,250,250,false
51,Fruits & Vegetables,Mixed Sprouts,35.0,17,29.0,3,200,200,false
52,Fruits & Vegetables,Zucchini Green,35.0,17,29.0,3,250,250,false
53,Fruits & Vegetables,Beans Broad,42.0,16,35.0,3,250,250,false
54,Fruits & Vegetables,Raw Banana,20.0,15,17.0,6,500,500,false
55,Fruits & Vegetables,Colocasia,29.0,17,24.0,6,500,500,false
56,Fruits & Vegetables,Tomato Cherry,35.0,17,29.0,3,200,200,false
57,Fruits & Vegetables,Sweet Potato,38.0,15,32.0,3,500,500,false
58,Fruits & Vegetables,Pineapple Slice,89.0,15,75.0,3,200,200,false
59,Fruits & Vegetables,Orange,54.0,16,45.0,3,116,2,false
60,Fruits & Vegetables,Dragon Fruit Imported,70.0,15,59.0,3,58,1,false
61,Fruits & Vegetables,Zucchini Yellow,42.0,16,35.0,3,250,500,false
62,Fruits & Vegetables,Apple Kinnaur,142.0,16,119.0,6,232,4,false
63,Fruits & Vegetables,Pineapple,94.0,15,79.0,3,58,1,false
64,Fruits & Vegetables,Basil,20.0,15,17.0,3,100,100,false
65,Fruits & Vegetables,Parsley,17.0,17,14.0,3,100,100,false
66,Fruits & Vegetables,Ridge Gourd,30.0,16,25.0,3,500,500,false
67,Fruits & Vegetables,Papaya Cut,46.0,15,39.0,3,200,200,false
68,Fruits & Vegetables,Pomegranate Peeled,58.0,15,49.0,2,100,100,false
69,Fruits & Vegetables,Pear Green Imported,82.0,15,69.0,3,116,2,false
70,Fruits & Vegetables,Guava Thai,70.0,15,59.0,3,116,2,false
71,Fruits & Vegetables,Lettuce Red,20.0,15,17.0,3,100,100,false
72,Fruits & Vegetables,Mango Raw,60.0,16,50.0,3,500,500,false
73,Fruits & Vegetables,Biryani /Pulav Mix,58.0,15,49.0,3,250,250,false
74,Fruits & Vegetables,Banana Nendran,54.0,16,45.0,6,500,500,false
75,Fruits & Vegetables,Pumpkin Cut,30.0,16,25.0,3,200,200,false
76,Fruits & Vegetables,Banana Red,54.0,16,45.0,6,500,500,false
77,Fruits & Vegetables,Radish White,23.0,17,19.0,6,500,500,false
78,Fruits & Vegetables,Avocado Indian Premium,177.0,15,149.0,3,58,1,false
79,Fruits & Vegetables,Banana Leaf,12.0,16,10.0,2,58,1,false
80,Fruits & Vegetables,Sponge Gourd,25.0,16,21.0,2,300,300,false
81,Fruits & Vegetables,Zama Organics Carrot,20.0,15,17.0,3,250,250,false
82,Fruits & Vegetables,Safal Frozen - Mixed Vegetables,110.0,4,105.0,2,1000,1,false
83,Fruits & Vegetables,Zama Organics Sweet Potato,37.0,16,31.0,3,250,250,false
84,Fruits & Vegetables,Beetroot,16.0,18,13.0,3,500,500,false
85,Fruits & Vegetables,Capsicum,26.0,19,21.0,3,500,500,false
86,Fruits & Vegetables,Carrot,19.0,21,15.0,3,500,500,false
87,Fruits & Vegetables,Garlic,17.0,23,13.0,3,200,200,false
88,Fruits & Vegetables,Carrot,13.0,15,11.0,0,250,200,true
89,Fruits & Vegetables,Beetroot,11.0,18,9.0,0,250,250,true
90,Fruits & Vegetables,Moong Sprouts,35.0,17,29.0,0,200,200,true
91,Fruits & Vegetables,Safal Frozen Mixed Vegetables,60.0,5,57.0,0,500,500,true
92,Fruits & Vegetables,Safal Frozen Corn,41.0,4,39.0,0,200,200,true
93,Fruits & Vegetables,Safal Frozen - Sweet Corn,160.0,5,152.0,0,1000,1,true
94,Cooking Essentials,Maggi 2 Minute Masala Noodles,12.0,0,12.0,6,70,70,false
95,Cooking Essentials,iD Idli & Dosa Batter,80.0,15,68.0,6,1000,1,false
96,Cooking Essentials,Tata Salt,24.0,0,24.0,6,1000,1,false
97,Cooking Essentials,Arden Eggs White,97.0,0,97.0,4,696,12,false
98,Cooking Essentials,Arden Eggs White,65.0,15,55.0,4,348,6,false
99,Cooking Essentials,Fortune Sunlite Refined Sunflower (Pouch),230.0,4,219.0,6,1000,1,false
100,Cooking Essentials,Aashirvaad Superior MP Atta,250.0,2,245.0,6,5000,5,false
101,Cooking Essentials,Amul Pure Ghee (Pouch),255.0,2,249.0,6,500,500,false
102,Cooking Essentials,Arden Eggs Brown,85.0,7,79.0,4,348,6,false
103,Cooking Essentials,Tata Salt Lite,40.0,10,36.0,6,1000,1,false
104,Cooking Essentials,Saffola Gold Oil (Pouch),215.0,0,215.0,6,1000,1,false
105,Cooking Essentials,Fortune Sunlite Refined Sunflower (Jar),925.0,0,925.0,6,5000,5,false
106,Cooking Essentials,Fortune Rice Bran (Pouch),225.0,11,199.0,6,1000,1,false
107,Cooking Essentials,Saffola Active Oil,210.0,0,210.0,6,1000,1,false
108,Cooking Essentials,Amul Pure Ghee (Pouch),505.0,1,499.0,2,1000,1,false
109,Cooking Essentials,Aashirvaad Atta,460.0,13,399.0,6,10000,10,false
110,Cooking Essentials,Popular Essentials Toor Dal (Un-Polished),160.0,6,149.0,4,1000,1,false
111,Cooking Essentials,Amul Ghee (Tin),520.0,2,509.0,6,1000,1,false
112,Cooking Essentials,Amul Fresh Cream,197.0,3,191.0,3,1000,1,false
113,Cooking Essentials,Popular Essentials Pure Jaggery,50.0,2,49.0,6,450,450,false
114,Cooking Essentials,Aashirvaad Multigrain Atta,64.0,3,62.0,2,1000,1,false
115,Cooking Essentials,Fortune Soyabean Oil,1005.0,0,999.0,6,5000,5,false
116,Cooking Essentials,Popular Essentials Sunflower Seeds,25.0,0,25.0,6,50,50,false
117,Cooking Essentials,Tata Sampann kabuli chana,185.0,1,183.0,4,1000,500,false
118,Cooking Essentials,Dhara Groundnut Oil (Pouch),230.0,11,203.0,6,1000,1,false
119,Cooking Essentials,Dhara Health Refined Sun Flower Oil Jar,1200.0,18,984.0,6,5000,5,false
120,Cooking Essentials,24 Mantra Organic Jaggery Powder,80.0,15,68.0,6,500,500,false
121,Cooking Essentials,Tata Sampann High Protien Kabuli Chana,94.0,0,94.0,1,500,500,false
122,Cooking Essentials,Dhara Kachi Ghani Mustard Oil Jar,1250.0,8,1143.0,6,5000,5,false
123,Cooking Essentials,D'lecta Dairy Cream,54.0,5,51.0,6,200,200,false
124,Cooking Essentials,Ching's Secret Instant Hot Garlic Noodles,15.0,0,15.0,3,60,60,false
125,Cooking Essentials,Dabur Ginger Garlic Paste,25.0,8,23.0,3,100,100,false
126,Cooking Essentials,Ching's Secret Instant Schezwan Noodles,15.0,0,15.0,6,60,60,false
127,Cooking Essentials,Gowardhan Ghee/Tuppa Jar,315.0,1,309.0,6,500,500,false
128,Cooking Essentials,Tata Sampann Unpolished Moong Dal,92.0,4,88.0,4,500,500,false
129,Cooking Essentials,Aashirvaad Select Atta,64.0,0,64.0,6,1000,1,false
130,Cooking Essentials,Popular Essentials Misri Dana (Diamond Sugar),15.0,0,15.0,4,100,100,false
131,Cooking Essentials,Gowardhan Ghee Jar,598.0,3,579.0,6,1000,1,false
132,Cooking Essentials,Top Ramen Noodles Curry Veg Pouch,20.0,0,20.0,1,70,70,false
133,Cooking Essentials,Popular Essentials Refined Sugar,60.0,0,60.0,6,1000,1,false
134,Cooking Essentials,Fortune Kachi Ghani Mustard Oil Bottle,216.0,7,199.0,6,1000,1,false
135,Cooking Essentials,Saffola Veggie Twist Masala Oats,15.0,0,15.0,6,38,38,false
136,Cooking Essentials,Satyam Puffed Rice Kurmura (R),23.0,0,23.0,6,200,200,false
137,Cooking Essentials,Quaker Oats,79.0,0,79.0,2,400,400,false
138,Cooking Essentials,Aashirvaad Select Sharbati Atta,315.0,10,283.0,6,5000,5,false
139,Cooking Essentials,Popular Essentials Refined Sugar,295.0,10,265.0,6,5000,5,false
140,Cooking Essentials,Gowardhan Cow Ghee Pouch,579.0,10,521.0,6,1000,1,false
141,Cooking Essentials,Dhara Nourish Refined Sunflower Oil Pouch,210.0,5,199.0,6,1000,1,false
142,Cooking Essentials,Parachute Oil,40.0,7,37.0,3,100,100,false
143,Cooking Essentials,Popular Essentials Plain Puffed Rice (Murmura/Muri),18.0,0,18.0,6,100,100,false
144,Cooking Essentials,Amul Mithai Mate Condensed Sweetened Milk,56.0,3,54.0,4,200,200,false
145,Cooking Essentials,Saffola Gold (Jar),1240.0,0,1240.0,6,5000,5,false
146,Cooking Essentials,McCain New Mini Samosa with Cheese Pizza Style Filling,120.0,1,118.0,3,240,240,false
147,Cooking Essentials,Fortune Rice Bran Health Oil (Jar),1050.0,1,1039.0,6,5000,5,false
148,Cooking Essentials,Arden Desi Eggs,110.0,13,95.0,4,348,6,false
149,Cooking Essentials,Fortune Rozana Basmati Rice,585.0,21,462.0,6,5000,5,false
150,Cooking Essentials,Fortune Biriyani Special Basmati Rice,175.0,0,175.0,5,1000,1,false
151,Cooking Essentials,Everest Garam Masala,78.0,7,72.0,5,100,100,false
152,Cooking Essentials,Popular Essentials Pumpkin Seeds,90.0,16,75.0,6,100,100,false
153,Cooking Essentials,Fortune Soya Health Refined Soybean Oil,210.0,1,206.0,2,1000,1,false
154,Cooking Essentials,Gowardhan Pure Ghee Pouch,295.0,4,281.0,6,500,500,false
155,Cooking Essentials,Popular Essentials Jeera/Cumin Seeds,40.0,5,38.0,3,100,100,false
156,Cooking Essentials,Weikfield Baking Soda,30.0,3,29.0,6,100,100,false
157,Cooking Essentials,Everest Pav Bhaji Masala,37.0,10,33.0,4,50,50,false
158,Cooking Essentials,Tata Sampann Unpolished Chana Dal,95.0,6,89.0,2,1000,500,false
159,Cooking Essentials,Amul Mithai Mate EOE Tin,112.0,2,109.0,6,400,400,false
160,Cooking Essentials,Pillsbury Chakki Fresh Atta,450.0,16,375.0,6,10000,10,false
161,Cooking Essentials,Everest Chicken Masala,39.0,2,38.0,1,50,50,false
162,Cooking Essentials,Dhara Life Refined Ricebran Oil (Pouch),205.0,7,190.0,6,1000,1,false
163,Cooking Essentials,Borges Extra Virgin Olive Oil,400.0,25,299.0,1,250,250,false
164,Cooking Essentials,Everest Shahi Biryani Masala,70.0,14,60.0,6,50,50,false
165,Cooking Essentials,Popular Essentials Californian Almond,350.0,28,251.0,6,250,250,false
166,Cooking Essentials,Popular Essentials Ajwain Whole,25.0,0,25.0,4,50,50,false
167,Cooking Essentials,Everest Tikhalal Chilli Powder,235.0,9,212.0,6,500,500,false
168,Cooking Essentials,Popular Essentials Kabuli Chana Regular,85.0,9,77.0,6,500,500,false
169,Cooking Essentials,Pillsbury Chakki Fresh Atta,52.0,0,52.0,4,1000,1,false
170,Cooking Essentials,Popular Essentials Saunf/Fennel Seeds,45.0,2,44.0,6,100,100,false
171,Cooking Essentials,Popular Essentials Bansi Sooji,35.0,2,34.0,3,500,500,false
172,Cooking Essentials,Happilo Premium International Queen Kalmi Dates,245.0,29,172.0,6,200,200,false
173,Cooking Essentials,Tata Sampann Unpolished Urad Whole,101.0,6,94.0,4,500,500,false
174,Cooking Essentials,Popular Essentials Cashew Split,325.0,12,283.0,6,250,250,false
175,Cooking Essentials,Popular Essentials Chana Dal (Un-Polished),60.0,10,54.0,6,500,500,false
176,Cooking Essentials,Tata Sampann Unpolished Rajma (Chitra),134.0,6,125.0,6,500,500,false
177,Cooking Essentials,Everest Garam Masala,42.0,2,41.0,2,50,50,false
178,Cooking Essentials,Everest Kitchen King Masala,70.0,14,60.0,2,100,100,false
179,Cooking Essentials,24 Mantra Organic Cumin,70.0,7,65.0,2,100,100,false
180,Cooking Essentials,Nestle Milkmaid,132.0,3,128.0,6,400,400,false
181,Cooking Essentials,Popular Essentials Sona Masouri Steam Rice,65.0,9,59.0,6,1000,1,false
182,Cooking Essentials,24 Mantra Organic Tur Dal,260.0,20,208.0,6,1000,1,false
183,Cooking Essentials,Gits Gulab Jamun Instant Dessert Mix,99.0,10,89.0,6,200,200,false
184,Cooking Essentials,Popular Essentials Black Masoor Whole (Un-Polished),65.0,10,58.0,3,500,500,false
185,Cooking Essentials,24 Mantra Organic Peanuts,135.0,7,125.0,1,500,500,false
186,Cooking Essentials,Everest Hingraj Powder,90.0,10,81.0,2,50,50,false
187,Cooking Essentials,Everest Black Pepper Powder,135.0,14,115.0,6,100,100,false
188,Cooking Essentials,Tata Sampann Masoor Dal Stand,150.0,10,134.0,4,1000,1,false
189,Cooking Essentials,24 Mantra Organic Besan,95.0,7,88.0,5,500,500,false
190,Cooking Essentials,Quaker Oats,199.0,7,184.0,6,1000,1,false
191,Cooking Essentials,Saffola Gold Refined Cooking Oil (Jar),485.0,7,449.0,6,2000,2,false
192,Cooking Essentials,Nestle Everyday Dairy Whitener,210.0,0,210.0,4,400,400,false
193,Cooking Essentials,24 Mantra Organic Red Poha,75.0,8,69.0,1,500,500,false
194,Cooking Essentials,Everest Powder - Tea Masala,98.0,9,89.0,5,100,100,false
195,Cooking Essentials,Tata Sampann Urad Dal Split,94.0,4,90.0,6,500,500,false
196,Cooking Essentials,Popular Essentials Idli Sooji,30.0,6,28.0,6,500,500,false
197,Cooking Essentials,Popular Essentials Dessicated Coconut,95.0,9,86.0,6,200,200,false
198,Cooking Essentials,Sunfeast Yippee! Mood Masala Noodles,60.0,28,43.0,3,260,260,false
199,Cooking Essentials,Chef's Basket Durum Wheat Elbow Pasta,160.0,50,80.0,6,500,500,false
200,Cooking Essentials,MTR Breakfast Khatta Meetha Poha Mix,25.0,20,20.0,6,60,60,false
201,Cooking Essentials,Satyam Khobra,113.0,10,101.0,5,200,200,false
202,Cooking Essentials,Betty Crocker Complete Pancake Mix Original,110.0,4,105.0,6,250,500,false
203,Cooking Essentials,Borges Durum Wheat Fusilli Pasta,250.0,0,250.0,3,500,500,false
204,Cooking Essentials,24 Mantra Organic Green Moong Dal - Split,135.0,0,135.0,2,500,500,false
205,Cooking Essentials,Weikfield Vanilla Flavoured Custard Powder,37.0,0,37.0,6,100,100,false
206,Cooking Essentials,Tata Sampann Moong Dal Split,180.0,1,178.0,5,1000,200,false
207,Cooking Essentials,Tata Sampann Kala Chana,64.0,0,64.0,5,500,500,false
208,Cooking Essentials,Saffola Soya Chunks Mealmaker,50.0,0,50.0,2,200,200,false
209,Cooking Essentials,24 Mantra Bura Sugar (Demerara),80.0,10,72.0,6,500,500,false
210,Cooking Essentials,Popular Essentials Green Cardamom (Elaichi),200.0,1,198.0,6,50,50,false
211,Cooking Essentials,Hershey's Syrup Delicious Strawberry,95.0,0,95.0,1,200,200,false
212,Cooking Essentials,Popular Essentials Anjeer,190.0,11,169.0,4,100,100,false
213,Cooking Essentials,Popular Essentials Mustard Seeds Rai Small,20.0,0,20.0,2,100,100,false
214,Cooking Essentials,Weikfield Baking Powder,33.0,3,32.0,6,100,100,false
215,Cooking Essentials,Dabur Honey Squeezy,185.0,9,167.0,6,225,225,false
216,Cooking Essentials,Tata Sampann High Protein Kali Urad,91.0,14,78.0,6,500,500,false
217,Cooking Essentials,Everest Kitchen King Masala,37.0,2,36.0,6,50,50,false
218,Cooking Essentials,Chef's Basket Durum Wheat Fusilli Pasta,160.0,50,80.0,6,500,500,false
219,Cooking Essentials,TilSona Til Oil,180.0,10,162.0,2,500,500,false
220,Cooking Essentials,Top Ramen Chicken Noodles,60.0,10,54.0,1,280,280,false
221,Cooking Essentials,Everest Chaat Masala,35.0,2,34.0,1,50,50,false
222,Cooking Essentials,Keya Wonder Red Hot Chilli Flakes,89.0,10,80.0,2,40,40,false
223,Cooking Essentials,Popular Essentials White Peas (Un-Polished),80.0,10,72.0,5,500,500,false
224,Cooking Essentials,Ching's Secret Chowmein Hakka Noodles Masala,44.0,0,44.0,2,60,60,false
225,Cooking Essentials,Dhara Filtered Groundnut Oil (Jar),1050.0,1,1035.0,6,5000,5,false
226,Cooking Essentials,Pillsbury Choco Chip Pancake Mix,99.0,5,94.0,6,165,165,false
227,Cooking Essentials,Hershey's Caramel Syrup,230.0,0,230.0,1,623,623,false
228,Cooking Essentials,Pillsbury Multi Grain Atta,60.0,6,56.0,3,1000,1,false
229,Cooking Essentials,McCain New Mini Samosa with Cheese Corn Style Filling,120.0,1,118.0,2,240,240,false
230,Cooking Essentials,Satyam Puffed Rice Kurmura (A),43.0,0,43.0,6,200,200,false
231,Cooking Essentials,MTR 3 Min Poha,25.0,0,25.0,6,60,60,false
232,Cooking Essentials,Ching's Manchurian Instant Noodles,15.0,0,15.0,5,60,60,false
233,Cooking Essentials,Everest Pav Bhaji Masala,70.0,0,70.0,2,100,100,false
234,Cooking Essentials,Hershey's Chocolate Flavour Syrup,220.0,6,205.0,6,623,680,false
235,Cooking Essentials,Popular Essentials Dhania (Coriander Seeds),55.0,16,46.0,4,200,200,false
236,Cooking Essentials,24 Mantra Red Chilly Whole,70.0,7,65.0,1,100,100,false
237,Cooking Essentials,Dabur Honey - World's No.1,120.0,0,120.0,6,250,250,false
238,Cooking Essentials,24 Mantra Organic Puffed Rice,40.0,2,39.0,6,200,200,false
239,Cooking Essentials,24 Mantra Organic Wheat Daliya,48.0,2,47.0,2,500,500,false
240,Cooking Essentials,24 Mantra Organic Ragi Flour,65.0,20,52.0,4,500,500,false
241,Cooking Essentials,Popular Essentials Cinnamon Whole (Dalchini),35.0,5,33.0,6,25,25,false
242,Cooking Essentials,Sundrop Super Lite Advanced - Sunflower Oil,215.0,0,215.0,4,1000,1,false
243,Cooking Essentials,Pillsbury Atta/Godihittu - Chakki Fresh,102.0,7,94.0,4,2000,2,false
244,Cooking Essentials,Popular Essentials Green Moong Chilka/Chilka (Un-Polished),85.0,7,79.0,5,500,500,false
245,Cooking Essentials,Popular Essentials HMT Kolam Steam,75.0,0,75.0,3,1000,1,false
246,Cooking Essentials,Popular Essentials Black Urad Split,80.0,10,72.0,4,500,500,false
247,Cooking Essentials,Keya Oregano,109.0,10,98.0,5,9,9,false
248,Cooking Essentials,Popular Essentials Pink Rajma,100.0,10,90.0,6,500,500,false
249,Cooking Essentials,Everest Chicken Masala,74.0,2,72.0,6,100,100,false
250,Cooking Essentials,Popular Essentials HMT Kolam Steam,370.0,10,333.0,6,5000,5,false
251,Cooking Essentials,Everest Shahi Paneer Masala,42.0,4,40.0,5,50,50,false
252,Cooking Essentials,Godrej Yummiez Chicken Nuggets,325.0,9,293.0,1,500,500,false
253,Cooking Essentials,Flying Bird Vanilla Essence,35.0,2,34.0,6,20,20,false
254,Cooking Essentials,Everest Sabji Masala,30.0,3,29.0,6,50,50,false
255,Cooking Essentials,Popular Essentials Californian Almond,695.0,32,470.0,6,500,500,false
256,Cooking Essentials,Cornitos Cornitos Taco Shells - 4 Inches,110.0,20,88.0,6,80,80,false
257,Cooking Essentials,Everest Rajma Masala,33.0,3,32.0,5,50,50,false
258,Cooking Essentials,Popular Essentials White Til,40.0,5,38.0,1,100,100,false
259,Cooking Essentials,Amul Dark Compound Chocolate Slab,125.0,2,122.0,6,500,500,false
260,Cooking Essentials,Mothers Recipe Papad Chana Masala,79.0,10,71.0,6,200,200,false
261,Cooking Essentials,Ching's Schezwan Masala Instant Noodles,60.0,0,60.0,1,240,240,false
262,Cooking Essentials,Amul Milk Compound Chocolate Slab,110.0,2,107.0,6,500,500,false
263,Cooking Essentials,Eastern Chicken Masala,70.0,7,65.0,3,100,100,false
264,Cooking Essentials,Popular Essentials Methi Seeds,25.0,0,25.0,5,100,100,false
265,Cooking Essentials,Saffola Yummy Masala Noodles,20.0,0,20.0,2,46,46,false
266,Cooking Essentials,Cadbury Hot Chocolate,175.0,5,166.0,6,200,200,false
267,Cooking Essentials,Ching's Chicken Chilli Masala,10.0,0,10.0,6,20,20,false
268,Cooking Essentials,Dabur Keora water - Authentic flavour for Biryani's and Desserts,62.0,6,58.0,6,250,250,false
269,Cooking Essentials,Popular Essentials Black Cardamom/Elaichi,100.0,10,90.0,6,50,50,false
270,Cooking Essentials,Popular Essentials Idli Rice,60.0,10,54.0,4,1000,1,false
271,Cooking Essentials,Everest Chole Masala,33.0,3,32.0,1,50,50,false
272,Cooking Essentials,Dabur Hommade Tamarind Paste,48.0,6,45.0,6,200,200,false
273,Cooking Essentials,"Maggi Magic Cubes, Vegetarian Masala (Free 2 Cubes Inside)",35.0,2,34.0,6,48,48,false
274,Cooking Essentials,Popular Essentials Cooking Soda,30.0,10,27.0,6,200,200,false
275,Cooking Essentials,RRO Primio Refined Groundnut Oil Pet Bottle,255.0,6,239.0,2,1000,1,false
276,Cooking Essentials,Everest Pani Puri Masala,31.0,3,30.0,6,50,50,false
277,Cooking Essentials,Nissin Cup Noodles Tangy Tomato,50.0,10,45.0,2,70,70,false
278,Cooking Essentials,Ching's Veg Manchurian Masala,10.0,0,10.0,2,20,20,false
279,Cooking Essentials,Ceres Foods Fish Mustard Instant Liquid Masala,220.0,50,110.0,6,200,200,false
280,Cooking Essentials,Everest Garam Masala,158.0,10,142.0,6,200,200,false
281,Cooking Essentials,24 Mantra Organic Jowar Flour,70.0,7,65.0,6,500,500,false
282,Cooking Essentials,Maggi Coconut Milkpowder,100.0,0,100.0,6,100,100,false
283,Cooking Essentials,On1y Pepper Grinder,159.0,9,144.0,1,50,50,false
284,Cooking Essentials,Popular Essentials Rice Flour,60.0,0,60.0,3,1000,1,false
285,Cooking Essentials,Sunfeast Yippee! Pasta Treat - Sour Cream Onion,28.0,10,25.0,1,65,65,false
286,Cooking Essentials,24 Mantra Organic Brown Sona Masoori Rice,95.0,0,95.0,6,1000,1,false
287,Cooking Essentials,Happilo Premium Afghani Anjeer,365.0,29,256.0,2,200,200,false
288,Cooking Essentials,Popular Essentials Chiroti Sooji,35.0,2,34.0,6,500,500,false
289,Cooking Essentials,RRO Til Dil Premium Til Oil Bottle,330.0,10,294.0,5,1000,1,false
290,Cooking Essentials,Popular Essentials Red Rajma,90.0,10,81.0,6,500,500,false
291,Cooking Essentials,Cornitos Peanut - Premium Salted,120.0,10,108.0,6,150,150,false
292,Cooking Essentials,Popular Essentials Black Pepper,100.0,10,90.0,5,100,100,false
293,Cooking Essentials,24 Mantra Organic Tur Dal - Split,130.0,7,120.0,6,500,500,false
294,Cooking Essentials,Sugarfree Gold Low Calorie Sweetner,65.0,6,61.0,3,110,100,false
295,Cooking Essentials,Ching's Secret Paneer Chilli Masala,10.0,0,10.0,2,20,20,false
296,Cooking Essentials,Dabur Honey,220.0,7,204.0,3,500,500,false
297,Cooking Essentials,Sunfeast Yippee! Pasta Treat - Sour Cream Onion,28.0,17,23.0,3,65,65,false
298,Cooking Essentials,Everest Tea Masala,55.0,9,50.0,2,50,50,false
299,Cooking Essentials,Ching's Paneer Chilli Masala,44.0,0,44.0,4,60,60,false
300,Cooking Essentials,Sunfeast YiPPee! Magic Masala Noodles,70.0,10,63.0,3,405,405,false
301,Cooking Essentials,Everest Meat Masala Powder,74.0,9,67.0,3,100,100,false
302,Cooking Essentials,Pillsbury Atta With Multigrains Wheat Grains,295.0,16,245.0,6,5000,5,false
303,Cooking Essentials,Mother's Recipe Tamarind Paste,50.0,2,49.0,6,200,200,false
304,Cooking Essentials,Quaker Oats Breakfast Cereals - With Flavour Mix Nutritious Rich Source Of Energy,49.0,8,45.0,6,200,200,false
305,Cooking Essentials,Popular Essentials Cloves (Lavang),75.0,17,62.0,6,50,50,false
306,Cooking Essentials,Sunfeast Yippee! Power Up Atta Noodles,96.0,15,81.0,6,280,280,false
307,Cooking Essentials,Suhana Paneer Tikka Masala Mix,40.0,5,38.0,6,50,50,false
308,Cooking Essentials,24 Mantra Turmeric Powder,35.0,2,34.0,6,100,100,false
309,Cooking Essentials,24 Mantra Super Grain Quinoa,190.0,0,190.0,4,500,500,false
310,Cooking Essentials,Everest Powder - Egg Curry Masala,40.0,2,39.0,6,50,50,false
311,Cooking Essentials,Popular Essentials Pe Shah Jeera,60.0,15,51.0,6,50,50,false
312,Cooking Essentials,24 Mantra Organic Sattu Atta,95.0,0,95.0,6,500,500,false
313,Cooking Essentials,Smith & Jones Pasta Masala,46.0,0,46.0,6,54,54,false
314,Cooking Essentials,Weikfield Vanilla Custard Powder,142.0,9,128.0,3,500,500,false
315,Cooking Essentials,Sugarfree Natura Low Calorie Sweetner,300.0,10,270.0,3,42,42,false
316,Cooking Essentials,Pillsbury Vanilla Custard Powder,37.0,2,36.0,6,100,100,false
317,Cooking Essentials,24 Mantra Organic Rajma,145.0,0,145.0,6,500,500,false
318,Cooking Essentials,Popular Essentials Broken Wheat/Daliya,35.0,2,34.0,6,500,500,false
319,Cooking Essentials,Zorabian Chicken Smoked Ham,205.0,5,194.0,1,250,250,false
320,Cooking Essentials,Smith & Jones Peri Peri Masala,99.0,0,99.0,6,75,75,false
321,Cooking Essentials,Saffola Veggie Twist Masala Oats,195.0,12,171.0,2,500,500,false
322,Cooking Essentials,Popular Essentials Urad Dal Split (Un-Polished),85.0,9,77.0,5,500,500,false
323,Cooking Essentials,Weikfield Baking Powder,22.0,0,22.0,6,50,50,false
324,Cooking Essentials,Popular Essentials Bajra Whole,65.0,13,56.0,6,1000,1,false
325,Cooking Essentials,Weikfield Veg Jelly Crystals - Strawberry,45.0,2,44.0,6,90,90,false
326,Cooking Essentials,Weikfield Veg Jelly Crystals - Raspberry,45.0,2,44.0,6,90,90,false
327,Cooking Essentials,Popular Essentials Masoor Dal Split (Un-Polished),70.0,10,63.0,4,500,500,false
328,Cooking Essentials,Popular Essentials Ajwain Whole,50.0,12,44.0,2,100,100,false
329,Cooking Essentials,Popular Essentials Pista Salted (With Shell),470.0,21,371.0,5,250,250,false
330,Cooking Essentials,The Bake Shop Bread Crumbs,50.0,6,47.0,3,400,400,false
331,Cooking Essentials,Popular Essentials Horse Gram,40.0,10,36.0,4,500,500,false
332,Cooking Essentials,Hershey's Chocolate Syrup,95.0,0,95.0,4,200,200,false
333,Cooking Essentials,Godrej Yummiez Chilli Chicken Sausages,160.0,10,144.0,3,250,250,false
334,Cooking Essentials,Everest Kasuri Methi,25.0,0,25.0,6,25,25,false
335,Cooking Essentials,Satyam Makhana,208.0,0,208.0,6,100,100,false
336,Cooking Essentials,Everest Tandoori Chicken Masala,39.0,2,38.0,5,50,50,false
337,Cooking Essentials,Weikfield Falooda Mix - Kesar Pista,49.0,2,48.0,3,200,200,false
338,Cooking Essentials,Weikfield Cocoa Powder,70.0,7,65.0,6,50,50,false
339,Cooking Essentials,Pantai Coconut Cream,150.0,4,143.0,4,400,400,false
340,Cooking Essentials,Popular Essentials Coriander Seeds,15.0,0,15.0,5,50,50,false
341,Cooking Essentials,Ching's Singapore Curry Instant Noodles,60.0,0,60.0,4,240,240,false
342,Cooking Essentials,Eastern Fish Masala,48.0,2,47.0,5,100,100,false
343,Cooking Essentials,Pillsbury Atta/Godihittu - Chakki Fresh,275.0,0,275.0,6,5000,5,false
344,Cooking Essentials,"Oleev Smart Oil Fortified with VIT A, D, E & K (Pouch)",215.0,9,194.0,4,1000,1,false
345,Cooking Essentials,Everest Dry Ginger Powder,75.0,9,68.0,4,100,100,false
346,Cooking Essentials,Pillsbury Cooker Cake Mix - Choco,100.0,11,89.0,6,159,159,false
347,Cooking Essentials,Hersheys Chocolate Almond Syrup,200.0,0,200.0,2,450,450,false
348,Cooking Essentials,Satyam Nighties Spices Chilli Pandi,56.0,7,52.0,5,100,100,false
349,Cooking Essentials,Popular Essentials Popular Essential Pista Salted (With Shell),190.0,10,171.0,6,100,100,false
350,Cooking Essentials,Godrej Yummiez Chicken Punjabi Tikka,295.0,9,266.0,6,360,360,false
351,Cooking Essentials,Popular Essentials Rozana Sona Masuri Raw Rice,350.0,10,312.0,5,5000,5,false
352,Cooking Essentials,24 Mantra Mustard Oil (Cold Pressed),350.0,10,312.0,6,1000,1,false
353,Cooking Essentials,24 Mantra Organic Black Pepper,170.0,7,157.0,6,100,100,false
354,Cooking Essentials,Popular Essentials Green Moong Whole,90.0,16,75.0,3,500,500,false
355,Cooking Essentials,24 Mantra Organic Masoor Dal - Split,95.0,7,88.0,6,500,500,false
356,Cooking Essentials,Praakritik Organic Natural Rock Salt,60.0,6,56.0,3,500,500,false
357,Cooking Essentials,24 Mantra Sunflower Oil (Cold Pressed) Pet Bottle,390.0,11,347.0,5,1000,1,false
358,Cooking Essentials,"Ching's Secret Instant Noodles, Hot Garlic",60.0,0,60.0,4,240,240,false
359,Cooking Essentials,Saffola Everyday Peppy Tomato Masala Oats,195.0,12,171.0,6,500,500,false
360,Cooking Essentials,Dabur 100% Pure Honey - Worlds No.1,430.0,10,387.0,6,1000,1,false
361,Cooking Essentials,Popular Essentials Star Anise,70.0,10,63.0,5,25,25,false
362,Cooking Essentials,Ching's Secret Chicken 65 Masala - Chicken,10.0,0,10.0,5,20,20,false
363,Cooking Essentials,Cadbury Cocoa Powder,223.0,5,211.0,6,150,150,false
364,Cooking Essentials,Praakritik Natural Desi Gir Cow A2 Ghee,1450.0,10,1305.0,6,540,540,false
365,Cooking Essentials,Praakritik Organic Poha,120.0,6,112.0,5,500,500,false
366,Cooking Essentials,Praakritik Organic Natural Wild Forest Honey,160.0,6,150.0,4,200,200,false
367,Cooking Essentials,Popular Essentials Dry Dates (Kharak),140.0,15,118.0,6,250,250,false
368,Cooking Essentials,Popular Essentials Kashmiri Red Rajma,95.0,6,89.0,4,500,500,false
369,Cooking Essentials,Dabur Hommade - Garlic Paste,50.0,6,47.0,6,200,200,false
370,Cooking Essentials,Dabur 100% Pure Honey,330.0,10,297.0,1,400,400,false
371,Cooking Essentials,Ching's Schezwan Fried Rice(Miracle Masala),44.0,0,44.0,5,60,60,false
372,Cooking Essentials,"Maggi Magic Cubes, Vegetarian Masala",35.0,2,34.0,1,40,40,false
373,Cooking Essentials,Everest Tandoori Chicken Masala,74.0,9,67.0,3,100,100,false
374,Cooking Essentials,Popular Essentials Red Poha,45.0,4,43.0,6,500,500,false
375,Cooking Essentials,Everest Kitchen King Masala,142.0,9,128.0,6,200,200,false
376,Cooking Essentials,Pillsbury Oven Cake Mix - Rich Chocolate,165.0,10,147.0,5,285,285,false
377,Cooking Essentials,Eastern Super Garam Masala,74.0,6,69.0,2,200,200,false
378,Cooking Essentials,Maggi Magic Cubes Extra Chicken,40.0,2,39.0,6,48,48,false
379,Cooking Essentials,Satyam Nighties Spices Chilli Kashmiri,102.0,6,95.0,6,100,100,false
380,Cooking Essentials,Eastern Cumin Powder,49.0,2,48.0,6,100,100,false
381,Cooking Essentials,Popular Essentials Urad Gola White(Un-Polished),90.0,10,81.0,6,500,500,false
382,Cooking Essentials,24 Mantra Organic Chana Dal,95.0,6,89.0,5,500,500,false
383,Cooking Essentials,Delight Nuts Cashew Roasted & Salted,425.0,20,340.0,6,200,200,false
384,Cooking Essentials,Popular Essentials Mace/Javitri,90.0,10,81.0,3,20,20,false
385,Cooking Essentials,Dlicia Whip Topping Bottle,235.0,27,171.0,5,1000,1,false
386,Cooking Essentials,Mother's Recipe Paste Ginger & Garlic,76.0,10,68.0,4,300,300,false
387,Cooking Essentials,24 Mantra Groundnut Oil (Cold Pressed) Pet Bottle,410.0,10,369.0,6,1000,1,false
388,Cooking Essentials,Satyam Pulses Masur Dal,87.0,6,81.0,6,500,500,false
389,Cooking Essentials,Delight Nuts Pista Roasted & Salted,425.0,20,340.0,6,200,200,false
390,Cooking Essentials,"Top Ramen Noodles, Atta",80.0,0,80.0,1,280,280,false
391,Cooking Essentials,Hershey's Cocoa Powder,95.0,0,95.0,5,70,70,false
392,Cooking Essentials,Praakritik Organic Singhara Atta,240.0,6,225.0,4,500,500,false
393,Cooking Essentials,Gits Veg Biryani Ready to Eat,110.0,10,99.0,6,265,265,false
394,Cooking Essentials,Delight Nuts Cranberries Sliced,299.0,20,239.0,6,200,200,false
395,Cooking Essentials,Borges Durum Wheat Pasta Superior Quality,250.0,40,149.0,6,500,500,false
396,Cooking Essentials,Ceres Foods Laal Maas Instant Liquid Masala,220.0,50,110.0,5,200,200,false
397,Cooking Essentials,Popular Essentials Sattu Atta,90.0,12,79.0,3,500,500,false
398,Cooking Essentials,Popular Essentials Mustard Seeds Rai Yellow,25.0,0,25.0,5,100,100,false
399,Cooking Essentials,Praakritik Organic Extra Virgin Coconut Oil,150.0,10,134.0,5,100,100,false
400,Cooking Essentials,Praakritik Organic Garlic Powder,110.0,1,108.0,5,100,100,false
401,Cooking Essentials,Sugarfree Gold Low Calorie Sweetner,125.0,5,118.0,6,100,100,false
402,Cooking Essentials,Aashirvaad Breakfast Instant Mix - Rice Idli,75.0,30,52.0,6,200,200,false
403,Cooking Essentials,Kitchens Of India Mutter Paneer,130.0,4,124.0,6,285,285,false
404,Cooking Essentials,Ching's Secret Veg Manchurian Masala,44.0,0,44.0,6,60,60,false
405,Cooking Essentials,Popular Essentials Jowa Flour,50.0,2,49.0,5,500,500,false
406,Cooking Essentials,Everest Shahi Biryani Masala,245.0,0,245.0,6,200,200,false
407,Cooking Essentials,Popular Essentials Black Til,50.0,6,47.0,4,100,100,false
408,Cooking Essentials,Popular Essentials Pancharatna Dal,80.0,10,72.0,6,500,500,false
409,Cooking Essentials,Saffola 100% Pure Honey,475.0,8,437.0,2,1000,750,false
410,Cooking Essentials,Popular Essentials Tamarind,150.0,14,128.0,6,500,500,false
411,Cooking Essentials,Gits Rice Dosa Instant Breakfast Mix,60.0,5,57.0,5,200,200,false
412,Cooking Essentials,Popular Essentials Poppy Seeds (Gasagase),280.0,7,260.0,6,100,100,false
413,Cooking Essentials,Hershey's Hot Chocolate Powder,210.0,0,210.0,4,250,250,false
414,Cooking Essentials,Borges Farfalle Durum Wheat Pasta,250.0,0,250.0,5,500,500,false
415,Cooking Essentials,Satyam Chilli Bedgi,82.0,10,73.0,5,100,100,false
416,Cooking Essentials,Aashirvaad Instant Mix - Rice Dosa,75.0,30,52.0,6,200,200,false
417,Cooking Essentials,Hershey's Cocoa - Natural Unsweetened,270.0,10,243.0,4,225,225,false
418,Cooking Essentials,Weikfield Veg Jelly Crystals - Mango,45.0,2,44.0,6,90,90,false
419,Cooking Essentials,Praakritik Orrganic Cold Pressed Sesame Oil,130.0,10,117.0,5,100,100,false
420,Cooking Essentials,Amulya Dairy Whitener,380.0,2,372.0,4,1000,1,false
421,Cooking Essentials,ITC Master Chef Hyderabadi Biryani,75.0,30,52.0,5,80,80,false
422,Cooking Essentials,Flying Bird Butter Scotch Essence,50.0,2,49.0,6,20,20,false
423,Cooking Essentials,Dabur Hommade - Ginger Paste,50.0,6,47.0,6,200,200,false
424,Cooking Essentials,Popular Essentials Green Peas (Un-Polished),120.0,10,108.0,5,500,500,false
425,Cooking Essentials,Quaker Oats Pouch,276.0,10,248.0,6,1500,1,false
426,Cooking Essentials,24 Mantra Organic Urad White Whole,145.0,15,122.0,4,500,500,false
427,Cooking Essentials,Popular Essentials Guntur Chilli Stemless,40.0,2,39.0,2,100,100,false
428,Cooking Essentials,Popular Essentials Moth Whole,90.0,10,81.0,6,500,500,false
429,Cooking Essentials,Keya Pizza Seasoning,109.0,17,90.0,6,45,45,false
430,Cooking Essentials,Keya Piri Piri | Exotic Spices Mix,109.0,20,87.0,6,80,80,false
431,Cooking Essentials,24 Mantra Organic Moong Dal,135.0,7,125.0,6,500,500,false
432,Cooking Essentials,Betty Crocker French Vanilla Cake Mix,310.0,10,276.0,6,520,520,false
433,Cooking Essentials,Delight Nuts Dried Cranberries,340.0,20,272.0,6,200,200,false
434,Cooking Essentials,Everest Kesari Milk Masala,205.0,0,205.0,2,50,50,false
435,Cooking Essentials,Tong Garden Salted Cocktail Nuts,295.0,9,266.0,5,160,160,false
436,Cooking Essentials,MTR Uttapam Mix,165.0,5,156.0,6,500,500,false
437,Cooking Essentials,Gits Khaman Dhokla Instant Snack Mix,65.0,6,61.0,6,180,180,false
438,Cooking Essentials,Happilo Premium 100% Natural Whole Cashews,335.0,29,235.0,6,200,200,false
439,Cooking Essentials,Everest Dry Mango Powder,80.0,0,80.0,5,100,100,false
440,Cooking Essentials,Dabur Hommade - Ginger Garlic Past Tub,110.0,5,104.0,6,400,400,false
441,Cooking Essentials,Everest Chicken Masala,147.0,10,132.0,6,200,200,false
442,Cooking Essentials,Gits Medu Vada Instant Snack Mix,90.0,4,86.0,6,200,200,false
443,Cooking Essentials,Weikfield Drinking Chocolate Powder,65.0,10,58.0,6,100,100,false
444,Cooking Essentials,Popular Essentials Regular White Lobia,70.0,10,63.0,6,500,500,false
445,Cooking Essentials,Puro Healthy Salt Crystal,135.0,7,125.0,6,1000,1,false
446,Cooking Essentials,Popular Essentials Premium Jeera Rice,140.0,0,140.0,5,1000,1,false
447,Cooking Essentials,Smith & Jones Shahi Paneer Masala Mix,44.0,0,44.0,6,60,60,false
448,Cooking Essentials,Betty Crocker Mug Treats - Chocolate Mix - Pack of 4,200.0,11,178.0,6,264,264,false
449,Cooking Essentials,Smith & Jones Pasta Masala,60.0,10,54.0,5,108,108,false
450,Cooking Essentials,Catch Black Pepper Sprinkler,100.0,0,100.0,1,50,50,false
451,Cooking Essentials,Weikfield Cooker Cake Mix - Chocolate,95.0,6,89.0,6,150,150,false
452,Cooking Essentials,ITC Master Chef Butter Chicken,75.0,30,52.0,6,80,80,false
453,Cooking Essentials,Masala Oats Masala & Coriander,195.0,9,176.0,5,500,500,false
454,Cooking Essentials,Smith & Jones Mutter Paneer Masala,42.0,0,42.0,6,60,60,false
455,Cooking Essentials,Kitchens of India Dal Bukhara Gravy Mix,110.0,30,77.0,6,285,285,false
456,Cooking Essentials,Popular Essentials Fried Gram (Bengal Gram),70.0,10,63.0,6,500,500,false
457,Cooking Essentials,Gits Jalebi with Maker Dessert Mix,75.0,16,63.0,6,100,100,false
458,Cooking Essentials,Popular Essentials Soya Beans,80.0,6,75.0,6,500,500,false
459,Cooking Essentials,24 Mantra Organic Roasted Bengal Gram Dal,105.0,7,97.0,6,500,500,false
460,Cooking Essentials,Keya Italian Seasoning,109.0,10,98.0,6,35,35,false
461,Cooking Essentials,MTR Idli/Dosa/Chilly Chutney Powder,115.0,0,115.0,3,200,200,false
462,Cooking Essentials,Delight Nuts Trail Mix,399.0,25,299.0,6,200,200,false
463,Cooking Essentials,Praakritik Organic Chilka Moong Dal,120.0,10,108.0,6,500,500,false
464,Cooking Essentials,Smith & Jones Garlic & Herbs Masala Mix,99.0,0,99.0,6,75,75,false
465,Cooking Essentials,Eastern Tamarind,63.0,0,63.0,6,200,200,false
466,Cooking Essentials,Tong Garden Wasabi Coated Greenpeas Tin,200.0,11,178.0,6,180,180,false
467,Cooking Essentials,Flying Bird Pineapple Artifical Food Essence,50.0,2,49.0,6,20,20,false
468,Cooking Essentials,Mother's Recipe Tamarind Paste,50.0,2,49.0,2,200,200,false
469,Cooking Essentials,Japanese Choice Udon Noodles,295.0,9,266.0,6,250,250,false
470,Cooking Essentials,Pantai Coconut Milk,150.0,0,150.0,4,400,400,false
471,Cooking Essentials,Praakritik Organic Masoor Dal,130.0,10,116.0,6,500,500,false
472,Cooking Essentials,Popular Essentials Classic Sona Masuri Rice,430.0,10,387.0,6,5000,5,false
473,Cooking Essentials,Popular Essentials Salted Murmure,70.0,18,57.0,6,400,400,false
474,Cooking Essentials,Oleev Active Oil (Pouch),265.0,9,239.0,6,1000,1,false
475,Cooking Essentials,Delight Nuts Dried Blueberries,540.0,20,432.0,6,150,150,false
476,Cooking Essentials,Popular Essentials Double Beans White,60.0,10,54.0,6,250,250,false
477,Cooking Essentials,Delight Nuts Almond Natural,349.0,20,279.0,6,200,200,false
478,Cooking Essentials,Praakritik Organic Jaggery,160.0,6,150.0,6,900,900,false
479,Cooking Essentials,Praakritik Organic Raw Sugar,90.0,6,84.0,6,500,500,false
480,Cooking Essentials,MTR Masala - Sambar Powder,115.0,0,115.0,4,200,200,false
481,Cooking Essentials,RRO Til Dil Premium Til Oil Bottle,173.0,6,162.0,6,500,500,false
482,Cooking Essentials,ITC Master Chef Vegetable Biryani Cooking Paste,75.0,30,52.0,5,80,80,false
483,Cooking Essentials,Jivana Jaggery,100.0,0,100.0,2,950,950,false
484,Cooking Essentials,Praakritik Organic Besan,170.0,6,159.0,6,500,500,false
485,Cooking Essentials,MTR Instant Gulab Jamun Mix,195.0,9,176.0,6,500,500,false
486,Cooking Essentials,Maggi Magic Cubes Extra Chicken,199.0,0,199.0,2,240,240,false
487,Cooking Essentials,On1y Mixed Herbs,99.0,0,99.0,6,14,14,false
488,Cooking Essentials,Popular Essentials Urad Gola Black (Un-Polished),80.0,10,72.0,6,500,500,false
489,Cooking Essentials,Gits Dessert Mix China Grass Bombay Halwa,55.0,0,55.0,4,80,80,false
490,Cooking Essentials,Praakritik Organic Basmati Rice,170.0,0,170.0,5,500,500,false
491,Cooking Essentials,Ceres Foods Nalli Nihari Instant Liquid Masala,220.0,50,110.0,6,200,200,false
492,Cooking Essentials,Borges Canola Oil Pet Bottle,399.0,0,399.0,6,1000,1,false
493,Cooking Essentials,Suhana Biryani Masala,66.0,0,66.0,6,50,50,false
494,Cooking Essentials,On1y Black Salt Grinder,99.0,0,99.0,6,100,100,false
495,Cooking Essentials,Popular Essentials Nylon Til,40.0,2,39.0,6,100,100,false
496,Cooking Essentials,Pillsbury Rich Choco Oven Cake Mix - Egg Free,170.0,6,159.0,6,270,270,false
497,Cooking Essentials,Weikfield Tomato Salsa Instant Pasta,25.0,0,25.0,1,77,77,false
498,Cooking Essentials,Praakritik Organic Jowar Atta,110.0,6,103.0,6,500,500,false
499,Cooking Essentials,Sugarfree Gold Low Calorie Sweetner,270.0,7,251.0,6,50,50,false
500,Cooking Essentials,Epicurea Thai Jasmine Rice,295.0,0,295.0,4,500,500,false
501,Cooking Essentials,Yummiez Chicken Garlic Fingers Pouch,250.0,0,250.0,5,400,400,false
502,Cooking Essentials,RRO Primio Refined Groundnut (Jar),490.0,11,436.0,6,2000,2,false
503,Cooking Essentials,Praakritik Organic Tuvar Dal,140.0,0,140.0,6,500,500,false
504,Cooking Essentials,Sugarfree Gold Low Calorie Sweetner,185.0,5,175.0,3,300,300,false
505,Cooking Essentials,Cantina Beans Mexican Beans,250.0,14,213.0,6,410,410,false
506,Cooking Essentials,Pillsbury Oven Cake Mix - Vanilla,175.0,10,156.0,6,225,225,false
507,Cooking Essentials,Hershey's Chocolate Milk Booster,200.0,0,200.0,6,450,450,false
508,Cooking Essentials,Popular Essentials Byadagi Chilli Stemless,80.0,0,80.0,6,100,100,false
509,Cooking Essentials,Suhana Spice Mix - Chicken Biryani,66.0,0,66.0,6,50,50,false
510,Cooking Essentials,Praakritik Organic Yellow Moon Dal,135.0,0,135.0,6,500,500,false
511,Cooking Essentials,Maggi Magic Cubes Extra Chicken,199.0,10,179.0,6,240,240,false
512,Cooking Essentials,Dhara Filtered Groundnut Oil (Jar),1050.0,0,1050.0,2,5000,5,false
513,Cooking Essentials,24 Mantra Sona Masuri Brown Rice,475.0,10,423.0,6,5000,5,false
514,Cooking Essentials,24 Mantra Organic Pancharatna Dal - Split,130.0,7,120.0,6,500,500,false
515,Cooking Essentials,24 Mantra Organic Cumin Powder,70.0,0,70.0,6,100,100,false
516,Cooking Essentials,Popular Essentials Samba Broken Wheat,100.0,11,89.0,6,500,500,false
517,Cooking Essentials,Betty Crocker Chocolate Fudge Cake Mix,295.0,0,295.0,6,475,475,false
518,Cooking Essentials,Borges Extra Light Olive Oil Bottle,2600.0,46,1399.0,6,2000,2,false
519,Cooking Essentials,Flying Bird Premium Orange Artificial Food Essence,60.0,0,60.0,6,20,20,false
520,Cooking Essentials,Popular Essentials Red Cherry/Gundu Chilli,95.0,0,95.0,6,100,100,false
521,Cooking Essentials,Super Saver Kolam Rice Sortex Clean,700.0,10,630.0,3,5000,5,false
522,Cooking Essentials,Flying Bird Food Essence - Kewra,50.0,0,50.0,6,20,20,false
523,Cooking Essentials,MTR Vada Breakfast,200.0,0,200.0,1,500,500,false
524,Cooking Essentials,On1y Pasta Seasoning,99.0,0,99.0,6,30,30,false
525,Cooking Essentials,Praakritik Organic Indrayani Rice,70.0,0,70.0,6,500,500,false
526,Cooking Essentials,On1y Pizza Seasoning,99.0,0,99.0,6,28,28,false
527,Cooking Essentials,Kitchens of India Mutter Paneer Mix,120.0,30,84.0,4,285,285,false
528,Cooking Essentials,Aashirvaad Svasti Cow Ghee Tetra Pack,295.0,0,295.0,6,500,500,false
529,Cooking Essentials,Weikfield Cooker Cake Mix - Vanilla,95.0,0,95.0,6,150,150,false
530,Cooking Essentials,Praakritik Organic Kapli Wheat Atta,165.0,10,147.0,6,1000,1,false
531,Cooking Essentials,Epicurea Sushi Rice,295.0,0,295.0,6,500,500,false
532,Cooking Essentials,Sugarfree Natural Green Stevia Leaves Zero Calorie,75.0,0,75.0,2,100,100,false
533,Cooking Essentials,Smith & Jones Italian Spices Masala Mix,99.0,0,99.0,6,75,75,false
534,Cooking Essentials,Satyam Nighties Spices Chilli Bore,89.0,10,80.0,6,100,100,false
535,Cooking Essentials,Weikfield Veg Jelly Crystals - Orange,45.0,2,44.0,6,90,90,false
536,Cooking Essentials,Praakritik Organic Jumbo Rolled Oats,190.0,11,169.0,6,500,500,false
537,Cooking Essentials,On1y Sea Salt Grinder,89.0,0,89.0,6,100,100,false
538,Cooking Essentials,Delight Nuts Berries Mix,399.0,20,319.0,6,200,200,false
539,Cooking Essentials,Everest Kesari Milk Masala,205.0,0,205.0,6,50,20,false
540,Cooking Essentials,Praakritik Organic Ginger Powder,139.0,10,125.0,6,100,100,false
541,Cooking Essentials,Suhana Mutton Gravy Mix,45.0,0,45.0,4,80,80,false
542,Cooking Essentials,On1y Salad Seasoning Grinder,139.0,0,139.0,6,45,45,false
543,Cooking Essentials,Figaro Pure Olive Oil,325.0,8,299.0,1,200,200,false
544,Cooking Essentials,Madhur Sugar,60.0,6,56.0,0,1000,1,true
545,Cooking Essentials,Amul Fresh Cream,63.0,0,63.0,0,250,250,true
546,Cooking Essentials,Madhur Pure And Hygienic Sugar,295.0,9,266.0,0,5000,5,true
547,Cooking Essentials,Satyam Poha Jada,35.0,8,32.0,0,500,500,true
548,Cooking Essentials,Aashirvaad Superior MP Whole Wheat Atta,53.0,1,52.0,0,1000,1,true
549,Cooking Essentials,Fortune Soyabean Oil,210.0,13,181.0,0,1000,1,true
550,Cooking Essentials,Maggi Masala Ae Magic,58.0,6,54.0,0,72,72,true
551,Cooking Essentials,Aashirvaad Iodised Salt,22.0,13,19.0,0,1000,1,true
552,Cooking Essentials,Maggi 2-Minute Instant Noodles - Masala,44.0,0,44.0,0,280,280,true
553,Cooking Essentials,Popular Essentials Phool Makhana (Jumbo Size),150.0,14,128.0,0,100,100,true
554,Cooking Essentials,Aashirvaad Atta With Mutigrains,315.0,8,287.0,0,5000,5,true
555,Cooking Essentials,Tata Sampann Poha,44.0,6,41.0,0,500,500,true
556,Cooking Essentials,Fortune Besan Flour,120.0,0,120.0,0,1000,1,true
557,Cooking Essentials,Popular Essentials Toor Dal (Un-Polished),80.0,7,74.0,0,500,500,true
558,Cooking Essentials,Everest Tikhalal Hot & Red Chilly Powder,47.0,2,46.0,0,100,100,true
559,Cooking Essentials,Popular Essentials Chia Seeds,50.0,2,49.0,0,100,100,true
560,Cooking Essentials,Tata Sampann Unpolished Toor Dal/Arhar Dal,179.0,1,177.0,0,1000,200,true
561,Cooking Essentials,Everest Coriander Powder,32.0,3,31.0,0,100,100,true
562,Cooking Essentials,Satyam Thin Poha Patla,38.0,7,35.0,0,500,500,true
563,Cooking Essentials,Popular Essentials Sona Masouri Raw Rice,75.0,0,75.0,0,1000,1,true
564,Cooking Essentials,Tata Sampann High Protien Chana Dal - Split,64.0,0,64.0,0,500,500,true
565,Cooking Essentials,Satyam Singdana,119.0,6,111.0,0,500,500,true
566,Cooking Essentials,Tata Sampann Moong Chilka,88.0,6,82.0,0,500,500,true
567,Cooking Essentials,Tata Sampann High Protien Toor Dal - Split,91.0,2,89.0,0,500,500,true
568,Cooking Essentials,Ching's Chow Mein Hakka Noodles Masala,10.0,0,10.0,0,20,20,true
569,Cooking Essentials,Everest Chat Masala,65.0,9,59.0,0,100,100,true
570,Cooking Essentials,Popular Essentials Black Brown Chana (Un-Polished),55.0,9,50.0,0,500,500,true
571,Cooking Essentials,Dabur Ginger Garlic Paste,50.0,6,47.0,0,200,200,true
572,Cooking Essentials,Ching's Secret Veg Hakka Noodles,107.0,0,107.0,0,600,600,true
573,Cooking Essentials,Saffola Oats 100 % Natural,15.0,0,15.0,0,38,38,true
574,Cooking Essentials,Everest Kashmiri Lal Chilli Powder,310.0,10,279.0,0,500,500,true
575,Cooking Essentials,Popular Essentials Black Raisins Seedless,60.0,10,54.0,0,100,100,true
576,Cooking Essentials,Daawat Rozana Super Basmati Rice,79.0,0,79.0,0,1000,1,true
577,Cooking Essentials,Everest Cumin Powder (Jeera),30.0,3,29.0,0,50,50,true
578,Cooking Essentials,Everest Sambhar Masala,34.0,2,33.0,0,50,50,true
579,Cooking Essentials,Maggi Chilly Chow Cuppa Noodles,50.0,0,50.0,0,70,70,true
580,Cooking Essentials,Popular Essentials Mustard Seeds Rai Big,20.0,0,20.0,0,100,100,true
581,Cooking Essentials,Patanjali Cow's Ghee,565.0,0,565.0,0,1000,1,true
582,Cooking Essentials,Everest Amchur Powder,42.0,2,41.0,0,50,50,true
583,Cooking Essentials,Daawat Super Basmati Rice,185.0,8,169.0,0,1000,1,true
584,Cooking Essentials,Popular Essentials Sabudana,60.0,10,54.0,0,500,500,true
585,Cooking Essentials,Popular Essentials Brown Sugar,40.0,0,40.0,0,500,500,true
586,Cooking Essentials,Everest Coriander Powder,70.0,10,63.0,0,200,200,true
587,Cooking Essentials,Sunfeast YiPPee! Magic Masala Noodles,48.0,6,45.0,0,240,240,true
588,Cooking Essentials,Tata Tea Gold,35.0,0,35.0,0,100,200,true
589,Cooking Essentials,Daawat Rozana Gold Basmati Rice,90.0,1,89.0,0,1000,1,true
590,Cooking Essentials,Top Ramen Masala,91.0,9,82.0,0,560,560,true
591,Cooking Essentials,Everest Turmeric Powder,67.0,10,60.0,0,200,200,true
592,Cooking Essentials,Popular Essentials Buckwheat Flour (Kuttu Atta),125.0,9,113.0,0,500,500,true
593,Cooking Essentials,Keya Italian Pizza Oregano,109.0,11,97.0,0,80,80,true
594,Cooking Essentials,Chef's Basket Durum Wheat Penne Pasta,160.0,50,80.0,0,500,500,true
595,Cooking Essentials,Tata Sampann Kala Chana,125.0,0,125.0,0,1000,1,true
596,Cooking Essentials,India Gate Basmati Rice,210.0,0,210.0,0,1000,1,true
597,Cooking Essentials,24 Mantra Organic Whole Wheat Atta,64.0,7,59.0,0,1000,1,true
598,Cooking Essentials,Zorabian Chicken Kheema Parathas,190.0,0,190.0,0,300,300,true
599,Cooking Essentials,Sunfeast Pasta Treat Pack of Tomato Cheese,28.0,17,23.0,0,65,65,true
600,Cooking Essentials,Sugarlite 50% Less Calories Sugar Pouch,99.0,40,59.0,0,500,500,true
601,Cooking Essentials,Popular Essentials Sabja/Basil Seeds,60.0,15,51.0,0,100,100,true
602,Cooking Essentials,Patanjali Pure Honey,95.0,0,95.0,0,250,250,true
603,Cooking Essentials,Weikfield Falooda Mix - Mango,49.0,2,48.0,0,200,200,true
604,Cooking Essentials,Pro Nature Organic Sonamasoori Brown Rice,102.0,7,94.0,0,1000,1,true
605,Cooking Essentials,Maggi Special Masala Spicy Yummy Noodles,72.0,0,72.0,0,280,280,true
606,Cooking Essentials,Godrej Yummiez Chicken Breakfast Salami,150.0,4,143.0,0,250,250,true
607,Cooking Essentials,Everest Saffron Kesar,120.0,0,120.0,0,1,0,true
608,Munchies,Maggi 2 Minute Masala Noodles,12.0,0,12.0,6,70,70,false
609,Munchies,iD Idli & Dosa Batter,80.0,15,68.0,6,1000,1,false
610,Munchies,Tata Salt,24.0,0,24.0,6,1000,1,false
611,Munchies,Arden Eggs White,97.0,0,97.0,4,696,12,false
612,Munchies,Arden Eggs White,65.0,15,55.0,4,348,6,false
613,Munchies,Fortune Sunlite Refined Sunflower (Pouch),230.0,4,219.0,6,1000,1,false
614,Munchies,Aashirvaad Superior MP Atta,250.0,2,245.0,6,5000,5,false
615,Munchies,Amul Pure Ghee (Pouch),255.0,2,249.0,6,500,500,false
616,Munchies,Arden Eggs Brown,85.0,7,79.0,4,348,6,false
617,Munchies,Tata Salt Lite,40.0,10,36.0,6,1000,1,false
618,Munchies,Saffola Gold Oil (Pouch),215.0,0,215.0,6,1000,1,false
619,Munchies,Fortune Sunlite Refined Sunflower (Jar),925.0,0,925.0,6,5000,5,false
620,Munchies,Fortune Rice Bran (Pouch),225.0,11,199.0,6,1000,1,false
621,Munchies,Saffola Active Oil,210.0,0,210.0,6,1000,1,false
622,Munchies,Amul Pure Ghee (Pouch),505.0,1,499.0,2,1000,1,false
623,Munchies,Aashirvaad Atta,460.0,13,399.0,6,10000,10,false
624,Munchies,Popular Essentials Toor Dal (Un-Polished),160.0,6,149.0,4,1000,1,false
625,Munchies,Amul Ghee (Tin),520.0,2,509.0,6,1000,1,false
626,Munchies,Amul Fresh Cream,197.0,3,191.0,3,1000,1,false
627,Munchies,Popular Essentials Pure Jaggery,50.0,2,49.0,6,450,450,false
628,Munchies,Aashirvaad Multigrain Atta,64.0,3,62.0,2,1000,1,false
629,Munchies,Fortune Soyabean Oil,1005.0,0,999.0,6,5000,5,false
630,Munchies,Popular Essentials Sunflower Seeds,25.0,0,25.0,6,50,50,false
631,Munchies,Tata Sampann kabuli chana,185.0,1,183.0,4,1000,500,false
632,Munchies,Dhara Groundnut Oil (Pouch),230.0,11,203.0,6,1000,1,false
633,Munchies,Dhara Health Refined Sun Flower Oil Jar,1200.0,18,984.0,6,5000,5,false
634,Munchies,24 Mantra Organic Jaggery Powder,80.0,15,68.0,6,500,500,false
635,Munchies,Tata Sampann High Protien Kabuli Chana,94.0,0,94.0,1,500,500,false
636,Munchies,Dhara Kachi Ghani Mustard Oil Jar,1250.0,8,1143.0,6,5000,5,false
637,Munchies,D'lecta Dairy Cream,54.0,5,51.0,6,200,200,false
638,Munchies,Ching's Secret Instant Hot Garlic Noodles,15.0,0,15.0,3,60,60,false
639,Munchies,Dabur Ginger Garlic Paste,25.0,8,23.0,3,100,100,false
640,Munchies,Ching's Secret Instant Schezwan Noodles,15.0,0,15.0,6,60,60,false
641,Munchies,Gowardhan Ghee/Tuppa Jar,315.0,1,309.0,6,500,500,false
642,Munchies,Tata Sampann Unpolished Moong Dal,92.0,4,88.0,4,500,500,false
643,Munchies,Aashirvaad Select Atta,64.0,0,64.0,6,1000,1,false
644,Munchies,Popular Essentials Misri Dana (Diamond Sugar),15.0,0,15.0,4,100,100,false
645,Munchies,Gowardhan Ghee Jar,598.0,3,579.0,6,1000,1,false
646,Munchies,Top Ramen Noodles Curry Veg Pouch,20.0,0,20.0,1,70,70,false
647,Munchies,Popular Essentials Refined Sugar,60.0,0,60.0,6,1000,1,false
648,Munchies,Fortune Kachi Ghani Mustard Oil Bottle,216.0,7,199.0,6,1000,1,false
649,Munchies,Saffola Veggie Twist Masala Oats,15.0,0,15.0,6,38,38,false
650,Munchies,Satyam Puffed Rice Kurmura (R),23.0,0,23.0,6,200,200,false
651,Munchies,Quaker Oats,79.0,0,79.0,2,400,400,false
652,Munchies,Aashirvaad Select Sharbati Atta,315.0,10,283.0,6,5000,5,false
653,Munchies,Popular Essentials Refined Sugar,295.0,10,265.0,6,5000,5,false
654,Munchies,Gowardhan Cow Ghee Pouch,579.0,10,521.0,6,1000,1,false
655,Munchies,Dhara Nourish Refined Sunflower Oil Pouch,210.0,5,199.0,6,1000,1,false
656,Munchies,Parachute Oil,40.0,7,37.0,3,100,100,false
657,Munchies,Popular Essentials Plain Puffed Rice (Murmura/Muri),18.0,0,18.0,6,100,100,false
658,Munchies,Amul Mithai Mate Condensed Sweetened Milk,56.0,3,54.0,4,200,200,false
659,Munchies,Saffola Gold (Jar),1240.0,0,1240.0,6,5000,5,false
660,Munchies,McCain New Mini Samosa with Cheese Pizza Style Filling,120.0,1,118.0,3,240,240,false
661,Munchies,Fortune Rice Bran Health Oil (Jar),1050.0,1,1039.0,6,5000,5,false
662,Munchies,Arden Desi Eggs,110.0,13,95.0,4,348,6,false
663,Munchies,Fortune Rozana Basmati Rice,585.0,21,462.0,6,5000,5,false
664,Munchies,Fortune Biriyani Special Basmati Rice,175.0,0,175.0,5,1000,1,false
665,Munchies,Everest Garam Masala,78.0,7,72.0,5,100,100,false
666,Munchies,Popular Essentials Pumpkin Seeds,90.0,16,75.0,6,100,100,false
667,Munchies,Fortune Soya Health Refined Soybean Oil,210.0,1,206.0,2,1000,1,false
668,Munchies,Gowardhan Pure Ghee Pouch,295.0,4,281.0,6,500,500,false
669,Munchies,Popular Essentials Jeera/Cumin Seeds,40.0,5,38.0,3,100,100,false
670,Munchies,Weikfield Baking Soda,30.0,3,29.0,6,100,100,false
671,Munchies,Everest Pav Bhaji Masala,37.0,10,33.0,4,50,50,false
672,Munchies,Tata Sampann Unpolished Chana Dal,95.0,6,89.0,2,1000,500,false
673,Munchies,Amul Mithai Mate EOE Tin,112.0,2,109.0,6,400,400,false
674,Munchies,Pillsbury Chakki Fresh Atta,450.0,16,375.0,6,10000,10,false
675,Munchies,Everest Chicken Masala,39.0,2,38.0,1,50,50,false
676,Munchies,Dhara Life Refined Ricebran Oil (Pouch),205.0,7,190.0,6,1000,1,false
677,Munchies,Borges Extra Virgin Olive Oil,400.0,25,299.0,1,250,250,false
678,Munchies,Everest Shahi Biryani Masala,70.0,14,60.0,6,50,50,false
679,Munchies,Popular Essentials Californian Almond,350.0,28,251.0,6,250,250,false
680,Munchies,Popular Essentials Ajwain Whole,25.0,0,25.0,4,50,50,false
681,Munchies,Everest Tikhalal Chilli Powder,235.0,9,212.0,6,500,500,false
682,Munchies,Popular Essentials Kabuli Chana Regular,85.0,9,77.0,6,500,500,false
683,Munchies,Pillsbury Chakki Fresh Atta,52.0,0,52.0,4,1000,1,false
684,Munchies,Popular Essentials Saunf/Fennel Seeds,45.0,2,44.0,6,100,100,false
685,Munchies,Popular Essentials Bansi Sooji,35.0,2,34.0,3,500,500,false
686,Munchies,Happilo Premium International Queen Kalmi Dates,245.0,29,172.0,6,200,200,false
687,Munchies,Tata Sampann Unpolished Urad Whole,101.0,6,94.0,4,500,500,false
688,Munchies,Popular Essentials Cashew Split,325.0,12,283.0,6,250,250,false
689,Munchies,Popular Essentials Chana Dal (Un-Polished),60.0,10,54.0,6,500,500,false
690,Munchies,Tata Sampann Unpolished Rajma (Chitra),134.0,6,125.0,6,500,500,false
691,Munchies,Everest Garam Masala,42.0,2,41.0,2,50,50,false
692,Munchies,Everest Kitchen King Masala,70.0,14,60.0,2,100,100,false
693,Munchies,24 Mantra Organic Cumin,70.0,7,65.0,2,100,100,false
694,Munchies,Nestle Milkmaid,132.0,3,128.0,6,400,400,false
695,Munchies,Popular Essentials Sona Masouri Steam Rice,65.0,9,59.0,6,1000,1,false
696,Munchies,24 Mantra Organic Tur Dal,260.0,20,208.0,6,1000,1,false
697,Munchies,Gits Gulab Jamun Instant Dessert Mix,99.0,10,89.0,6,200,200,false
698,Munchies,Popular Essentials Black Masoor Whole (Un-Polished),65.0,10,58.0,3,500,500,false
699,Munchies,24 Mantra Organic Peanuts,135.0,7,125.0,1,500,500,false
700,Munchies,Everest Hingraj Powder,90.0,10,81.0,2,50,50,false
701,Munchies,Everest Black Pepper Powder,135.0,14,115.0,6,100,100,false
702,Munchies,Tata Sampann Masoor Dal Stand,150.0,10,134.0,4,1000,1,false
703,Munchies,24 Mantra Organic Besan,95.0,7,88.0,5,500,500,false
704,Munchies,Quaker Oats,199.0,7,184.0,6,1000,1,false
705,Munchies,Saffola Gold Refined Cooking Oil (Jar),485.0,7,449.0,6,2000,2,false
706,Munchies,Nestle Everyday Dairy Whitener,210.0,0,210.0,4,400,400,false
707,Munchies,24 Mantra Organic Red Poha,75.0,8,69.0,1,500,500,false
708,Munchies,Everest Powder - Tea Masala,98.0,9,89.0,5,100,100,false
709,Munchies,Tata Sampann Urad Dal Split,94.0,4,90.0,6,500,500,false
710,Munchies,Popular Essentials Idli Sooji,30.0,6,28.0,6,500,500,false
711,Munchies,Popular Essentials Dessicated Coconut,95.0,9,86.0,6,200,200,false
712,Munchies,Sunfeast Yippee! Mood Masala Noodles,60.0,28,43.0,3,260,260,false
713,Munchies,Chef's Basket Durum Wheat Elbow Pasta,160.0,50,80.0,6,500,500,false
714,Munchies,MTR Breakfast Khatta Meetha Poha Mix,25.0,20,20.0,6,60,60,false
715,Munchies,Satyam Khobra,113.0,10,101.0,5,200,200,false
716,Munchies,Betty Crocker Complete Pancake Mix Original,110.0,4,105.0,6,250,500,false
717,Munchies,Borges Durum Wheat Fusilli Pasta,250.0,0,250.0,3,500,500,false
718,Munchies,24 Mantra Organic Green Moong Dal - Split,135.0,0,135.0,2,500,500,false
719,Munchies,Weikfield Vanilla Flavoured Custard Powder,37.0,0,37.0,6,100,100,false
720,Munchies,Tata Sampann Moong Dal Split,180.0,1,178.0,5,1000,200,false
721,Munchies,Tata Sampann Kala Chana,64.0,0,64.0,5,500,500,false
722,Munchies,Saffola Soya Chunks Mealmaker,50.0,0,50.0,2,200,200,false
723,Munchies,24 Mantra Bura Sugar (Demerara),80.0,10,72.0,6,500,500,false
724,Munchies,Popular Essentials Green Cardamom (Elaichi),200.0,1,198.0,6,50,50,false
725,Munchies,Hershey's Syrup Delicious Strawberry,95.0,0,95.0,1,200,200,false
726,Munchies,Popular Essentials Anjeer,190.0,11,169.0,4,100,100,false
727,Munchies,Popular Essentials Mustard Seeds Rai Small,20.0,0,20.0,2,100,100,false
728,Munchies,Weikfield Baking Powder,33.0,3,32.0,6,100,100,false
729,Munchies,Dabur Honey Squeezy,185.0,9,167.0,6,225,225,false
730,Munchies,Tata Sampann High Protein Kali Urad,91.0,14,78.0,6,500,500,false
731,Munchies,Everest Kitchen King Masala,37.0,2,36.0,6,50,50,false
732,Munchies,Chef's Basket Durum Wheat Fusilli Pasta,160.0,50,80.0,6,500,500,false
733,Munchies,TilSona Til Oil,180.0,10,162.0,2,500,500,false
734,Munchies,Top Ramen Chicken Noodles,60.0,10,54.0,1,280,280,false
735,Munchies,Everest Chaat Masala,35.0,2,34.0,1,50,50,false
736,Munchies,Keya Wonder Red Hot Chilli Flakes,89.0,10,80.0,2,40,40,false
737,Munchies,Popular Essentials White Peas (Un-Polished),80.0,10,72.0,5,500,500,false
738,Munchies,Ching's Secret Chowmein Hakka Noodles Masala,44.0,0,44.0,2,60,60,false
739,Munchies,Dhara Filtered Groundnut Oil (Jar),1050.0,1,1035.0,6,5000,5,false
740,Munchies,Pillsbury Choco Chip Pancake Mix,99.0,5,94.0,6,165,165,false
741,Munchies,Hershey's Caramel Syrup,230.0,0,230.0,1,623,623,false
742,Munchies,Pillsbury Multi Grain Atta,60.0,6,56.0,3,1000,1,false
743,Munchies,McCain New Mini Samosa with Cheese Corn Style Filling,120.0,1,118.0,2,240,240,false
744,Munchies,Satyam Puffed Rice Kurmura (A),43.0,0,43.0,6,200,200,false
745,Munchies,MTR 3 Min Poha,25.0,0,25.0,6,60,60,false
746,Munchies,Ching's Manchurian Instant Noodles,15.0,0,15.0,5,60,60,false
747,Munchies,Everest Pav Bhaji Masala,70.0,0,70.0,2,100,100,false
748,Munchies,Hershey's Chocolate Flavour Syrup,220.0,6,205.0,6,623,680,false
749,Munchies,Popular Essentials Dhania (Coriander Seeds),55.0,16,46.0,4,200,200,false
750,Munchies,24 Mantra Red Chilly Whole,70.0,7,65.0,1,100,100,false
751,Munchies,Dabur Honey - World's No.1,120.0,0,120.0,6,250,250,false
752,Munchies,24 Mantra Organic Puffed Rice,40.0,2,39.0,6,200,200,false
753,Munchies,24 Mantra Organic Wheat Daliya,48.0,2,47.0,2,500,500,false
754,Munchies,24 Mantra Organic Ragi Flour,65.0,20,52.0,4,500,500,false
755,Munchies,Popular Essentials Cinnamon Whole (Dalchini),35.0,5,33.0,6,25,25,false
756,Munchies,Sundrop Super Lite Advanced - Sunflower Oil,215.0,0,215.0,4,1000,1,false
757,Munchies,Pillsbury Atta/Godihittu - Chakki Fresh,102.0,7,94.0,4,2000,2,false
758,Munchies,Popular Essentials Green Moong Chilka/Chilka (Un-Polished),85.0,7,79.0,5,500,500,false
759,Munchies,Popular Essentials HMT Kolam Steam,75.0,0,75.0,3,1000,1,false
760,Munchies,Popular Essentials Black Urad Split,80.0,10,72.0,4,500,500,false
761,Munchies,Keya Oregano,109.0,10,98.0,5,9,9,false
762,Munchies,Popular Essentials Pink Rajma,100.0,10,90.0,6,500,500,false
763,Munchies,Everest Chicken Masala,74.0,2,72.0,6,100,100,false
764,Munchies,Popular Essentials HMT Kolam Steam,370.0,10,333.0,6,5000,5,false
765,Munchies,Everest Shahi Paneer Masala,42.0,4,40.0,5,50,50,false
766,Munchies,Godrej Yummiez Chicken Nuggets,325.0,9,293.0,1,500,500,false
767,Munchies,Flying Bird Vanilla Essence,35.0,2,34.0,6,20,20,false
768,Munchies,Everest Sabji Masala,30.0,3,29.0,6,50,50,false
769,Munchies,Popular Essentials Californian Almond,695.0,32,470.0,6,500,500,false
770,Munchies,Cornitos Cornitos Taco Shells - 4 Inches,110.0,20,88.0,6,80,80,false
771,Munchies,Everest Rajma Masala,33.0,3,32.0,5,50,50,false
772,Munchies,Popular Essentials White Til,40.0,5,38.0,1,100,100,false
773,Munchies,Amul Dark Compound Chocolate Slab,125.0,2,122.0,6,500,500,false
774,Munchies,Mothers Recipe Papad Chana Masala,79.0,10,71.0,6,200,200,false
775,Munchies,Ching's Schezwan Masala Instant Noodles,60.0,0,60.0,1,240,240,false
776,Munchies,Amul Milk Compound Chocolate Slab,110.0,2,107.0,6,500,500,false
777,Munchies,Eastern Chicken Masala,70.0,7,65.0,3,100,100,false
778,Munchies,Popular Essentials Methi Seeds,25.0,0,25.0,5,100,100,false
779,Munchies,Saffola Yummy Masala Noodles,20.0,0,20.0,2,46,46,false
780,Munchies,Cadbury Hot Chocolate,175.0,5,166.0,6,200,200,false
781,Munchies,Ching's Chicken Chilli Masala,10.0,0,10.0,6,20,20,false
782,Munchies,Dabur Keora water - Authentic flavour for Biryani's and Desserts,62.0,6,58.0,6,250,250,false
783,Munchies,Popular Essentials Black Cardamom/Elaichi,100.0,10,90.0,6,50,50,false
784,Munchies,Popular Essentials Idli Rice,60.0,10,54.0,4,1000,1,false
785,Munchies,Everest Chole Masala,33.0,3,32.0,1,50,50,false
786,Munchies,Dabur Hommade Tamarind Paste,48.0,6,45.0,6,200,200,false
787,Munchies,"Maggi Magic Cubes, Vegetarian Masala (Free 2 Cubes Inside)",35.0,2,34.0,6,48,48,false
788,Munchies,Popular Essentials Cooking Soda,30.0,10,27.0,6,200,200,false
789,Munchies,RRO Primio Refined Groundnut Oil Pet Bottle,255.0,6,239.0,2,1000,1,false
790,Munchies,Everest Pani Puri Masala,31.0,3,30.0,6,50,50,false
791,Munchies,Nissin Cup Noodles Tangy Tomato,50.0,10,45.0,2,70,70,false
792,Munchies,Ching's Veg Manchurian Masala,10.0,0,10.0,2,20,20,false
793,Munchies,Ceres Foods Fish Mustard Instant Liquid Masala,220.0,50,110.0,6,200,200,false
794,Munchies,Everest Garam Masala,158.0,10,142.0,6,200,200,false
795,Munchies,24 Mantra Organic Jowar Flour,70.0,7,65.0,6,500,500,false
796,Munchies,Maggi Coconut Milkpowder,100.0,0,100.0,6,100,100,false
797,Munchies,On1y Pepper Grinder,159.0,9,144.0,1,50,50,false
798,Munchies,Popular Essentials Rice Flour,60.0,0,60.0,3,1000,1,false
799,Munchies,Sunfeast Yippee! Pasta Treat - Sour Cream Onion,28.0,10,25.0,1,65,65,false
800,Munchies,24 Mantra Organic Brown Sona Masoori Rice,95.0,0,95.0,6,1000,1,false
801,Munchies,Happilo Premium Afghani Anjeer,365.0,29,256.0,2,200,200,false
802,Munchies,Popular Essentials Chiroti Sooji,35.0,2,34.0,6,500,500,false
803,Munchies,RRO Til Dil Premium Til Oil Bottle,330.0,10,294.0,5,1000,1,false
804,Munchies,Popular Essentials Red Rajma,90.0,10,81.0,6,500,500,false
805,Munchies,Cornitos Peanut - Premium Salted,120.0,10,108.0,6,150,150,false
806,Munchies,Popular Essentials Black Pepper,100.0,10,90.0,5,100,100,false
807,Munchies,24 Mantra Organic Tur Dal - Split,130.0,7,120.0,6,500,500,false
808,Munchies,Sugarfree Gold Low Calorie Sweetner,65.0,6,61.0,3,110,100,false
809,Munchies,Ching's Secret Paneer Chilli Masala,10.0,0,10.0,2,20,20,false
810,Munchies,Dabur Honey,220.0,7,204.0,3,500,500,false
811,Munchies,Sunfeast Yippee! Pasta Treat - Sour Cream Onion,28.0,17,23.0,3,65,65,false
812,Munchies,Everest Tea Masala,55.0,9,50.0,2,50,50,false
813,Munchies,Ching's Paneer Chilli Masala,44.0,0,44.0,4,60,60,false
814,Munchies,Sunfeast YiPPee! Magic Masala Noodles,70.0,10,63.0,3,405,405,false
815,Munchies,Everest Meat Masala Powder,74.0,9,67.0,3,100,100,false
816,Munchies,Pillsbury Atta With Multigrains Wheat Grains,295.0,16,245.0,6,5000,5,false
817,Munchies,Mother's Recipe Tamarind Paste,50.0,2,49.0,6,200,200,false
818,Munchies,Quaker Oats Breakfast Cereals - With Flavour Mix Nutritious Rich Source Of Energy,49.0,8,45.0,6,200,200,false
819,Munchies,Popular Essentials Cloves (Lavang),75.0,17,62.0,6,50,50,false
820,Munchies,Sunfeast Yippee! Power Up Atta Noodles,96.0,15,81.0,6,280,280,false
821,Munchies,Suhana Paneer Tikka Masala Mix,40.0,5,38.0,6,50,50,false
822,Munchies,24 Mantra Turmeric Powder,35.0,2,34.0,6,100,100,false
823,Munchies,24 Mantra Super Grain Quinoa,190.0,0,190.0,4,500,500,false
824,Munchies,Everest Powder - Egg Curry Masala,40.0,2,39.0,6,50,50,false
825,Munchies,Popular Essentials Pe Shah Jeera,60.0,15,51.0,6,50,50,false
826,Munchies,24 Mantra Organic Sattu Atta,95.0,0,95.0,6,500,500,false
827,Munchies,Smith & Jones Pasta Masala,46.0,0,46.0,6,54,54,false
828,Munchies,Weikfield Vanilla Custard Powder,142.0,9,128.0,3,500,500,false
829,Munchies,Sugarfree Natura Low Calorie Sweetner,300.0,10,270.0,3,42,42,false
830,Munchies,Pillsbury Vanilla Custard Powder,37.0,2,36.0,6,100,100,false
831,Munchies,24 Mantra Organic Rajma,145.0,0,145.0,6,500,500,false
832,Munchies,Popular Essentials Broken Wheat/Daliya,35.0,2,34.0,6,500,500,false
833,Munchies,Zorabian Chicken Smoked Ham,205.0,5,194.0,1,250,250,false
834,Munchies,Smith & Jones Peri Peri Masala,99.0,0,99.0,6,75,75,false
835,Munchies,Saffola Veggie Twist Masala Oats,195.0,12,171.0,2,500,500,false
836,Munchies,Popular Essentials Urad Dal Split (Un-Polished),85.0,9,77.0,5,500,500,false
837,Munchies,Weikfield Baking Powder,22.0,0,22.0,6,50,50,false
838,Munchies,Popular Essentials Bajra Whole,65.0,13,56.0,6,1000,1,false
839,Munchies,Weikfield Veg Jelly Crystals - Strawberry,45.0,2,44.0,6,90,90,false
840,Munchies,Weikfield Veg Jelly Crystals - Raspberry,45.0,2,44.0,6,90,90,false
841,Munchies,Popular Essentials Masoor Dal Split (Un-Polished),70.0,10,63.0,4,500,500,false
842,Munchies,Popular Essentials Ajwain Whole,50.0,12,44.0,2,100,100,false
843,Munchies,Popular Essentials Pista Salted (With Shell),470.0,21,371.0,5,250,250,false
844,Munchies,The Bake Shop Bread Crumbs,50.0,6,47.0,3,400,400,false
845,Munchies,Popular Essentials Horse Gram,40.0,10,36.0,4,500,500,false
846,Munchies,Hershey's Chocolate Syrup,95.0,0,95.0,4,200,200,false
847,Munchies,Godrej Yummiez Chilli Chicken Sausages,160.0,10,144.0,3,250,250,false
848,Munchies,Everest Kasuri Methi,25.0,0,25.0,6,25,25,false
849,Munchies,Satyam Makhana,208.0,0,208.0,6,100,100,false
850,Munchies,Everest Tandoori Chicken Masala,39.0,2,38.0,5,50,50,false
851,Munchies,Weikfield Falooda Mix - Kesar Pista,49.0,2,48.0,3,200,200,false
852,Munchies,Weikfield Cocoa Powder,70.0,7,65.0,6,50,50,false
853,Munchies,Pantai Coconut Cream,150.0,4,143.0,4,400,400,false
854,Munchies,Popular Essentials Coriander Seeds,15.0,0,15.0,5,50,50,false
855,Munchies,Ching's Singapore Curry Instant Noodles,60.0,0,60.0,4,240,240,false
856,Munchies,Eastern Fish Masala,48.0,2,47.0,5,100,100,false
857,Munchies,Pillsbury Atta/Godihittu - Chakki Fresh,275.0,0,275.0,6,5000,5,false
858,Munchies,"Oleev Smart Oil Fortified with VIT A, D, E & K (Pouch)",215.0,9,194.0,4,1000,1,false
859,Munchies,Everest Dry Ginger Powder,75.0,9,68.0,4,100,100,false
860,Munchies,Pillsbury Cooker Cake Mix - Choco,100.0,11,89.0,6,159,159,false
861,Munchies,Hersheys Chocolate Almond Syrup,200.0,0,200.0,2,450,450,false
862,Munchies,Satyam Nighties Spices Chilli Pandi,56.0,7,52.0,5,100,100,false
863,Munchies,Popular Essentials Popular Essential Pista Salted (With Shell),190.0,10,171.0,6,100,100,false
864,Munchies,Godrej Yummiez Chicken Punjabi Tikka,295.0,9,266.0,6,360,360,false
865,Munchies,Popular Essentials Rozana Sona Masuri Raw Rice,350.0,10,312.0,5,5000,5,false
866,Munchies,24 Mantra Mustard Oil (Cold Pressed),350.0,10,312.0,6,1000,1,false
867,Munchies,24 Mantra Organic Black Pepper,170.0,7,157.0,6,100,100,false
868,Munchies,Popular Essentials Green Moong Whole,90.0,16,75.0,3,500,500,false
869,Munchies,24 Mantra Organic Masoor Dal - Split,95.0,7,88.0,6,500,500,false
870,Munchies,Praakritik Organic Natural Rock Salt,60.0,6,56.0,3,500,500,false
871,Munchies,24 Mantra Sunflower Oil (Cold Pressed) Pet Bottle,390.0,11,347.0,5,1000,1,false
872,Munchies,"Ching's Secret Instant Noodles, Hot Garlic",60.0,0,60.0,4,240,240,false
873,Munchies,Saffola Everyday Peppy Tomato Masala Oats,195.0,12,171.0,6,500,500,false
874,Munchies,Dabur 100% Pure Honey - Worlds No.1,430.0,10,387.0,6,1000,1,false
875,Munchies,Popular Essentials Star Anise,70.0,10,63.0,5,25,25,false
876,Munchies,Ching's Secret Chicken 65 Masala - Chicken,10.0,0,10.0,5,20,20,false
877,Munchies,Cadbury Cocoa Powder,223.0,5,211.0,6,150,150,false
878,Munchies,Praakritik Natural Desi Gir Cow A2 Ghee,1450.0,10,1305.0,6,540,540,false
879,Munchies,Praakritik Organic Poha,120.0,6,112.0,5,500,500,false
880,Munchies,Praakritik Organic Natural Wild Forest Honey,160.0,6,150.0,4,200,200,false
881,Munchies,Popular Essentials Dry Dates (Kharak),140.0,15,118.0,6,250,250,false
882,Munchies,Popular Essentials Kashmiri Red Rajma,95.0,6,89.0,4,500,500,false
883,Munchies,Dabur Hommade - Garlic Paste,50.0,6,47.0,6,200,200,false
884,Munchies,Dabur 100% Pure Honey,330.0,10,297.0,1,400,400,false
885,Munchies,Ching's Schezwan Fried Rice(Miracle Masala),44.0,0,44.0,5,60,60,false
886,Munchies,"Maggi Magic Cubes, Vegetarian Masala",35.0,2,34.0,1,40,40,false
887,Munchies,Everest Tandoori Chicken Masala,74.0,9,67.0,3,100,100,false
888,Munchies,Popular Essentials Red Poha,45.0,4,43.0,6,500,500,false
889,Munchies,Everest Kitchen King Masala,142.0,9,128.0,6,200,200,false
890,Munchies,Pillsbury Oven Cake Mix - Rich Chocolate,165.0,10,147.0,5,285,285,false
891,Munchies,Eastern Super Garam Masala,74.0,6,69.0,2,200,200,false
892,Munchies,Maggi Magic Cubes Extra Chicken,40.0,2,39.0,6,48,48,false
893,Munchies,Satyam Nighties Spices Chilli Kashmiri,102.0,6,95.0,6,100,100,false
894,Munchies,Eastern Cumin Powder,49.0,2,48.0,6,100,100,false
895,Munchies,Popular Essentials Urad Gola White(Un-Polished),90.0,10,81.0,6,500,500,false
896,Munchies,24 Mantra Organic Chana Dal,95.0,6,89.0,5,500,500,false
897,Munchies,Delight Nuts Cashew Roasted & Salted,425.0,20,340.0,6,200,200,false
898,Munchies,Popular Essentials Mace/Javitri,90.0,10,81.0,3,20,20,false
899,Munchies,Dlicia Whip Topping Bottle,235.0,27,171.0,5,1000,1,false
900,Munchies,Mother's Recipe Paste Ginger & Garlic,76.0,10,68.0,4,300,300,false
901,Munchies,24 Mantra Groundnut Oil (Cold Pressed) Pet Bottle,410.0,10,369.0,6,1000,1,false
902,Munchies,Satyam Pulses Masur Dal,87.0,6,81.0,6,500,500,false
903,Munchies,Delight Nuts Pista Roasted & Salted,425.0,20,340.0,6,200,200,false
904,Munchies,"Top Ramen Noodles, Atta",80.0,0,80.0,1,280,280,false
905,Munchies,Hershey's Cocoa Powder,95.0,0,95.0,5,70,70,false
906,Munchies,Praakritik Organic Singhara Atta,240.0,6,225.0,4,500,500,false
907,Munchies,Gits Veg Biryani Ready to Eat,110.0,10,99.0,6,265,265,false
908,Munchies,Delight Nuts Cranberries Sliced,299.0,20,239.0,6,200,200,false
909,Munchies,Borges Durum Wheat Pasta Superior Quality,250.0,40,149.0,6,500,500,false
910,Munchies,Ceres Foods Laal Maas Instant Liquid Masala,220.0,50,110.0,5,200,200,false
911,Munchies,Popular Essentials Sattu Atta,90.0,12,79.0,3,500,500,false
912,Munchies,Popular Essentials Mustard Seeds Rai Yellow,25.0,0,25.0,5,100,100,false
913,Munchies,Praakritik Organic Extra Virgin Coconut Oil,150.0,10,134.0,5,100,100,false
914,Munchies,Praakritik Organic Garlic Powder,110.0,1,108.0,5,100,100,false
915,Munchies,Sugarfree Gold Low Calorie Sweetner,125.0,5,118.0,6,100,100,false
916,Munchies,Aashirvaad Breakfast Instant Mix - Rice Idli,75.0,30,52.0,6,200,200,false
917,Munchies,Kitchens Of India Mutter Paneer,130.0,4,124.0,6,285,285,false
918,Munchies,Ching's Secret Veg Manchurian Masala,44.0,0,44.0,6,60,60,false
919,Munchies,Popular Essentials Jowa Flour,50.0,2,49.0,5,500,500,false
920,Munchies,Everest Shahi Biryani Masala,245.0,0,245.0,6,200,200,false
921,Munchies,Popular Essentials Black Til,50.0,6,47.0,4,100,100,false
922,Munchies,Popular Essentials Pancharatna Dal,80.0,10,72.0,6,500,500,false
923,Munchies,Saffola 100% Pure Honey,475.0,8,437.0,2,1000,750,false
924,Munchies,Popular Essentials Tamarind,150.0,14,128.0,6,500,500,false
925,Munchies,Gits Rice Dosa Instant Breakfast Mix,60.0,5,57.0,5,200,200,false
926,Munchies,Popular Essentials Poppy Seeds (Gasagase),280.0,7,260.0,6,100,100,false
927,Munchies,Hershey's Hot Chocolate Powder,210.0,0,210.0,4,250,250,false
928,Munchies,Borges Farfalle Durum Wheat Pasta,250.0,0,250.0,5,500,500,false
929,Munchies,Satyam Chilli Bedgi,82.0,10,73.0,5,100,100,false
930,Munchies,Aashirvaad Instant Mix - Rice Dosa,75.0,30,52.0,6,200,200,false
931,Munchies,Hershey's Cocoa - Natural Unsweetened,270.0,10,243.0,4,225,225,false
932,Munchies,Weikfield Veg Jelly Crystals - Mango,45.0,2,44.0,6,90,90,false
933,Munchies,Praakritik Orrganic Cold Pressed Sesame Oil,130.0,10,117.0,5,100,100,false
934,Munchies,Amulya Dairy Whitener,380.0,2,372.0,4,1000,1,false
935,Munchies,ITC Master Chef Hyderabadi Biryani,75.0,30,52.0,5,80,80,false
936,Munchies,Flying Bird Butter Scotch Essence,50.0,2,49.0,6,20,20,false
937,Munchies,Dabur Hommade - Ginger Paste,50.0,6,47.0,6,200,200,false
938,Munchies,Popular Essentials Green Peas (Un-Polished),120.0,10,108.0,5,500,500,false
939,Munchies,Quaker Oats Pouch,276.0,10,248.0,6,1500,1,false
940,Munchies,24 Mantra Organic Urad White Whole,145.0,15,122.0,4,500,500,false
941,Munchies,Popular Essentials Guntur Chilli Stemless,40.0,2,39.0,2,100,100,false
942,Munchies,Popular Essentials Moth Whole,90.0,10,81.0,6,500,500,false
943,Munchies,Keya Pizza Seasoning,109.0,17,90.0,6,45,45,false
944,Munchies,Keya Piri Piri | Exotic Spices Mix,109.0,20,87.0,6,80,80,false
945,Munchies,24 Mantra Organic Moong Dal,135.0,7,125.0,6,500,500,false
946,Munchies,Betty Crocker French Vanilla Cake Mix,310.0,10,276.0,6,520,520,false
947,Munchies,Delight Nuts Dried Cranberries,340.0,20,272.0,6,200,200,false
948,Munchies,Everest Kesari Milk Masala,205.0,0,205.0,2,50,50,false
949,Munchies,Tong Garden Salted Cocktail Nuts,295.0,9,266.0,5,160,160,false
950,Munchies,MTR Uttapam Mix,165.0,5,156.0,6,500,500,false
951,Munchies,Gits Khaman Dhokla Instant Snack Mix,65.0,6,61.0,6,180,180,false
952,Munchies,Happilo Premium 100% Natural Whole Cashews,335.0,29,235.0,6,200,200,false
953,Munchies,Everest Dry Mango Powder,80.0,0,80.0,5,100,100,false
954,Munchies,Dabur Hommade - Ginger Garlic Past Tub,110.0,5,104.0,6,400,400,false
955,Munchies,Everest Chicken Masala,147.0,10,132.0,6,200,200,false
956,Munchies,Gits Medu Vada Instant Snack Mix,90.0,4,86.0,6,200,200,false
957,Munchies,Weikfield Drinking Chocolate Powder,65.0,10,58.0,6,100,100,false
958,Munchies,Popular Essentials Regular White Lobia,70.0,10,63.0,6,500,500,false
959,Munchies,Puro Healthy Salt Crystal,135.0,7,125.0,6,1000,1,false
960,Munchies,Popular Essentials Premium Jeera Rice,140.0,0,140.0,5,1000,1,false
961,Munchies,Smith & Jones Shahi Paneer Masala Mix,44.0,0,44.0,6,60,60,false
962,Munchies,Betty Crocker Mug Treats - Chocolate Mix - Pack of 4,200.0,11,178.0,6,264,264,false
963,Munchies,Smith & Jones Pasta Masala,60.0,10,54.0,5,108,108,false
964,Munchies,Catch Black Pepper Sprinkler,100.0,0,100.0,1,50,50,false
965,Munchies,Weikfield Cooker Cake Mix - Chocolate,95.0,6,89.0,6,150,150,false
966,Munchies,ITC Master Chef Butter Chicken,75.0,30,52.0,6,80,80,false
967,Munchies,Masala Oats Masala & Coriander,195.0,9,176.0,5,500,500,false
968,Munchies,Smith & Jones Mutter Paneer Masala,42.0,0,42.0,6,60,60,false
969,Munchies,Kitchens of India Dal Bukhara Gravy Mix,110.0,30,77.0,6,285,285,false
970,Munchies,Popular Essentials Fried Gram (Bengal Gram),70.0,10,63.0,6,500,500,false
971,Munchies,Gits Jalebi with Maker Dessert Mix,75.0,16,63.0,6,100,100,false
972,Munchies,Popular Essentials Soya Beans,80.0,6,75.0,6,500,500,false
973,Munchies,24 Mantra Organic Roasted Bengal Gram Dal,105.0,7,97.0,6,500,500,false
974,Munchies,Keya Italian Seasoning,109.0,10,98.0,6,35,35,false
975,Munchies,MTR Idli/Dosa/Chilly Chutney Powder,115.0,0,115.0,3,200,200,false
976,Munchies,Delight Nuts Trail Mix,399.0,25,299.0,6,200,200,false
977,Munchies,Praakritik Organic Chilka Moong Dal,120.0,10,108.0,6,500,500,false
978,Munchies,Smith & Jones Garlic & Herbs Masala Mix,99.0,0,99.0,6,75,75,false
979,Munchies,Eastern Tamarind,63.0,0,63.0,6,200,200,false
980,Munchies,Tong Garden Wasabi Coated Greenpeas Tin,200.0,11,178.0,6,180,180,false
981,Munchies,Flying Bird Pineapple Artifical Food Essence,50.0,2,49.0,6,20,20,false
982,Munchies,Mother's Recipe Tamarind Paste,50.0,2,49.0,2,200,200,false
983,Munchies,Japanese Choice Udon Noodles,295.0,9,266.0,6,250,250,false
984,Munchies,Pantai Coconut Milk,150.0,0,150.0,4,400,400,false
985,Munchies,Praakritik Organic Masoor Dal,130.0,10,116.0,6,500,500,false
986,Munchies,Popular Essentials Classic Sona Masuri Rice,430.0,10,387.0,6,5000,5,false
987,Munchies,Popular Essentials Salted Murmure,70.0,18,57.0,6,400,400,false
988,Munchies,Oleev Active Oil (Pouch),265.0,9,239.0,6,1000,1,false
989,Munchies,Delight Nuts Dried Blueberries,540.0,20,432.0,6,150,150,false
990,Munchies,Popular Essentials Double Beans White,60.0,10,54.0,6,250,250,false
991,Munchies,Delight Nuts Almond Natural,349.0,20,279.0,6,200,200,false
992,Munchies,Praakritik Organic Jaggery,160.0,6,150.0,6,900,900,false
993,Munchies,Praakritik Organic Raw Sugar,90.0,6,84.0,6,500,500,false
994,Munchies,MTR Masala - Sambar Powder,115.0,0,115.0,4,200,200,false
995,Munchies,RRO Til Dil Premium Til Oil Bottle,173.0,6,162.0,6,500,500,false
996,Munchies,ITC Master Chef Vegetable Biryani Cooking Paste,75.0,30,52.0,5,80,80,false
997,Munchies,Jivana Jaggery,100.0,0,100.0,2,950,950,false
998,Munchies,Praakritik Organic Besan,170.0,6,159.0,6,500,500,false
999,Munchies,MTR Instant Gulab Jamun Mix,195.0,9,176.0,6,500,500,false
1000,Munchies,Maggi Magic Cubes Extra Chicken,199.0,0,199.0,2,240,240,false
1001,Munchies,On1y Mixed Herbs,99.0,0,99.0,6,14,14,false
1002,Munchies,Popular Essentials Urad Gola Black (Un-Polished),80.0,10,72.0,6,500,500,false
1003,Munchies,Gits Dessert Mix China Grass Bombay Halwa,55.0,0,55.0,4,80,80,false
1004,Munchies,Praakritik Organic Basmati Rice,170.0,0,170.0,5,500,500,false
1005,Munchies,Ceres Foods Nalli Nihari Instant Liquid Masala,220.0,50,110.0,6,200,200,false
1006,Munchies,Borges Canola Oil Pet Bottle,399.0,0,399.0,6,1000,1,false
1007,Munchies,Suhana Biryani Masala,66.0,0,66.0,6,50,50,false
1008,Munchies,On1y Black Salt Grinder,99.0,0,99.0,6,100,100,false
1009,Munchies,Popular Essentials Nylon Til,40.0,2,39.0,6,100,100,false
1010,Munchies,Pillsbury Rich Choco Oven Cake Mix - Egg Free,170.0,6,159.0,6,270,270,false
1011,Munchies,Weikfield Tomato Salsa Instant Pasta,25.0,0,25.0,1,77,77,false
1012,Munchies,Praakritik Organic Jowar Atta,110.0,6,103.0,6,500,500,false
1013,Munchies,Sugarfree Gold Low Calorie Sweetner,270.0,7,251.0,6,50,50,false
1014,Munchies,Epicurea Thai Jasmine Rice,295.0,0,295.0,4,500,500,false
1015,Munchies,Yummiez Chicken Garlic Fingers Pouch,250.0,0,250.0,5,400,400,false
1016,Munchies,RRO Primio Refined Groundnut (Jar),490.0,11,436.0,6,2000,2,false
1017,Munchies,Praakritik Organic Tuvar Dal,140.0,0,140.0,6,500,500,false
1018,Munchies,Sugarfree Gold Low Calorie Sweetner,185.0,5,175.0,3,300,300,false
1019,Munchies,Cantina Beans Mexican Beans,250.0,14,213.0,6,410,410,false
1020,Munchies,Pillsbury Oven Cake Mix - Vanilla,175.0,10,156.0,6,225,225,false
1021,Munchies,Hershey's Chocolate Milk Booster,200.0,0,200.0,6,450,450,false
1022,Munchies,Popular Essentials Byadagi Chilli Stemless,80.0,0,80.0,6,100,100,false
1023,Munchies,Suhana Spice Mix - Chicken Biryani,66.0,0,66.0,6,50,50,false
1024,Munchies,Praakritik Organic Yellow Moon Dal,135.0,0,135.0,6,500,500,false
1025,Munchies,Maggi Magic Cubes Extra Chicken,199.0,10,179.0,6,240,240,false
1026,Munchies,Dhara Filtered Groundnut Oil (Jar),1050.0,0,1050.0,2,5000,5,false
1027,Munchies,24 Mantra Sona Masuri Brown Rice,475.0,10,423.0,6,5000,5,false
1028,Munchies,24 Mantra Organic Pancharatna Dal - Split,130.0,7,120.0,6,500,500,false
1029,Munchies,24 Mantra Organic Cumin Powder,70.0,0,70.0,6,100,100,false
1030,Munchies,Popular Essentials Samba Broken Wheat,100.0,11,89.0,6,500,500,false
1031,Munchies,Betty Crocker Chocolate Fudge Cake Mix,295.0,0,295.0,6,475,475,false
1032,Munchies,Borges Extra Light Olive Oil Bottle,2600.0,46,1399.0,6,2000,2,false
1033,Munchies,Flying Bird Premium Orange Artificial Food Essence,60.0,0,60.0,6,20,20,false
1034,Munchies,Popular Essentials Red Cherry/Gundu Chilli,95.0,0,95.0,6,100,100,false
1035,Munchies,Super Saver Kolam Rice Sortex Clean,700.0,10,630.0,3,5000,5,false
1036,Munchies,Flying Bird Food Essence - Kewra,50.0,0,50.0,6,20,20,false
1037,Munchies,MTR Vada Breakfast,200.0,0,200.0,1,500,500,false
1038,Munchies,On1y Pasta Seasoning,99.0,0,99.0,6,30,30,false
1039,Munchies,Praakritik Organic Indrayani Rice,70.0,0,70.0,6,500,500,false
1040,Munchies,On1y Pizza Seasoning,99.0,0,99.0,6,28,28,false
1041,Munchies,Kitchens of India Mutter Paneer Mix,120.0,30,84.0,4,285,285,false
1042,Munchies,Aashirvaad Svasti Cow Ghee Tetra Pack,295.0,0,295.0,6,500,500,false
1043,Munchies,Weikfield Cooker Cake Mix - Vanilla,95.0,0,95.0,6,150,150,false
1044,Munchies,Praakritik Organic Kapli Wheat Atta,165.0,10,147.0,6,1000,1,false
1045,Munchies,Epicurea Sushi Rice,295.0,0,295.0,6,500,500,false
1046,Munchies,Sugarfree Natural Green Stevia Leaves Zero Calorie,75.0,0,75.0,2,100,100,false
1047,Munchies,Smith & Jones Italian Spices Masala Mix,99.0,0,99.0,6,75,75,false
1048,Munchies,Satyam Nighties Spices Chilli Bore,89.0,10,80.0,6,100,100,false
1049,Munchies,Weikfield Veg Jelly Crystals - Orange,45.0,2,44.0,6,90,90,false
1050,Munchies,Praakritik Organic Jumbo Rolled Oats,190.0,11,169.0,6,500,500,false
1051,Munchies,On1y Sea Salt Grinder,89.0,0,89.0,6,100,100,false
1052,Munchies,Delight Nuts Berries Mix,399.0,20,319.0,6,200,200,false
1053,Munchies,Everest Kesari Milk Masala,205.0,0,205.0,6,50,20,false
1054,Munchies,Praakritik Organic Ginger Powder,139.0,10,125.0,6,100,100,false
1055,Munchies,Suhana Mutton Gravy Mix,45.0,0,45.0,4,80,80,false
1056,Munchies,On1y Salad Seasoning Grinder,139.0,0,139.0,6,45,45,false
1057,Munchies,Figaro Pure Olive Oil,325.0,8,299.0,1,200,200,false
1058,Munchies,Madhur Sugar,60.0,6,56.0,0,1000,1,true
1059,Munchies,Amul Fresh Cream,63.0,0,63.0,0,250,250,true
1060,Munchies,Madhur Pure And Hygienic Sugar,295.0,9,266.0,0,5000,5,true
1061,Munchies,Satyam Poha Jada,35.0,8,32.0,0,500,500,true
1062,Munchies,Aashirvaad Superior MP Whole Wheat Atta,53.0,1,52.0,0,1000,1,true
1063,Munchies,Fortune Soyabean Oil,210.0,13,181.0,0,1000,1,true
1064,Munchies,Maggi Masala Ae Magic,58.0,6,54.0,0,72,72,true
1065,Munchies,Aashirvaad Iodised Salt,22.0,13,19.0,0,1000,1,true
1066,Munchies,Maggi 2-Minute Instant Noodles - Masala,44.0,0,44.0,0,280,280,true
1067,Munchies,Popular Essentials Phool Makhana (Jumbo Size),150.0,14,128.0,0,100,100,true
1068,Munchies,Aashirvaad Atta With Mutigrains,315.0,8,287.0,0,5000,5,true
1069,Munchies,Tata Sampann Poha,44.0,6,41.0,0,500,500,true
1070,Munchies,Fortune Besan Flour,120.0,0,120.0,0,1000,1,true
1071,Munchies,Popular Essentials Toor Dal (Un-Polished),80.0,7,74.0,0,500,500,true
1072,Munchies,Everest Tikhalal Hot & Red Chilly Powder,47.0,2,46.0,0,100,100,true
1073,Munchies,Popular Essentials Chia Seeds,50.0,2,49.0,0,100,100,true
1074,Munchies,Tata Sampann Unpolished Toor Dal/Arhar Dal,179.0,1,177.0,0,1000,200,true
1075,Munchies,Everest Coriander Powder,32.0,3,31.0,0,100,100,true
1076,Munchies,Satyam Thin Poha Patla,38.0,7,35.0,0,500,500,true
1077,Munchies,Popular Essentials Sona Masouri Raw Rice,75.0,0,75.0,0,1000,1,true
1078,Munchies,Tata Sampann High Protien Chana Dal - Split,64.0,0,64.0,0,500,500,true
1079,Munchies,Satyam Singdana,119.0,6,111.0,0,500,500,true
1080,Munchies,Tata Sampann Moong Chilka,88.0,6,82.0,0,500,500,true
1081,Munchies,Tata Sampann High Protien Toor Dal - Split,91.0,2,89.0,0,500,500,true
1082,Munchies,Ching's Chow Mein Hakka Noodles Masala,10.0,0,10.0,0,20,20,true
1083,Munchies,Everest Chat Masala,65.0,9,59.0,0,100,100,true
1084,Munchies,Popular Essentials Black Brown Chana (Un-Polished),55.0,9,50.0,0,500,500,true
1085,Munchies,Dabur Ginger Garlic Paste,50.0,6,47.0,0,200,200,true
1086,Munchies,Ching's Secret Veg Hakka Noodles,107.0,0,107.0,0,600,600,true
1087,Munchies,Saffola Oats 100 % Natural,15.0,0,15.0,0,38,38,true
1088,Munchies,Everest Kashmiri Lal Chilli Powder,310.0,10,279.0,0,500,500,true
1089,Munchies,Popular Essentials Black Raisins Seedless,60.0,10,54.0,0,100,100,true
1090,Munchies,Daawat Rozana Super Basmati Rice,79.0,0,79.0,0,1000,1,true
1091,Munchies,Everest Cumin Powder (Jeera),30.0,3,29.0,0,50,50,true
1092,Munchies,Everest Sambhar Masala,34.0,2,33.0,0,50,50,true
1093,Munchies,Maggi Chilly Chow Cuppa Noodles,50.0,0,50.0,0,70,70,true
1094,Munchies,Popular Essentials Mustard Seeds Rai Big,20.0,0,20.0,0,100,100,true
1095,Munchies,Patanjali Cow's Ghee,565.0,0,565.0,0,1000,1,true
1096,Munchies,Everest Amchur Powder,42.0,2,41.0,0,50,50,true
1097,Munchies,Daawat Super Basmati Rice,185.0,8,169.0,0,1000,1,true
1098,Munchies,Popular Essentials Sabudana,60.0,10,54.0,0,500,500,true
1099,Munchies,Popular Essentials Brown Sugar,40.0,0,40.0,0,500,500,true
1100,Munchies,Everest Coriander Powder,70.0,10,63.0,0,200,200,true
1101,Munchies,Sunfeast YiPPee! Magic Masala Noodles,48.0,6,45.0,0,240,240,true
1102,Munchies,Tata Tea Gold,35.0,0,35.0,0,100,200,true
1103,Munchies,Daawat Rozana Gold Basmati Rice,90.0,1,89.0,0,1000,1,true
1104,Munchies,Top Ramen Masala,91.0,9,82.0,0,560,560,true
1105,Munchies,Everest Turmeric Powder,67.0,10,60.0,0,200,200,true
1106,Munchies,Popular Essentials Buckwheat Flour (Kuttu Atta),125.0,9,113.0,0,500,500,true
1107,Munchies,Keya Italian Pizza Oregano,109.0,11,97.0,0,80,80,true
1108,Munchies,Chef's Basket Durum Wheat Penne Pasta,160.0,50,80.0,0,500,500,true
1109,Munchies,Tata Sampann Kala Chana,125.0,0,125.0,0,1000,1,true
1110,Munchies,India Gate Basmati Rice,210.0,0,210.0,0,1000,1,true
1111,Munchies,24 Mantra Organic Whole Wheat Atta,64.0,7,59.0,0,1000,1,true
1112,Munchies,Zorabian Chicken Kheema Parathas,190.0,0,190.0,0,300,300,true
1113,Munchies,Sunfeast Pasta Treat Pack of Tomato Cheese,28.0,17,23.0,0,65,65,true
1114,Munchies,Sugarlite 50% Less Calories Sugar Pouch,99.0,40,59.0,0,500,500,true
1115,Munchies,Popular Essentials Sabja/Basil Seeds,60.0,15,51.0,0,100,100,true
1116,Munchies,Patanjali Pure Honey,95.0,0,95.0,0,250,250,true
1117,Munchies,Weikfield Falooda Mix - Mango,49.0,2,48.0,0,200,200,true
1118,Munchies,Pro Nature Organic Sonamasoori Brown Rice,102.0,7,94.0,0,1000,1,true
1119,Munchies,Maggi Special Masala Spicy Yummy Noodles,72.0,0,72.0,0,280,280,true
1120,Munchies,Godrej Yummiez Chicken Breakfast Salami,150.0,4,143.0,0,250,250,true
1121,Munchies,Everest Saffron Kesar,120.0,0,120.0,0,1,0,true
1122,"Dairy, Bread & Batter",Mother Dairy Toned Milk Pouch,25.0,0,25.0,4,500,500,false
1123,"Dairy, Bread & Batter",Mother Dairy Classic Curd,30.0,3,29.0,6,400,400,false
1124,"Dairy, Bread & Batter",Mother Dairy Ultra Full Cream Milk,31.0,0,31.0,4,500,500,false
1125,"Dairy, Bread & Batter",Amul Butter - Pasteurised,50.0,2,49.0,6,100,100,false
1126,"Dairy, Bread & Batter",Britannia Sandwich White Bread,33.0,0,33.0,4,350,350,false
1127,"Dairy, Bread & Batter",iD Curd Pouch,35.0,2,34.0,6,400,400,false
1128,"Dairy, Bread & Batter",iD Idli & Dosa Batter,80.0,15,68.0,6,1000,1,false
1129,"Dairy, Bread & Batter",Britannia 100% Whole Wheat Bread,45.0,0,45.0,4,450,450,false
1130,"Dairy, Bread & Batter",Britannia Healthy Slice Sandwich Bread,40.0,0,40.0,4,450,450,false
1131,"Dairy, Bread & Batter",Gowardhan Classic Block Fresh Paneer,89.0,8,81.0,6,200,200,false
1132,"Dairy, Bread & Batter",Amul Processed Cheese Cubes,106.0,4,101.0,6,200,200,false
1133,"Dairy, Bread & Batter",Britannia Pav,22.0,0,22.0,4,250,250,false
1134,"Dairy, Bread & Batter",Amul Butter - Pasteurised,245.0,2,240.0,6,500,500,false
1135,"Dairy, Bread & Batter",Arden Eggs White,97.0,0,97.0,4,696,12,false
1136,"Dairy, Bread & Batter",Arden Eggs White,65.0,15,55.0,4,348,6,false
1137,"Dairy, Bread & Batter",Nestle A+ Nourish Dahi,35.0,2,34.0,6,200,200,false
1138,"Dairy, Bread & Batter",Britannia Burger Bun with Sesame Seed,15.0,0,15.0,4,100,100,false
1139,"Dairy, Bread & Batter",Amul Frozen Malai Paneer,75.0,2,73.0,6,200,200,false
1140,"Dairy, Bread & Batter",iD Natural Paneer,105.0,5,99.0,6,200,200,false
1141,"Dairy, Bread & Batter",Britannia Fruit Bun,17.0,0,17.0,3,100,100,false
1142,"Dairy, Bread & Batter",Amul Cheese - Processed Slices,122.0,1,120.0,6,200,200,false
1143,"Dairy, Bread & Batter",iD Curd Cup,60.0,0,60.0,6,400,400,false
1144,"Dairy, Bread & Batter",The Bake Shop Premium White Sandwich Bread,30.0,0,30.0,1,400,400,false
1145,"Dairy, Bread & Batter",Britannia Multigrain Bread,55.0,0,55.0,4,400,400,false
1146,"Dairy, Bread & Batter",Amul Processed Cheese Block,106.0,0,106.0,6,200,200,false
1147,"Dairy, Bread & Batter",Nestle A+ Nourish Dahi,70.0,2,68.0,6,400,400,false
1148,"Dairy, Bread & Batter",Arden Eggs Brown,85.0,7,79.0,4,348,6,false
1149,"Dairy, Bread & Batter",Epigamia Misti Doi,30.0,0,30.0,6,85,85,false
1150,"Dairy, Bread & Batter",Amul Cheese - Block,245.0,2,240.0,6,500,500,false
1151,"Dairy, Bread & Batter",Amul Butter - Pasteurised (School Pack),59.0,3,57.0,6,100,100,false
1152,"Dairy, Bread & Batter",Britannia Brown Bread,42.0,0,42.0,4,400,400,false
1153,"Dairy, Bread & Batter",Amul Fresh Cream,197.0,3,191.0,3,1000,1,false
1154,"Dairy, Bread & Batter",Epigamia Natural Greek Yogurt,45.0,0,45.0,6,90,90,false
1155,"Dairy, Bread & Batter",The Bake Shop Pizza Base,30.0,0,30.0,1,150,150,false
1156,"Dairy, Bread & Batter",Amul Delicious Fat Spread - Cholesterol Free,18.0,5,17.0,6,100,100,false
1157,"Dairy, Bread & Batter",D'lecta Dairy Cream,54.0,5,51.0,6,200,200,false
1158,"Dairy, Bread & Batter",Nestle A+ Actiplus Probiotic Dahi Plain Curd,78.0,3,75.0,5,400,400,false
1159,"Dairy, Bread & Batter",Bio Nutrients Pure Diet Tofu Gold,60.0,5,57.0,5,200,200,false
1160,"Dairy, Bread & Batter",Amul Delicious Fat Spread - Cholesterol Free,88.0,2,86.0,2,500,500,false
1161,"Dairy, Bread & Batter",Amul Mithai Mate Condensed Sweetened Milk,56.0,3,54.0,4,200,200,false
1162,"Dairy, Bread & Batter",Arden Desi Eggs,110.0,13,95.0,4,348,6,false
1163,"Dairy, Bread & Batter",Amul Cheese - Pepper,85.0,3,82.0,6,200,200,false
1164,"Dairy, Bread & Batter",Amul Cheese Spread Creamy,85.0,5,80.0,6,180,180,false
1165,"Dairy, Bread & Batter",The Bake Shop Foot Long,40.0,0,40.0,1,200,200,false
1166,"Dairy, Bread & Batter",Amul Cheese Slices,360.0,0,359.0,1,750,750,false
1167,"Dairy, Bread & Batter",Suguna Sharp Egg,72.0,13,62.0,3,348,6,false
1168,"Dairy, Bread & Batter",Amul Cheese Sauce Mexican Salsa,75.0,4,72.0,1,200,200,false
1169,"Dairy, Bread & Batter",Nestle Everyday Dairy Whitener,210.0,0,210.0,4,400,400,false
1170,"Dairy, Bread & Batter",Amul Pizza Cheese Processed,109.0,4,104.0,6,200,200,false
1171,"Dairy, Bread & Batter",Betty Crocker Complete Pancake Mix Original,110.0,4,105.0,6,250,500,false
1172,"Dairy, Bread & Batter",Amul Lite Spread,40.0,2,39.0,5,100,100,false
1173,"Dairy, Bread & Batter",Go Cheese Slice - Plain,140.0,5,133.0,6,200,200,false
1174,"Dairy, Bread & Batter",Pillsbury Choco Chip Pancake Mix,99.0,5,94.0,6,165,165,false
1175,"Dairy, Bread & Batter",RRO Sour Cream,275.0,50,137.0,4,200,200,false
1176,"Dairy, Bread & Batter",D'lecta Natural Feta Cheese Block,100.0,5,95.0,4,100,100,false
1177,"Dairy, Bread & Batter",Suguna Active - DHA,72.0,13,62.0,4,348,6,false
1178,"Dairy, Bread & Batter",Go Cheese Processed Angles Plain,100.0,5,95.0,6,160,160,false
1179,"Dairy, Bread & Batter",Epigamia Greek Yogurt - Natural,200.0,0,200.0,1,400,400,false
1180,"Dairy, Bread & Batter",Amul Unsalted Cooking Butter,245.0,2,238.0,6,500,500,false
1181,"Dairy, Bread & Batter",The Whole Truth Dark Chocolate Peanut Butter - Creamy,235.0,25,174.0,6,325,325,false
1182,"Dairy, Bread & Batter",The Laughing Cow Cheese Slices,155.0,0,155.0,2,200,200,false
1183,"Dairy, Bread & Batter",Epigamia Almond Milk Unsweetened Dairy Free,300.0,33,199.0,4,1000,1,false
1184,"Dairy, Bread & Batter",Go Cheese Spread Plain,99.0,5,94.0,6,200,200,false
1185,"Dairy, Bread & Batter",So Good Almond Milk - Natural Unsweetened,70.0,0,70.0,4,200,200,false
1186,"Dairy, Bread & Batter",Amul Cheese Sauce Jalapeno,75.0,0,75.0,5,200,200,false
1187,"Dairy, Bread & Batter",D'lecta Cream Cheese,169.0,4,161.0,4,150,150,false
1188,"Dairy, Bread & Batter",Dlecta Natural Cheddar Slices,199.0,5,189.0,6,200,200,false
1189,"Dairy, Bread & Batter",Suguna Heart- Omega3,72.0,13,62.0,4,348,6,false
1190,"Dairy, Bread & Batter",Go Cheese Spread - Garlic,99.0,5,94.0,6,200,200,false
1191,"Dairy, Bread & Batter",Go Pizza Cheese,140.0,5,133.0,6,200,200,false
1192,"Dairy, Bread & Batter",RRO Cheddar Block Cheese,295.0,50,147.0,6,200,200,false
1193,"Dairy, Bread & Batter",The Whole Truth Peanut Butter With Dates - Creamy No Sugar,215.0,9,194.0,6,325,325,false
1194,"Dairy, Bread & Batter",Suguna Fit Egg,120.0,43,68.0,4,348,6,false
1195,"Dairy, Bread & Batter",Pantai Coconut Cream,150.0,4,143.0,4,400,400,false
1196,"Dairy, Bread & Batter",RRO Fresh Ricotta,275.0,50,137.0,6,200,200,false
1197,"Dairy, Bread & Batter",Dlecta Cheese Cubes 2,145.0,5,137.0,6,200,200,false
1198,"Dairy, Bread & Batter",RRO Mozzarella Pizza Cheese,275.0,50,137.0,6,200,200,false
1199,"Dairy, Bread & Batter",The Laughing Cow Cheese Cubes,150.0,0,150.0,4,200,200,false
1200,"Dairy, Bread & Batter",Yogabar 100% Pure Peanut Butter Creamy & Yummy Unsweetened,229.0,10,206.0,6,400,400,false
1201,"Dairy, Bread & Batter",RRO Burrata Cheese,250.0,50,125.0,4,200,200,false
1202,"Dairy, Bread & Batter",The Whole Truth Dark Chocolate Peanut Butter - Crunchy,235.0,20,188.0,5,325,325,false
1203,"Dairy, Bread & Batter",Go Cheese Processed Squares,125.0,5,118.0,6,200,200,false
1204,"Dairy, Bread & Batter",Funfoods Peanut Butter Crunchy,169.0,7,156.0,1,400,400,false
1205,"Dairy, Bread & Batter",Amul Safed Makkhan,235.0,1,232.0,6,500,500,false
1206,"Dairy, Bread & Batter",Go Cheese Spread - Four Pepper (Soft & Creamy),99.0,5,94.0,6,200,200,false
1207,"Dairy, Bread & Batter",Dlicia Whip Topping Bottle,235.0,27,171.0,5,1000,1,false
1208,"Dairy, Bread & Batter",Amulya Dairy Whitener,380.0,2,372.0,4,1000,1,false
1209,"Dairy, Bread & Batter",Laughing Cow Cheese 8 Portion 120Gm Imported,110.0,0,110.0,6,120,120,false
1210,"Dairy, Bread & Batter",The Whole Truth Peanut Butter - Sweetened & Crunchy,215.0,20,172.0,6,325,325,false
1211,"Dairy, Bread & Batter",Go Processed Cheese Block,125.0,4,119.0,6,200,200,false
1212,"Dairy, Bread & Batter",Go Cheese Processed Block,249.0,4,237.0,6,400,400,false
1213,"Dairy, Bread & Batter",RRO Goat Milk Fetta Cheee,345.0,31,237.0,6,100,100,false
1214,"Dairy, Bread & Batter",RRO Mascarpone Cheese,355.0,50,177.0,6,200,200,false
1215,"Dairy, Bread & Batter",D'lecta Cheddar Cheese,199.0,5,189.0,6,200,200,false
1216,"Dairy, Bread & Batter",Funfoods Peanut Butter Creamy,169.0,0,169.0,1,400,400,false
1217,"Dairy, Bread & Batter",Pantai Coconut Milk,150.0,0,150.0,4,400,400,false
1218,"Dairy, Bread & Batter",Dlecta Cheese Block,145.0,0,145.0,6,200,200,false
1219,"Dairy, Bread & Batter",President Butter - Salted,54.0,0,54.0,6,100,100,false
1220,"Dairy, Bread & Batter",The Laughing Cow Plain Processed Cheese Block,150.0,0,150.0,6,200,200,false
1221,"Dairy, Bread & Batter",Yoga Bar Peanut Butter Dark Chocolate Jar,249.0,0,249.0,4,400,400,false
1222,"Dairy, Bread & Batter",The Laughing Cow Cheese Spread Plain,110.0,0,110.0,6,180,180,false
1223,"Dairy, Bread & Batter",Amul Malai Paneer Fresh,76.0,3,73.0,0,200,200,true
1224,"Dairy, Bread & Batter",Amul Taaza Toned Homogenised Milk,66.0,3,64.0,0,1000,1,true
1225,"Dairy, Bread & Batter",Amul Fresh Cream,63.0,0,63.0,0,250,250,true
1226,"Dairy, Bread & Batter",Amul Lactose Free Milk,25.0,4,24.0,0,250,250,true
1227,"Dairy, Bread & Batter",The Bake Shop Whole Wheat Bread,40.0,0,40.0,0,400,400,true
1228,"Dairy, Bread & Batter",Amul Slim Trim Skimmed Milk,75.0,0,75.0,0,1000,1,true
1229,"Dairy, Bread & Batter",Amul Cheese Slices,71.0,1,70.0,0,100,100,true
1230,"Dairy, Bread & Batter",Amul Pizza Cheese - Mozzarella,100.0,1,99.0,0,200,200,true
1231,"Dairy, Bread & Batter",The Bake Shop Pizza Base Whole Wheat,30.0,0,30.0,0,150,150,true
1232,"Dairy, Bread & Batter",Nestle A+ Slim Dahi - Low Fat,78.0,3,75.0,0,400,400,true
1233,"Dairy, Bread & Batter",Britannia Cheese Garlic Bread,35.0,0,35.0,0,300,300,true
1234,"Dairy, Bread & Batter",The Bake Shop Whole Wheat Ladi Pav,40.0,0,40.0,0,200,200,true
1235,"Dairy, Bread & Batter",Amul Cheese Spread Yummy Plain,85.0,0,85.0,0,200,200,true
1236,"Dairy, Bread & Batter",Britannia Atta Kulcha,30.0,0,30.0,0,250,250,true
1237,"Dairy, Bread & Batter",Suguna Nourish Egg,62.0,0,62.0,0,696,12,true
1238,"Dairy, Bread & Batter",The Bake Shop Multi Grain Bread,65.0,0,65.0,0,400,400,true
1239,"Dairy, Bread & Batter",Nestle A+ Slim Milk,89.0,0,89.0,0,1000,1,true
1240,"Dairy, Bread & Batter",Go Cheese Pizza Blend Mozzarella + Cheddar,125.0,5,118.0,0,200,200,true
1241,"Dairy, Bread & Batter",The Whole Truth Peanut Butter - Unsweetened & Crunchy,185.0,20,148.0,0,325,325,true
1242,"Dairy, Bread & Batter",Amul Cheese Spread Spicy Garlic,85.0,3,82.0,0,200,200,true
1243,"Dairy, Bread & Batter",The Bake Shop Burger Buns,20.0,0,20.0,0,100,100,true
1244,"Dairy, Bread & Batter",D'lecta Shredded Mozzarella Cheese,100.0,5,95.0,0,140,140,true
1245,"Dairy, Bread & Batter",Britannia Burger Bun with Sesame Seed,30.0,0,30.0,0,200,200,true
1246,"Dairy, Bread & Batter",Suguna Vitamin D Egg,75.0,17,62.0,0,348,6,true
1247,"Dairy, Bread & Batter",Pillsbury Pancake Mix - Funfetti,99.0,11,88.0,0,162,162,true
1248,"Dairy, Bread & Batter",Prabhat Malai Paneer Pouch,80.0,0,80.0,0,200,200,true
1249,"Dairy, Bread & Batter",Suguna Nourish Egg,72.0,16,60.0,0,348,6,true
1250,"Dairy, Bread & Batter",RRO Mozzarella Block Cheese,295.0,50,147.0,0,200,200,true
1251,Beverages,Mother Dairy Toned Milk Pouch,25.0,0,25.0,4,500,500,false
1252,Beverages,Mother Dairy Classic Curd,30.0,3,29.0,6,400,400,false
1253,Beverages,Mother Dairy Ultra Full Cream Milk,31.0,0,31.0,4,500,500,false
1254,Beverages,Amul Butter - Pasteurised,50.0,2,49.0,6,100,100,false
1255,Beverages,Britannia Sandwich White Bread,33.0,0,33.0,4,350,350,false
1256,Beverages,iD Curd Pouch,35.0,2,34.0,6,400,400,false
1257,Beverages,iD Idli & Dosa Batter,80.0,15,68.0,6,1000,1,false
1258,Beverages,Britannia 100% Whole Wheat Bread,45.0,0,45.0,4,450,450,false
1259,Beverages,Britannia Healthy Slice Sandwich Bread,40.0,0,40.0,4,450,450,false
1260,Beverages,Gowardhan Classic Block Fresh Paneer,89.0,8,81.0,6,200,200,false
1261,Beverages,Amul Processed Cheese Cubes,106.0,4,101.0,6,200,200,false
1262,Beverages,Britannia Pav,22.0,0,22.0,4,250,250,false
1263,Beverages,Amul Butter - Pasteurised,245.0,2,240.0,6,500,500,false
1264,Beverages,Arden Eggs White,97.0,0,97.0,4,696,12,false
1265,Beverages,Arden Eggs White,65.0,15,55.0,4,348,6,false
1266,Beverages,Nestle A+ Nourish Dahi,35.0,2,34.0,6,200,200,false
1267,Beverages,Britannia Burger Bun with Sesame Seed,15.0,0,15.0,4,100,100,false
1268,Beverages,Amul Frozen Malai Paneer,75.0,2,73.0,6,200,200,false
1269,Beverages,iD Natural Paneer,105.0,5,99.0,6,200,200,false
1270,Beverages,Britannia Fruit Bun,17.0,0,17.0,3,100,100,false
1271,Beverages,Amul Cheese - Processed Slices,122.0,1,120.0,6,200,200,false
1272,Beverages,iD Curd Cup,60.0,0,60.0,6,400,400,false
1273,Beverages,The Bake Shop Premium White Sandwich Bread,30.0,0,30.0,1,400,400,false
1274,Beverages,Britannia Multigrain Bread,55.0,0,55.0,4,400,400,false
1275,Beverages,Amul Processed Cheese Block,106.0,0,106.0,6,200,200,false
1276,Beverages,Nestle A+ Nourish Dahi,70.0,2,68.0,6,400,400,false
1277,Beverages,Arden Eggs Brown,85.0,7,79.0,4,348,6,false
1278,Beverages,Epigamia Misti Doi,30.0,0,30.0,6,85,85,false
1279,Beverages,Amul Cheese - Block,245.0,2,240.0,6,500,500,false
1280,Beverages,Amul Butter - Pasteurised (School Pack),59.0,3,57.0,6,100,100,false
1281,Beverages,Britannia Brown Bread,42.0,0,42.0,4,400,400,false
1282,Beverages,Amul Fresh Cream,197.0,3,191.0,3,1000,1,false
1283,Beverages,Epigamia Natural Greek Yogurt,45.0,0,45.0,6,90,90,false
1284,Beverages,The Bake Shop Pizza Base,30.0,0,30.0,1,150,150,false
1285,Beverages,Amul Delicious Fat Spread - Cholesterol Free,18.0,5,17.0,6,100,100,false
1286,Beverages,D'lecta Dairy Cream,54.0,5,51.0,6,200,200,false
1287,Beverages,Nestle A+ Actiplus Probiotic Dahi Plain Curd,78.0,3,75.0,5,400,400,false
1288,Beverages,Bio Nutrients Pure Diet Tofu Gold,60.0,5,57.0,5,200,200,false
1289,Beverages,Amul Delicious Fat Spread - Cholesterol Free,88.0,2,86.0,2,500,500,false
1290,Beverages,Amul Mithai Mate Condensed Sweetened Milk,56.0,3,54.0,4,200,200,false
1291,Beverages,Arden Desi Eggs,110.0,13,95.0,4,348,6,false
1292,Beverages,Amul Cheese - Pepper,85.0,3,82.0,6,200,200,false
1293,Beverages,Amul Cheese Spread Creamy,85.0,5,80.0,6,180,180,false
1294,Beverages,The Bake Shop Foot Long,40.0,0,40.0,1,200,200,false
1295,Beverages,Amul Cheese Slices,360.0,0,359.0,1,750,750,false
1296,Beverages,Suguna Sharp Egg,72.0,13,62.0,3,348,6,false
1297,Beverages,Amul Cheese Sauce Mexican Salsa,75.0,4,72.0,1,200,200,false
1298,Beverages,Nestle Everyday Dairy Whitener,210.0,0,210.0,4,400,400,false
1299,Beverages,Amul Pizza Cheese Processed,109.0,4,104.0,6,200,200,false
1300,Beverages,Betty Crocker Complete Pancake Mix Original,110.0,4,105.0,6,250,500,false
1301,Beverages,Amul Lite Spread,40.0,2,39.0,5,100,100,false
1302,Beverages,Go Cheese Slice - Plain,140.0,5,133.0,6,200,200,false
1303,Beverages,Pillsbury Choco Chip Pancake Mix,99.0,5,94.0,6,165,165,false
1304,Beverages,RRO Sour Cream,275.0,50,137.0,4,200,200,false
1305,Beverages,D'lecta Natural Feta Cheese Block,100.0,5,95.0,4,100,100,false
1306,Beverages,Suguna Active - DHA,72.0,13,62.0,4,348,6,false
1307,Beverages,Go Cheese Processed Angles Plain,100.0,5,95.0,6,160,160,false
1308,Beverages,Epigamia Greek Yogurt - Natural,200.0,0,200.0,1,400,400,false
1309,Beverages,Amul Unsalted Cooking Butter,245.0,2,238.0,6,500,500,false
1310,Beverages,The Whole Truth Dark Chocolate Peanut Butter - Creamy,235.0,25,174.0,6,325,325,false
1311,Beverages,The Laughing Cow Cheese Slices,155.0,0,155.0,2,200,200,false
1312,Beverages,Epigamia Almond Milk Unsweetened Dairy Free,300.0,33,199.0,4,1000,1,false
1313,Beverages,Go Cheese Spread Plain,99.0,5,94.0,6,200,200,false
1314,Beverages,So Good Almond Milk - Natural Unsweetened,70.0,0,70.0,4,200,200,false
1315,Beverages,Amul Cheese Sauce Jalapeno,75.0,0,75.0,5,200,200,false
1316,Beverages,D'lecta Cream Cheese,169.0,4,161.0,4,150,150,false
1317,Beverages,Dlecta Natural Cheddar Slices,199.0,5,189.0,6,200,200,false
1318,Beverages,Suguna Heart- Omega3,72.0,13,62.0,4,348,6,false
1319,Beverages,Go Cheese Spread - Garlic,99.0,5,94.0,6,200,200,false
1320,Beverages,Go Pizza Cheese,140.0,5,133.0,6,200,200,false
1321,Beverages,RRO Cheddar Block Cheese,295.0,50,147.0,6,200,200,false
1322,Beverages,The Whole Truth Peanut Butter With Dates - Creamy No Sugar,215.0,9,194.0,6,325,325,false
1323,Beverages,Suguna Fit Egg,120.0,43,68.0,4,348,6,false
1324,Beverages,Pantai Coconut Cream,150.0,4,143.0,4,400,400,false
1325,Beverages,RRO Fresh Ricotta,275.0,50,137.0,6,200,200,false
1326,Beverages,Dlecta Cheese Cubes 2,145.0,5,137.0,6,200,200,false
1327,Beverages,RRO Mozzarella Pizza Cheese,275.0,50,137.0,6,200,200,false
1328,Beverages,The Laughing Cow Cheese Cubes,150.0,0,150.0,4,200,200,false
1329,Beverages,Yogabar 100% Pure Peanut Butter Creamy & Yummy Unsweetened,229.0,10,206.0,6,400,400,false
1330,Beverages,RRO Burrata Cheese,250.0,50,125.0,4,200,200,false
1331,Beverages,The Whole Truth Dark Chocolate Peanut Butter - Crunchy,235.0,20,188.0,5,325,325,false
1332,Beverages,Go Cheese Processed Squares,125.0,5,118.0,6,200,200,false
1333,Beverages,Funfoods Peanut Butter Crunchy,169.0,7,156.0,1,400,400,false
1334,Beverages,Amul Safed Makkhan,235.0,1,232.0,6,500,500,false
1335,Beverages,Go Cheese Spread - Four Pepper (Soft & Creamy),99.0,5,94.0,6,200,200,false
1336,Beverages,Dlicia Whip Topping Bottle,235.0,27,171.0,5,1000,1,false
1337,Beverages,Amulya Dairy Whitener,380.0,2,372.0,4,1000,1,false
1338,Beverages,Laughing Cow Cheese 8 Portion 120Gm Imported,110.0,0,110.0,6,120,120,false
1339,Beverages,The Whole Truth Peanut Butter - Sweetened & Crunchy,215.0,20,172.0,6,325,325,false
1340,Beverages,Go Processed Cheese Block,125.0,4,119.0,6,200,200,false
1341,Beverages,Go Cheese Processed Block,249.0,4,237.0,6,400,400,false
1342,Beverages,RRO Goat Milk Fetta Cheee,345.0,31,237.0,6,100,100,false
1343,Beverages,RRO Mascarpone Cheese,355.0,50,177.0,6,200,200,false
1344,Beverages,D'lecta Cheddar Cheese,199.0,5,189.0,6,200,200,false
1345,Beverages,Funfoods Peanut Butter Creamy,169.0,0,169.0,1,400,400,false
1346,Beverages,Pantai Coconut Milk,150.0,0,150.0,4,400,400,false
1347,Beverages,Dlecta Cheese Block,145.0,0,145.0,6,200,200,false
1348,Beverages,President Butter - Salted,54.0,0,54.0,6,100,100,false
1349,Beverages,The Laughing Cow Plain Processed Cheese Block,150.0,0,150.0,6,200,200,false
1350,Beverages,Yoga Bar Peanut Butter Dark Chocolate Jar,249.0,0,249.0,4,400,400,false
1351,Beverages,The Laughing Cow Cheese Spread Plain,110.0,0,110.0,6,180,180,false
1352,Beverages,Amul Malai Paneer Fresh,76.0,3,73.0,0,200,200,true
1353,Beverages,Amul Taaza Toned Homogenised Milk,66.0,3,64.0,0,1000,1,true
1354,Beverages,Amul Fresh Cream,63.0,0,63.0,0,250,250,true
1355,Beverages,Amul Lactose Free Milk,25.0,4,24.0,0,250,250,true
1356,Beverages,The Bake Shop Whole Wheat Bread,40.0,0,40.0,0,400,400,true
1357,Beverages,Amul Slim Trim Skimmed Milk,75.0,0,75.0,0,1000,1,true
1358,Beverages,Amul Cheese Slices,71.0,1,70.0,0,100,100,true
1359,Beverages,Amul Pizza Cheese - Mozzarella,100.0,1,99.0,0,200,200,true
1360,Beverages,The Bake Shop Pizza Base Whole Wheat,30.0,0,30.0,0,150,150,true
1361,Beverages,Nestle A+ Slim Dahi - Low Fat,78.0,3,75.0,0,400,400,true
1362,Beverages,Britannia Cheese Garlic Bread,35.0,0,35.0,0,300,300,true
1363,Beverages,The Bake Shop Whole Wheat Ladi Pav,40.0,0,40.0,0,200,200,true
1364,Beverages,Amul Cheese Spread Yummy Plain,85.0,0,85.0,0,200,200,true
1365,Beverages,Britannia Atta Kulcha,30.0,0,30.0,0,250,250,true
1366,Beverages,Suguna Nourish Egg,62.0,0,62.0,0,696,12,true
1367,Beverages,The Bake Shop Multi Grain Bread,65.0,0,65.0,0,400,400,true
1368,Beverages,Nestle A+ Slim Milk,89.0,0,89.0,0,1000,1,true
1369,Beverages,Go Cheese Pizza Blend Mozzarella + Cheddar,125.0,5,118.0,0,200,200,true
1370,Beverages,The Whole Truth Peanut Butter - Unsweetened & Crunchy,185.0,20,148.0,0,325,325,true
1371,Beverages,Amul Cheese Spread Spicy Garlic,85.0,3,82.0,0,200,200,true
1372,Beverages,The Bake Shop Burger Buns,20.0,0,20.0,0,100,100,true
1373,Beverages,D'lecta Shredded Mozzarella Cheese,100.0,5,95.0,0,140,140,true
1374,Beverages,Britannia Burger Bun with Sesame Seed,30.0,0,30.0,0,200,200,true
1375,Beverages,Suguna Vitamin D Egg,75.0,17,62.0,0,348,6,true
1376,Beverages,Pillsbury Pancake Mix - Funfetti,99.0,11,88.0,0,162,162,true
1377,Beverages,Prabhat Malai Paneer Pouch,80.0,0,80.0,0,200,200,true
1378,Beverages,Suguna Nourish Egg,72.0,16,60.0,0,348,6,true
1379,Beverages,RRO Mozzarella Block Cheese,295.0,50,147.0,0,200,200,true
1380,Packaged Food,Maggi 2 Minute Masala Noodles,12.0,0,12.0,6,70,70,false
1381,Packaged Food,iD Idli & Dosa Batter,80.0,15,68.0,6,1000,1,false
1382,Packaged Food,iD Malabar Parota,80.0,10,72.0,4,400,400,false
1383,Packaged Food,iD Wheat Lachha Paratha,80.0,12,70.0,6,400,400,false
1384,Packaged Food,McCain Aloo Tikki,110.0,4,105.0,6,400,400,false
1385,Packaged Food,McCain Smiles Cripsy Happy Potatoes,120.0,5,114.0,6,415,415,false
1386,Packaged Food,McCain Veggie Burger Patty,115.0,3,111.0,6,360,360,false
1387,Packaged Food,McCain Veggie Fingers,117.0,5,111.0,6,400,400,false
1388,Packaged Food,Amul Delicious Fat Spread - Cholesterol Free,18.0,5,17.0,6,100,100,false
1389,Packaged Food,Whiskas Wet Meal (Adult - Cat Food) Chicken in Gravy,35.0,2,34.0,2,85,85,false
1390,Packaged Food,McCain Chilli Garlic Potato Bites Crunchy Potato Nuggets,125.0,5,118.0,1,420,420,false
1391,Packaged Food,Ching's Secret Instant Hot Garlic Noodles,15.0,0,15.0,3,60,60,false
1392,Packaged Food,Veeba Eggless Mayonnaise,79.0,11,70.0,5,250,250,false
1393,Packaged Food,Ching's Secret Instant Schezwan Noodles,15.0,0,15.0,6,60,60,false
1394,Packaged Food,Veeba Pasta And Pizza Sauce,75.0,13,65.0,5,280,280,false
1395,Packaged Food,Top Ramen Noodles Curry Veg Pouch,20.0,0,20.0,1,70,70,false
1396,Packaged Food,Saffola Veggie Twist Masala Oats,15.0,0,15.0,6,38,38,false
1397,Packaged Food,Unibic Almond & Oats Protein Bar,40.0,17,33.0,4,30,30,false
1398,Packaged Food,Quaker Oats,79.0,0,79.0,2,400,400,false
1399,Packaged Food,Amul Delicious Fat Spread - Cholesterol Free,88.0,2,86.0,2,500,500,false
1400,Packaged Food,McCain French Fries,120.0,5,114.0,1,420,420,false
1401,Packaged Food,Ching's Secret Manchow Instant Soup,10.0,0,10.0,1,15,15,false
1402,Packaged Food,McCain Potato Cheese Shotz,130.0,4,124.0,6,250,250,false
1403,Packaged Food,McCain Masala - Fries,120.0,5,114.0,3,375,375,false
1404,Packaged Food,Ching's Secret Schezwan Fried Rice Masala,15.0,0,15.0,6,20,20,false
1405,Packaged Food,McCain New Mini Samosa with Cheese Pizza Style Filling,120.0,1,118.0,3,240,240,false
1406,Packaged Food,McCain Chilli Cheesy Nuggets,130.0,4,124.0,1,250,250,false
1407,Packaged Food,"Whiskas Adult (+1 Year) Dry Cat Food, Ocean Fish Flavour",430.0,10,387.0,6,1200,1,false
1408,Packaged Food,Chings Instant Soup - Hot & Sour,10.0,0,10.0,1,15,15,false
1409,Packaged Food,Amul Spray Infant Milk Food,197.0,2,193.0,6,500,500,false
1410,Packaged Food,McCain Smiles - Pudina Chatka,120.0,5,114.0,3,375,375,false
1411,Packaged Food,McCain French Fries Crisp & Delicious,175.0,4,167.0,3,750,750,false
1412,Packaged Food,Ferrero Nutella Hazelnut Spread,220.0,5,207.0,2,180,180,false
1413,Packaged Food,Lijjat Garlic Papad,60.0,5,57.0,5,200,200,false
1414,Packaged Food,Switz Samosa Dough Sheets,90.0,4,86.0,6,50,50,false
1415,Packaged Food,Amul Cheese Spread Creamy,85.0,5,80.0,6,180,180,false
1416,Packaged Food,Maggi Imli Sauce Pichkoo,22.0,0,22.0,6,90,90,false
1417,Packaged Food,Whiskas Kitten (2-12 months) Dry Cat Food Food Ocean Fish,385.0,9,347.0,5,1100,1100,false
1418,Packaged Food,Chings Instant Soup - Sweet Corn Veg,10.0,0,10.0,2,15,15,false
1419,Packaged Food,Whiskas Wet Meal (Kitten - Cat Food) Chicken in Gravy,35.0,5,33.0,2,85,85,false
1420,Packaged Food,McCain Crazy Fries Masala MixHot 'n' Tangy,120.0,5,114.0,6,400,400,false
1421,Packaged Food,The Whole Truth Double Cocoa Protein Bar No Sugar,100.0,10,90.0,6,52,52,false
1422,Packaged Food,Amul Happy Treats French Fries,68.0,4,65.0,1,425,425,false
1423,Packaged Food,Ferrero Nutella Hazeulnut Spread,380.0,6,357.0,5,350,350,false
1424,Packaged Food,Veeba Chipolte Southwest Dressing,161.0,7,149.0,4,300,300,false
1425,Packaged Food,Ching's Secret Manchow Noodles Instant Soup,15.0,0,15.0,6,20,20,false
1426,Packaged Food,Yoga Bar Breakfast Protein Bar - Blueberry Pie,50.0,12,44.0,1,50,50,false
1427,Packaged Food,Quaker Oats,199.0,7,184.0,6,1000,1,false
1428,Packaged Food,The Whole Truth Mini Protein Bar - Coconut Cocoa No Added Sugar,55.0,25,41.0,6,27,27,false
1429,Packaged Food,Switz Spring Roll Dough Sheets,90.0,4,86.0,6,1160,20,false
1430,Packaged Food,Unibic Fruit & Nut Real Cranberries & Almonds Protein Bar,40.0,17,33.0,6,30,30,false
1431,Packaged Food,Ching's Secret Tomato Instant Soup,10.0,0,10.0,1,16,15,false
1432,Packaged Food,Chef's Basket Durum Wheat Elbow Pasta,160.0,50,80.0,6,500,500,false
1433,Packaged Food,Sunfeast Yippee! Mood Masala Noodles,60.0,28,43.0,3,260,260,false
1434,Packaged Food,MTR Breakfast Khatta Meetha Poha Mix,25.0,20,20.0,6,60,60,false
1435,Packaged Food,Kellogg's Crunchy Fruit & Nut Breakfast Cereals Muesli,445.0,9,401.0,6,750,750,false
1436,Packaged Food,Ching's Secret Chilli Vinegar,50.0,0,50.0,4,170,170,false
1437,Packaged Food,Ching's Red Chilli Sauce,55.0,0,55.0,6,200,200,false
1438,Packaged Food,Amul Lite Spread,40.0,2,39.0,5,100,100,false
1439,Packaged Food,Borges Durum Wheat Fusilli Pasta,250.0,0,250.0,3,500,500,false
1440,Packaged Food,The Whole Truth Cranberry Mini Protein Bar No Sugar,55.0,20,44.0,6,27,27,false
1441,Packaged Food,The Whole Truth Mini Protein Bar - Coffee Cocoa No Added Sugar,55.0,20,44.0,6,27,27,false
1442,Packaged Food,Maggi Hot & Sweet Tomato Chilli Sauce,115.0,0,115.0,1,500,500,false
1443,Packaged Food,Sunfeast YiPPee! Noodles - Magic Masala,96.0,5,91.0,4,540,540,false
1444,Packaged Food,Chef's Basket Durum Wheat Fusilli Pasta,160.0,50,80.0,6,500,500,false
1445,Packaged Food,Top Ramen Chicken Noodles,60.0,10,54.0,1,280,280,false
1446,Packaged Food,Veeba Cheese and Chilli Sandwich Spread,89.0,11,79.0,6,275,275,false
1447,Packaged Food,Ching's Secret Chowmein Hakka Noodles Masala,44.0,0,44.0,2,60,60,false
1448,Packaged Food,Safal Frozen - Mixed Vegetables,110.0,4,105.0,2,1000,1,false
1449,Packaged Food,MTR 3 Min Poha,25.0,0,25.0,6,60,60,false
1450,Packaged Food,Ching's Manchurian Instant Noodles,15.0,0,15.0,5,60,60,false
1451,Packaged Food,The Whole Truth Peanut Cocoa Mini Protein Bar No Sugar,55.0,25,41.0,6,27,27,false
1452,Packaged Food,Gits Pav Bhaji Ready to Eat,110.0,22,85.0,6,300,300,false
1453,Packaged Food,McCain New Mini Samosa with Cheese Corn Style Filling,120.0,1,118.0,2,240,240,false
1454,Packaged Food,Lijjat Udad Mini Papad,60.0,6,56.0,6,200,200,false
1455,Packaged Food,McCain Herb & Garlic Crazy Fries Masala Mix,120.0,5,114.0,5,400,400,false
1456,Packaged Food,Yoga Bar Multigrain Energy Bar Nuts And Seeds,40.0,12,35.0,4,38,38,false
1457,Packaged Food,"Ching's Secret Sauce, Green Chilli",55.0,0,55.0,5,190,190,false
1458,Packaged Food,Veeba Pizza Topping,75.0,6,70.0,4,280,280,false
1459,Packaged Food,Switz Paratha Puff,110.0,4,105.0,6,400,400,false
1460,Packaged Food,"New Kellogg's Muesli with 21% Fruit, Nut & Seeds",325.0,6,305.0,6,500,500,false
1461,Packaged Food,The Whole Truth Double Cocoa Mini Protein Bar No Sugar,55.0,20,44.0,5,27,27,false
1462,Packaged Food,Sunfeast Yippee Tricolor Pasta Seasoning,28.0,17,23.0,1,65,65,false
1463,Packaged Food,Wingreens Cheesy Chipotle Sauce,99.0,49,50.0,1,130,130,false
1464,Packaged Food,Maggi Rich Tomato Ketchup,105.0,4,100.0,2,500,500,false
1465,Packaged Food,The Whole Truth Dark Chocolate Peanut Butter - Creamy,235.0,25,174.0,6,325,325,false
1466,Packaged Food,Godrej Yummiez Chicken Nuggets,325.0,9,293.0,1,500,500,false
1467,Packaged Food,Go Cheese Spread Plain,99.0,5,94.0,6,200,200,false
1468,Packaged Food,Kellogg's Real Almond & Honey Corn Flakes,175.0,9,158.0,6,300,300,false
1469,Packaged Food,The Whole Truth Vegan Almond Choco Fudge Energy Bar No Sugar,60.0,20,48.0,6,40,40,false
1470,Packaged Food,Prasuma Vegetable Momos,270.0,0,270.0,5,24,24,false
1471,Packaged Food,MTR Upma,50.0,10,45.0,6,160,160,false
1472,Packaged Food,Ching's Schezwan Masala Instant Noodles,60.0,0,60.0,1,240,240,false
1473,Packaged Food,The Whole Truth Cranberry Protein Bar No Sugar,100.0,26,74.0,6,52,52,false
1474,Packaged Food,Saffola Yummy Masala Noodles,20.0,0,20.0,2,46,46,false
1475,Packaged Food,Veeba English Mustard,74.0,6,69.0,2,300,300,false
1476,Packaged Food,Dabur Hommade Tamarind Paste,48.0,6,45.0,6,200,200,false
1477,Packaged Food,Yoga Bar Breakfast Muesli - Almond Caramel (No Added Sugar),325.0,4,309.0,6,400,400,false
1478,Packaged Food,The Whole Truth Mini Protein Bar - Peanut Butter No Added Sugar,55.0,25,41.0,6,27,27,false
1479,Packaged Food,ITC Master Chef Crispy Chicken Fries,170.0,4,162.0,3,280,280,false
1480,Packaged Food,Kelloggs Corn Flakes,99.0,13,86.0,6,250,250,false
1481,Packaged Food,Nissin Cup Noodles Tangy Tomato,50.0,10,45.0,2,70,70,false
1482,Packaged Food,Smith & Jones White Pasta Sauce Mix,40.0,0,40.0,3,46,46,false
1483,Packaged Food,Sunfeast Yippee! Pasta Treat - Sour Cream Onion,28.0,10,25.0,1,65,65,false
1484,Packaged Food,Mothers Recipe Tamrind Date Chutney,55.0,9,50.0,2,200,200,false
1485,Packaged Food,Veeba Mint Mayonnaise,169.0,8,155.0,4,300,300,false
1486,Packaged Food,Mccain Emotibites - Crispy Happy Potato Snack,130.0,0,129.0,6,415,415,false
1487,Packaged Food,The Whole Truth Energy Bar Choco Cranberry Fudge,60.0,26,44.0,6,40,40,false
1488,Packaged Food,Godrej Yummiez Chicken Lucknowi Seekh Kebab,260.0,10,234.0,4,400,400,false
1489,Packaged Food,Prasuma Vegetable Momos,150.0,0,150.0,5,580,10,false
1490,Packaged Food,Mother's Recipe Mixed Pickle,85.0,9,77.0,2,300,300,false
1491,Packaged Food,Sunfeast Yippee! Pasta Treat - Sour Cream Onion,28.0,17,23.0,3,65,65,false
1492,Packaged Food,The Whole Truth Peanut Cocoa Protein Bar No Sugar,100.0,26,74.0,6,52,52,false
1493,Packaged Food,Yoga Bar Breakfast Muesli - Chocolate & Cranberry,325.0,4,309.0,6,400,400,false
1494,Packaged Food,Sunfeast YiPPee! Magic Masala Noodles,70.0,10,63.0,3,405,405,false
1495,Packaged Food,Veeba Sweet Onion Sauce,141.0,14,121.0,4,350,350,false
1496,Packaged Food,Quaker Oats Breakfast Cereals - With Flavour Mix Nutritious Rich Source Of Energy,49.0,8,45.0,6,200,200,false
1497,Packaged Food,Mother's Recipe Tamarind Paste,50.0,2,49.0,6,200,200,false
1498,Packaged Food,Yogabar No Added Sugar Protein Bar Brownie,125.0,15,106.0,4,60,60,false
1499,Packaged Food,Bambino Popular Vermicelli,40.0,2,39.0,3,400,400,false
1500,Packaged Food,Ching's Secret Mix Veg Instant Soup,10.0,0,10.0,3,15,15,false
1501,Packaged Food,Mother's Recipe Pickle - Red Stuffed Chilli,145.0,11,129.0,3,400,400,false
1502,Packaged Food,Kellogg's No Added Sugar Muesli,335.0,11,298.0,6,500,500,false
1503,Packaged Food,Veeba Salsa Dip,119.0,6,111.0,6,360,360,false
1504,Packaged Food,Veeba Thousand Island Dressing,149.0,8,137.0,6,300,300,false
1505,Packaged Food,Baggry's Crunchy Muesli Almond Raisins & Honey,130.0,0,130.0,5,200,200,false
1506,Packaged Food,Knorr Chinese Hot And Sour Veg Soup,55.0,3,53.0,1,43,43,false
1507,Packaged Food,Go Cheese Spread - Garlic,99.0,5,94.0,6,200,200,false
1508,Packaged Food,The Whole Truth Peanut Butter With Dates - Creamy No Sugar,215.0,9,194.0,6,325,325,false
1509,Packaged Food,Zorabian Chicken Smoked Ham,205.0,5,194.0,1,250,250,false
1510,Packaged Food,Kissan Pineapple Jam,165.0,9,149.0,1,500,500,false
1511,Packaged Food,Smith & Jones Masala Noodles,89.0,0,89.0,5,480,480,false
1512,Packaged Food,Nestle Nestle Nan Pro Follow-Up Formula,650.0,0,650.0,6,400,400,false
1513,Packaged Food,Sunfeast Yippee! Power Up Atta Noodles,96.0,15,81.0,6,280,280,false
1514,Packaged Food,McCain Super Wedges,120.0,7,111.0,6,400,400,false
1515,Packaged Food,"Kellogg's Crunchy Granola Honey, Almonds, Strawberries & Pumpkin Seeds",330.0,10,294.0,1,450,450,false
1516,Packaged Food,Kellogg's Chocos,130.0,10,117.0,6,250,250,false
1517,Packaged Food,Ching's Secret Just Soak - Whole Wheat Veg Hakka Noodle,32.0,0,32.0,3,150,150,false
1518,Packaged Food,The Whole Truth Vegan Fig Apricot & Orange Energy Bar No Sugar,60.0,20,48.0,6,40,40,false
1519,Packaged Food,Saffola Veggie Twist Masala Oats,195.0,12,171.0,2,500,500,false
1520,Packaged Food,ITC Master Chef Classic Aloo Tikki,80.0,10,72.0,3,320,320,false
1521,Packaged Food,Smith & Jones Pink Pasta Sauce Mix,40.0,0,40.0,4,46,46,false
1522,Packaged Food,Wingreens Farms Chipotle Dip,200.0,25,150.0,1,180,180,false
1523,Packaged Food,Kellogg's Real Almond & Honey Corn Flakes,550.0,5,520.0,3,1000,1,false
1524,Packaged Food,Kellogg's Crunchy Granola Chocolate & Almonds,330.0,10,294.0,3,450,450,false
1525,Packaged Food,Cornitos Cornitos Taco Shells - 6 Inches,160.0,20,128.0,4,180,180,false
1526,Packaged Food,Ching's Secret Singapore Curry Instant Noodles,15.0,0,15.0,3,60,60,false
1527,Packaged Food,Mother's Recipe Pickle - Mango,125.0,9,113.0,6,400,500,false
1528,Packaged Food,Godrej Yummiez Chilli Chicken Sausages,160.0,10,144.0,3,250,250,false
1529,Packaged Food,Pedigree Dentastix Dog Treat Oral Care for Adult Medium Breed,175.0,20,140.0,6,180,180,false
1530,Packaged Food,Maggi Hot & Sweet - Tomato Chilli Sauce,170.0,10,153.0,1,1000,1,false
1531,Packaged Food,Ching's Secret Asian Hot Instant Soup,15.0,0,15.0,3,15,15,false
1532,Packaged Food,Kellogg's Chocos Protein And Fibre Of 1 Roti,499.0,11,444.0,6,1200,1,false
1533,Packaged Food,Mother's Recipe Pickle - Mango,149.0,26,109.0,4,500,500,false
1534,Packaged Food,Chings Secret Manchurian Instant Noodle,60.0,0,60.0,6,240,240,false
1535,Packaged Food,Kellogg's Original Corn Flakes,310.0,6,290.0,6,875,875,false
1536,Packaged Food,Ching's Singapore Curry Instant Noodles,60.0,0,60.0,4,240,240,false
1537,Packaged Food,Kellogg's Almonds And Cranberries Granola,330.0,6,310.0,6,460,460,false
1538,Packaged Food,Nestle Ceregrow Multigrain Cereal with Milk and Fruits - 3 to 6 years,292.0,0,292.0,6,300,300,false
1539,Packaged Food,MTR 3 Minute Breakfast - Magic Masala Upma,25.0,0,25.0,6,60,60,false
1540,Packaged Food,Smith & Jones Masala Noodles,68.0,10,61.0,5,360,360,false
1541,Packaged Food,"Knorr Classic Tomato Soup With 100% Real Vegetabls, No Added Preservatives",55.0,0,55.0,6,53,53,false
1542,Packaged Food,Godrej Yummiez Chicken Punjabi Tikka,295.0,9,266.0,6,360,360,false
1543,Packaged Food,Kellogg's Corn Flakes,425.0,9,383.0,1,1000,1,false
1544,Packaged Food,Kelloggs Chocos,170.0,5,160.0,4,385,385,false
1545,Packaged Food,Pedigree Puppy Dry Dog Food Food Chicken & Milk,290.0,20,232.0,6,1200,1200,false
1546,Packaged Food,Ching's Secret Lemon Coriander Instant Soup,15.0,0,15.0,5,15,15,false
1547,Packaged Food,Nestle Cerelac Baby Cereal With Milk Wheat-Rice Mixed Fruit,261.0,0,261.0,6,300,300,false
1548,Packaged Food,Kelloggs Chocos - Moons & Stars,660.0,40,396.0,4,1200,1,false
1549,Packaged Food,ITC Master Chef Chicken Galouti Kebab,170.0,4,162.0,2,210,210,false
1550,Packaged Food,Yogabar 100% Pure Peanut Butter Creamy & Yummy Unsweetened,229.0,10,206.0,6,400,400,false
1551,Packaged Food,Kitchens Of India Palak Paneer,130.0,30,91.0,6,285,285,false
1552,Packaged Food,Kelloggs Chocos Fills Double Chocolat,99.0,11,88.0,6,175,175,false
1553,Packaged Food,Soulfull Ragi Bites Choco Fills,169.0,5,160.0,4,250,250,false
1554,Packaged Food,Figaro Sliced Black Olive,179.0,0,179.0,6,450,450,false
1555,Packaged Food,Veeba Barbeque Sauce,149.0,8,137.0,6,330,330,false
1556,Packaged Food,The Whole Truth Vegan Mocha Almond Fudge Energy Bar No Sugar,60.0,20,48.0,6,40,40,false
1557,Packaged Food,"The Whole Truth - Nuts, Fruits & Seeds Muesli",325.0,20,260.0,6,350,350,false
1558,Packaged Food,Pantai Green Curry Paste,150.0,14,128.0,5,114,114,false
1559,Packaged Food,Kelloggs Special K,210.0,8,192.0,5,435,435,false
1560,Packaged Food,Moi Soi Sichuan Chilli Oil- For Stir Fry Marinade Spread & Dip,280.0,50,140.0,5,175,175,false
1561,Packaged Food,Mother's Recipe Madras Appalam,50.0,10,45.0,6,100,100,false
1562,Packaged Food,Top Ramen Masala Oat Masala,80.0,10,72.0,6,280,280,false
1563,Packaged Food,Saffola Everyday Peppy Tomato Masala Oats,195.0,12,171.0,6,500,500,false
1564,Packaged Food,"Ching's Secret Instant Noodles, Hot Garlic",60.0,0,60.0,4,240,240,false
1565,Packaged Food,Kitchens Of India Chicken Chettinad,200.0,30,140.0,1,285,285,false
1566,Packaged Food,Nestle Cerelac Wheat - Stage 1,190.0,0,190.0,6,300,300,false
1567,Packaged Food,Sumeru Aloo Paratha,119.0,5,113.0,6,400,400,false
1568,Packaged Food,ITC Master Chef Veggie Pizza Pocket,170.0,4,162.0,4,340,340,false
1569,Packaged Food,Wingreens Farms Tangy Cheese Pita Chips & Mexican Salsa Dip,60.0,15,51.0,1,70,70,false
1570,Packaged Food,Ching's Secret Manchow Soup,55.0,0,55.0,3,55,55,false
1571,Packaged Food,Veeba Carrot & Cucumber Sandwich Spread,85.0,10,76.0,6,250,250,false
1572,Packaged Food,Kellogg's Real Almond & Honey Corn Flakes,370.0,12,324.0,3,650,650,false
1573,Packaged Food,Kitchens Of India Mughlai Paneer,160.0,30,112.0,4,285,285,false
1574,Packaged Food,Ching's Secret Just Soak - Veg Hakka Noodles,30.0,0,30.0,5,150,150,false
1575,Packaged Food,Ching's Secret Chowmein Hakka Noodles Masala,60.0,10,54.0,2,100,100,false
1576,Packaged Food,The Whole Truth Dark Chocolate Peanut Butter - Crunchy,235.0,20,188.0,5,325,325,false
1577,Packaged Food,Mother's Recipe Bhel Puri Chutney,55.0,9,50.0,4,200,200,false
1578,Packaged Food,Kelloggs Chocos Moon & Stars,330.0,10,294.0,6,680,680,false
1579,Packaged Food,Mother's Recipe Lime Pickle,120.0,5,114.0,1,400,400,false
1580,Packaged Food,Kitchens Of India Dal Makhani,110.0,30,77.0,2,285,285,false
1581,Packaged Food,Pantai Light Soy Sauce,275.0,14,234.0,5,200,200,false
1582,Packaged Food,Ching's Secret Sweet Corn Soup,55.0,0,55.0,6,55,55,false
1583,Packaged Food,"Top Ramen Noodles, Atta",80.0,0,80.0,1,280,280,false
1584,Packaged Food,Cantina Tortilla Dip Sauce Sour Creamy Tex Mex,225.0,15,191.0,5,190,190,false
1585,Packaged Food,Dabur Hommade - Rajasthan Ki Garlic Chutne,65.0,6,61.0,6,200,200,false
1586,Packaged Food,MTR Seviyan Vermicelli,42.0,0,42.0,2,400,400,false
1587,Packaged Food,Pantai Oyster Sauce,275.0,14,234.0,4,200,200,false
1588,Packaged Food,Go Cheese Spread - Four Pepper (Soft & Creamy),99.0,5,94.0,6,200,200,false
1589,Packaged Food,MTR Ready To Eat Paneer Butter Masala,135.0,9,122.0,2,300,300,false
1590,Packaged Food,Nestle Lactogen Stage 2 Follow-up Formula Powder,340.0,0,340.0,2,400,400,false
1591,Packaged Food,Kellogg's Crunchy Bites Chocos,190.0,10,171.0,6,375,375,false
1592,Packaged Food,Veeba Hot Sweet Tomato Chilli Sauce,104.0,20,83.0,3,500,500,false
1593,Packaged Food,Borges Durum Wheat Pasta Superior Quality,250.0,40,149.0,6,500,500,false
1594,Packaged Food,Funfoods Peanut Butter Crunchy,169.0,7,156.0,1,400,400,false
1595,Packaged Food,Pantai Red Curry Paste,60.0,0,60.0,4,50,50,false
1596,Packaged Food,ITC Master Chef Chicken Seekh Kabab,325.0,0,325.0,6,500,500,false
1597,Packaged Food,Del Monte Pizza & Pasta Sauce Spout Pack,99.0,0,99.0,3,400,400,false
1598,Packaged Food,Pantai Sriracha Red Chilli Sauce,225.0,15,191.0,6,200,200,false
1599,Packaged Food,Hershey's Cocoa Spread,295.0,0,295.0,3,350,350,false
1600,Packaged Food,Maggi Ghee Tadka Upma Express Pouch,25.0,0,25.0,6,65,65,false
1601,Packaged Food,Ching's Secret Manchurian Noodles,91.0,0,91.0,5,360,360,false
1602,Packaged Food,Kellogg's All Bran Wheat Flakes,220.0,6,205.0,5,425,425,false
1603,Packaged Food,Yummiez Chicken Breakfast Sausages,150.0,0,150.0,3,250,250,false
1604,Packaged Food,Pantai Red Curry Paste,150.0,14,128.0,3,114,114,false
1605,Packaged Food,Bagrrys Muesli Crunchy Fruit & Nut With Cranberries,330.0,10,297.0,6,400,400,false
1606,Packaged Food,Quaker Oats Pouch,276.0,10,248.0,6,1500,1,false
1607,Packaged Food,Prasuma Momos - Cheesy Spicy Veg,295.0,0,295.0,6,24,24,false
1608,Packaged Food,Veeba Sriracha Chilli Garlic Sauce,149.0,8,137.0,5,320,320,false
1609,Packaged Food,Ching's Secret Just Soak - Veg Hakka Noodles,115.0,0,115.0,6,600,600,false
1610,Packaged Food,Moi Soi Kung Pao Sauce - For Stir Fry Marinade Spread & Dip,280.0,50,140.0,5,175,175,false
1611,Packaged Food,Figaro Plain Green Olive,179.0,0,179.0,6,450,450,false
1612,Packaged Food,Mother's Recipe Gujrati Gorkeri Pickle,140.0,10,126.0,3,500,500,false
1613,Packaged Food,Kellogg's Muesli 20% Nuts Delight,320.0,0,320.0,6,500,500,false
1614,Packaged Food,Borges Farfalle Durum Wheat Pasta,250.0,0,250.0,5,500,500,false
1615,Packaged Food,Kellogg's Chocos,299.0,10,269.0,4,700,700,false
1616,Packaged Food,Nestle Nan Pro 4 Follow Up Formula Powder For Older Infants,620.0,0,620.0,1,400,400,false
1617,Packaged Food,Veeba Truly Tomato Ketchup,99.0,20,79.0,6,500,500,false
1618,Packaged Food,Ching's Secret Green Chilli Sauce,85.0,4,81.0,1,680,680,false
1619,Packaged Food,MTR Roasted Vermicelli,55.0,0,55.0,1,400,400,false
1620,Packaged Food,Mother's Recipe Punjabi Teekha Mang Pickle,120.0,10,108.0,4,400,400,false
1621,Packaged Food,Ching's Secret Hot Garlic Instant Noodles,114.0,0,114.0,6,480,480,false
1622,Packaged Food,Kellogg's Real Honey Corn Flakes,290.0,7,267.0,5,630,630,false
1623,Packaged Food,ITC Master Chef Lebanese Falafel Kebab,130.0,4,124.0,4,230,230,false
1624,Packaged Food,Kelloggs Chocos Fills Double Chocolaty,185.0,10,165.0,5,250,250,false
1625,Packaged Food,Organic India Apple Cider Vinegar,595.0,9,536.0,2,500,500,false
1626,Packaged Food,Masala Oats Masala & Coriander,195.0,9,176.0,5,500,500,false
1627,Packaged Food,Ching's Secret Noodles - Pad Thai Lemongras,200.0,0,200.0,5,130,130,false
1628,Packaged Food,Bagrrys Fruit and Nut Muesli with Cranberries,499.0,0,499.0,5,750,750,false
1629,Packaged Food,Kitchens Of India Yellow Dal Tadka,110.0,30,77.0,6,285,285,false
1630,Packaged Food,Soulfull Vanilla Fills - Ragi Bites,169.0,5,160.0,6,250,250,false
1631,Packaged Food,Pantai Teriyaki Sauce with Garlic,325.0,15,276.0,6,200,200,false
1632,Packaged Food,Whiskas Adult Pocket Tuna Cat Food,410.0,0,410.0,1,1200,1,false
1633,Packaged Food,Kitchens Of India Chicken Darbari,200.0,30,140.0,4,285,285,false
1634,Packaged Food,Soulfull Millet Muesli Fruit & Nut Almonds & Real Fruits,299.0,10,269.0,6,400,400,false
1635,Packaged Food,Smith & Jones Red Pasta Sauce Mix,40.0,0,40.0,6,46,46,false
1636,Packaged Food,Kellogg's Muesli Nuts Delight,425.0,9,383.0,3,750,750,false
1637,Packaged Food,Kitchens of India Dal Bukhara Gravy Mix,110.0,30,77.0,6,285,285,false
1638,Packaged Food,The Whole Truth Peanut Butter - Sweetened & Crunchy,215.0,20,172.0,6,325,325,false
1639,Packaged Food,Remia Mayonnaise,230.0,0,230.0,6,241,241,false
1640,Packaged Food,Ching's Secret Green Chilli Sauce,105.0,0,105.0,6,425,425,false
1641,Packaged Food,Bagrrys Fruit N Fibre Muesli - Strawberry,595.0,0,595.0,1,1000,1,false
1642,Packaged Food,Ching's Secret Tomato Oats Instant Soup,15.0,0,15.0,3,20,20,false
1643,Packaged Food,Kellogg's Special K Original Corn Flakes,140.0,5,133.0,1,290,290,false
1644,Packaged Food,Moi Soi Black Bean Sauce - Dip Spread Stir Fry & Marinade,280.0,50,140.0,5,175,175,false
1645,Packaged Food,Tong Garden Wasabi Green Peas,175.0,4,167.0,6,150,150,false
1646,Packaged Food,Ching's Secret Red Chilli Sauce,105.0,0,105.0,4,440,440,false
1647,Packaged Food,Ching's Instant Hot and Sour Soup,55.0,0,55.0,5,55,55,false
1648,Packaged Food,Ching's Secret Noodles - Pad Thai Original,200.0,0,200.0,6,130,130,false
1649,Packaged Food,Aashirvaad Instant Meals - Khatta Meetha Pohaa With Millets,55.0,30,38.0,5,80,80,false
1650,Packaged Food,Del Monte Black Sliced Olives,250.0,0,250.0,1,450,450,false
1651,Packaged Food,Kitchens Of India Murgh Methi,220.0,30,154.0,5,285,285,false
1652,Packaged Food,Nestle Cerelac 5 Grains & Fruits Cereal,288.0,0,288.0,6,300,300,false
1653,Packaged Food,The Whole Truth - 5 Grain Muesli No Added Sugar,325.0,20,260.0,6,350,350,false
1654,Packaged Food,Ching's Secret Pad Thai Noodles Green Curry,200.0,0,200.0,6,130,130,false
1655,Packaged Food,Aashirvaad Suji Halwa With Jaggery,75.0,0,75.0,6,70,70,false
1656,Packaged Food,Mother's Recipe Mango Pickle,120.0,0,120.0,1,400,400,false
1657,Packaged Food,Ching's Secret Pad Thai Noodles - Extra Hot Thai Chilli,200.0,0,200.0,6,130,130,false
1658,Packaged Food,Kellogg's Special K Original Corn Flakes,399.0,11,355.0,6,900,900,false
1659,Packaged Food,Knorr Sweet Corn Chicken Soup,55.0,0,55.0,2,42,42,false
1660,Packaged Food,Ching's Secret Tomato Soup,55.0,0,55.0,6,55,55,false
1661,Packaged Food,Funfoods Peanut Butter Creamy,169.0,0,169.0,1,400,400,false
1662,Packaged Food,Japanese Choice Udon Noodles,295.0,9,266.0,6,250,250,false
1663,Packaged Food,Kelloggs Muesli - With 22% Fruit Magic,320.0,10,288.0,5,500,500,false
1664,Packaged Food,Dabur Hommade - Kalonji Tamatar Ki Chutney,65.0,6,61.0,6,200,200,false
1665,Packaged Food,Kitchens Of India Dal Makhani,110.0,30,77.0,1,285,285,false
1666,Packaged Food,Aashirvaad Suji Halwa With Jaggery,55.0,30,38.0,6,80,80,false
1667,Packaged Food,Del Monte Green Chili Sauce,55.0,0,55.0,3,190,190,false
1668,Packaged Food,Pedigree Dog Food Adult Chicken & Veg,660.0,10,594.0,1,3000,3,false
1669,Packaged Food,Kellogg's Original Corn Flakes,185.0,5,175.0,6,475,475,false
1670,Packaged Food,Pedigree Puppy Dry Dog Food Food Chicken & Milk,690.0,6,648.0,2,3000,3,false
1671,Packaged Food,Kitchens Of India Rajma Masala,110.0,30,77.0,5,285,285,false
1672,Packaged Food,Kitchen Of India Ready-To-Eat Pindi Channa,110.0,30,77.0,2,285,285,false
1673,Packaged Food,Figaro Pitted Black Olive,179.0,0,179.0,6,450,450,false
1674,Packaged Food,Cantina Tabasco Red Sauce,140.0,15,119.0,6,60,60,false
1675,Packaged Food,Mother's Recipe Pickle - Mixed,149.0,26,109.0,6,500,500,false
1676,Packaged Food,Nestle Cerelac Baby Cereal with Milk 5 Grains & Vegetables from 18 to 24 Month,279.0,0,279.0,5,300,300,false
1677,Packaged Food,Mother's Recipe Tamarind Paste,50.0,2,49.0,2,200,200,false
1678,Packaged Food,Pedigree Meat Jerky Adult Dog Treat Barbecued Chicken,140.0,20,112.0,6,80,80,false
1679,Packaged Food,Veeba Peri Peri Sauce,161.0,0,161.0,6,300,300,false
1680,Packaged Food,Pantai Sriracha Yellow Chilli Sauce,225.0,15,191.0,6,200,200,false
1681,Packaged Food,Praakritik Organic Jumbo Rolled Oats,190.0,11,169.0,6,500,500,false
1682,Packaged Food,Ching's Secret Just Soak - Whole Wheat Veg Hakka Noodles,123.0,0,123.0,6,600,600,false
1683,Packaged Food,Pantai Spring Roll Sauce,275.0,10,245.0,6,200,200,false
1684,Packaged Food,MTR Vermicelli Payasam,75.0,0,75.0,6,180,180,false
1685,Packaged Food,Bagrrys Corn Flakes,350.0,0,350.0,6,880,800,false
1686,Packaged Food,MTR Ready To Eat Palak Paneer,135.0,11,120.0,6,300,300,false
1687,Packaged Food,Del Monte Red Chili Sauce,55.0,0,55.0,5,190,190,false
1688,Packaged Food,Kitchens of India Mutter Paneer Mix,120.0,30,84.0,4,285,285,false
1689,Packaged Food,Pantai Green Curry Paste,60.0,6,56.0,6,50,50,false
1690,Packaged Food,The Laughing Cow Cheese Spread Plain,110.0,0,110.0,6,180,180,false
1691,Packaged Food,MTR Dal Fry,110.0,0,110.0,5,300,300,false
1692,Packaged Food,Pantai Fish Sauce,275.0,14,234.0,6,200,200,false
1693,Packaged Food,Cantina Beans Mexican Beans,250.0,14,213.0,6,410,410,false
1694,Packaged Food,Ching's Secret Manchurian Instant Noodle,114.0,0,114.0,6,480,480,false
1695,Packaged Food,Remia Salad Italian Dressing,230.0,0,230.0,6,250,250,false
1696,Packaged Food,Yummiez Veg Cheese Fingers Pouch,230.0,0,230.0,4,400,400,false
1697,Packaged Food,MTR Dal Makhani,110.0,0,110.0,4,300,300,false
1698,Packaged Food,MTR Ready to Eat Pav Bhaji,110.0,0,110.0,6,300,300,false
1699,Packaged Food,Weikfield Tomato Salsa Instant Pasta,25.0,0,25.0,1,77,77,false
1700,Packaged Food,Nestlé CERELAC Baby Cereal with Milk,272.0,0,272.0,1,300,300,false
1701,Packaged Food,Remia Salad Caesar Dressing,250.0,0,250.0,6,250,250,false
1702,Packaged Food,Bagrrys Fruit N Fibre Muesli Mixed Fruit,330.0,0,330.0,6,500,500,false
1703,Packaged Food,MTR Paneer Butter Masala & Veg Pulao,175.0,9,158.0,4,375,375,false
1704,Packaged Food,Sundrop Cocoa Nut Hazelnut Chocolatey Spread,120.0,0,120.0,6,160,160,false
1705,Packaged Food,Moi Soi Manchurian Sauce - For Stir Fry Marinade Spread & Dip,280.0,50,140.0,6,175,175,false
1706,Packaged Food,Pedigree Dog Food Adult Meat & Rice,660.0,7,608.0,2,3000,3,false
1707,Packaged Food,Pantai Sriracha Green Chilli Sauce,225.0,15,191.0,6,200,200,false
1708,Packaged Food,Pantai Chilli Garlic Sauce,275.0,14,234.0,6,200,200,false
1709,Packaged Food,Pantai Dark Soy Sauce,275.0,14,234.0,6,200,200,false
1710,Packaged Food,Yoga Bar Peanut Butter Dark Chocolate Jar,249.0,0,249.0,4,400,400,false
1711,Packaged Food,Cantina Tabasco Green Sauce,140.0,15,119.0,6,60,60,false
1712,Packaged Food,Pantai Pad Thai Sauce (Non-Veg),325.0,9,293.0,5,200,200,false
1713,Packaged Food,Pantai Sweet Chilli Sauce,275.0,14,234.0,6,200,200,false
1714,Packaged Food,Ching's Secret Schezwan Instant Noodle,114.0,0,114.0,6,480,480,false
1715,Packaged Food,Yummiez Chicken Garlic Fingers Pouch,250.0,0,250.0,5,400,400,false
1716,Packaged Food,Pediasure Premium Chocolate Powdered Health Drink,610.0,0,610.0,2,400,400,false
1717,Packaged Food,Chings Secret Hot Garlic Instant Noodles,91.0,0,91.0,6,60,60,false
1718,Packaged Food,Godrej Yummiez Cheese Corn Nuggets,230.0,0,230.0,4,400,400,false
1719,Packaged Food,Pantai Hot Chilli Sauce,275.0,14,234.0,6,200,200,false
1720,Packaged Food,Knorr International Mexican Tomato Corn Soup,65.0,6,61.0,3,52,52,false
1721,Packaged Food,Bagrry's Fruit Fibre Muesli Mixed Fruit,595.0,0,595.0,5,1000,1,false
1722,Packaged Food,MTR Roasted Vermicelli,105.0,0,105.0,4,850,850,false
1723,Packaged Food,Maggi 2-Minute Instant Noodles - Masala,44.0,0,44.0,0,280,280,true
1724,Packaged Food,"Kurkure Green Chutney, Rajasthani Style",20.0,0,20.0,0,90,90,true
1725,Packaged Food,Kellogg's Chocos Combo Pack,60.0,6,56.0,0,156,156,true
1726,Packaged Food,Kissan Mixed Fruit Jam,155.0,0,155.0,0,500,500,true
1727,Packaged Food,Lijjat Urad Papad,60.0,5,57.0,0,200,200,true
1728,Packaged Food,Amul Cheese Spread Yummy Plain,85.0,0,85.0,0,200,200,true
1729,Packaged Food,Mother's Recipe Ginger And Garlic Paste,50.0,24,38.0,0,200,200,true
1730,Packaged Food,Maggi Magic Cubes Chicken,40.0,2,39.0,0,40,40,true
1731,Packaged Food,Pedigree Puppy Chicken Chunks in Gravy,35.0,2,34.0,0,70,70,true
1732,Packaged Food,The Whole Truth Peanut Butter - Unsweetened & Crunchy,185.0,20,148.0,0,325,325,true
1733,Packaged Food,Ching's Chow Mein Hakka Noodles Masala,10.0,0,10.0,0,20,20,true
1734,Packaged Food,Safal Frozen Mixed Vegetables,60.0,5,57.0,0,500,500,true
1735,Packaged Food,Safal Frozen Corn,41.0,4,39.0,0,200,200,true
1736,Packaged Food,Amul Cheese Spread Spicy Garlic,85.0,3,82.0,0,200,200,true
1737,Packaged Food,Ching's Secret Veg Hakka Noodles,107.0,0,107.0,0,600,600,true
1738,Packaged Food,Saffola Oats 100 % Natural,15.0,0,15.0,0,38,38,true
1739,Packaged Food,Lijjat Moong Papad,60.0,5,57.0,0,200,200,true
1740,Packaged Food,Mothers Recipe Papad - Sabudana With Rock Salt,31.0,9,28.0,0,70,70,true
1741,Packaged Food,Maggi Chilly Chow Cuppa Noodles,50.0,0,50.0,0,70,70,true
1742,Packaged Food,Veeba Favourites Eggless Burger Mayonnaise,69.0,8,63.0,0,250,250,true
1743,Packaged Food,Sunfeast YiPPee! Magic Masala Noodles,48.0,6,45.0,0,240,240,true
1744,Packaged Food,Top Ramen Masala,91.0,9,82.0,0,560,560,true
1745,Packaged Food,Kelloggs Corn Flakes With Real Strawberry Pure,265.0,10,236.0,0,575,575,true
1746,Packaged Food,Mother's Recipe Potato Papad,31.0,9,28.0,0,70,75,true
1747,Packaged Food,Mothers Recipe Rice Papad Ajwain,24.0,0,24.0,0,75,75,true
1748,Packaged Food,Chef's Basket Durum Wheat Penne Pasta,160.0,50,80.0,0,500,500,true
1749,Packaged Food,Dabur Hommade - Imli Sauce Saunth,20.0,10,18.0,0,100,100,true
1750,Packaged Food,Zorabian Chicken Kheema Parathas,190.0,0,190.0,0,300,300,true
1751,Packaged Food,Sunfeast Pasta Treat Pack of Tomato Cheese,28.0,17,23.0,0,65,65,true
1752,Packaged Food,Safal Frozen - Sweet Corn,160.0,5,152.0,0,1000,1,true
1753,Packaged Food,MTR Vegetable Upma,25.0,0,25.0,0,60,60,true
1754,Packaged Food,Del Monte Original Blend Tomato Ketchup Pouch,120.0,7,111.0,0,950,950,true
1755,Packaged Food,Del Monte Natural Vinegar,55.0,3,53.0,0,180,180,true
1756,Packaged Food,Del Monte Eggless Mayo,135.0,6,126.0,0,500,500,true
1757,Packaged Food,ITC Master Chef Cheesy Corn Triangles,160.0,5,152.0,0,320,320,true
1758,Packaged Food,Mother's Recipe Mixed Pickle,115.0,4,110.0,0,400,400,true
1759,Packaged Food,Godrej Yummiez Chicken Breakfast Salami,150.0,4,143.0,0,250,250,true
1760,Packaged Food,Hershey's Cocoa + Almond Spread,295.0,9,266.0,0,350,350,true
1761,Packaged Food,Maggi Special Masala Spicy Yummy Noodles,72.0,0,72.0,0,280,280,true
1762,Packaged Food,Del Monte Schezwan Sauce,55.0,0,55.0,0,190,190,true
1763,Packaged Food,Yummiez Green Peas,135.0,0,135.0,0,500,500,true
1764,Packaged Food,Yummiez Green Peas,250.0,0,250.0,0,1000,1,true
1765,Packaged Food,Yummiez American Sweet Corn,85.0,0,85.0,0,400,400,true
1766,Packaged Food,Dr Oetker Cucumber & Carrot Sandwich Spread Veg,79.0,0,79.0,0,250,250,true
1767,Packaged Food,Del Monte Pitted Green Olives,250.0,0,250.0,0,450,450,true
1768,Ice Cream & Desserts,Maggi 2 Minute Masala Noodles,12.0,0,12.0,6,70,70,false
1769,Ice Cream & Desserts,iD Idli & Dosa Batter,80.0,15,68.0,6,1000,1,false
1770,Ice Cream & Desserts,iD Malabar Parota,80.0,10,72.0,4,400,400,false
1771,Ice Cream & Desserts,iD Wheat Lachha Paratha,80.0,12,70.0,6,400,400,false
1772,Ice Cream & Desserts,McCain Aloo Tikki,110.0,4,105.0,6,400,400,false
1773,Ice Cream & Desserts,McCain Smiles Cripsy Happy Potatoes,120.0,5,114.0,6,415,415,false
1774,Ice Cream & Desserts,McCain Veggie Burger Patty,115.0,3,111.0,6,360,360,false
1775,Ice Cream & Desserts,McCain Veggie Fingers,117.0,5,111.0,6,400,400,false
1776,Ice Cream & Desserts,Amul Delicious Fat Spread - Cholesterol Free,18.0,5,17.0,6,100,100,false
1777,Ice Cream & Desserts,Whiskas Wet Meal (Adult - Cat Food) Chicken in Gravy,35.0,2,34.0,2,85,85,false
1778,Ice Cream & Desserts,McCain Chilli Garlic Potato Bites Crunchy Potato Nuggets,125.0,5,118.0,1,420,420,false
1779,Ice Cream & Desserts,Ching's Secret Instant Hot Garlic Noodles,15.0,0,15.0,3,60,60,false
1780,Ice Cream & Desserts,Veeba Eggless Mayonnaise,79.0,11,70.0,5,250,250,false
1781,Ice Cream & Desserts,Ching's Secret Instant Schezwan Noodles,15.0,0,15.0,6,60,60,false
1782,Ice Cream & Desserts,Veeba Pasta And Pizza Sauce,75.0,13,65.0,5,280,280,false
1783,Ice Cream & Desserts,Top Ramen Noodles Curry Veg Pouch,20.0,0,20.0,1,70,70,false
1784,Ice Cream & Desserts,Saffola Veggie Twist Masala Oats,15.0,0,15.0,6,38,38,false
1785,Ice Cream & Desserts,Unibic Almond & Oats Protein Bar,40.0,17,33.0,4,30,30,false
1786,Ice Cream & Desserts,Quaker Oats,79.0,0,79.0,2,400,400,false
1787,Ice Cream & Desserts,Amul Delicious Fat Spread - Cholesterol Free,88.0,2,86.0,2,500,500,false
1788,Ice Cream & Desserts,McCain French Fries,120.0,5,114.0,1,420,420,false
1789,Ice Cream & Desserts,Ching's Secret Manchow Instant Soup,10.0,0,10.0,1,15,15,false
1790,Ice Cream & Desserts,McCain Potato Cheese Shotz,130.0,4,124.0,6,250,250,false
1791,Ice Cream & Desserts,McCain Masala - Fries,120.0,5,114.0,3,375,375,false
1792,Ice Cream & Desserts,Ching's Secret Schezwan Fried Rice Masala,15.0,0,15.0,6,20,20,false
1793,Ice Cream & Desserts,McCain New Mini Samosa with Cheese Pizza Style Filling,120.0,1,118.0,3,240,240,false
1794,Ice Cream & Desserts,McCain Chilli Cheesy Nuggets,130.0,4,124.0,1,250,250,false
1795,Ice Cream & Desserts,"Whiskas Adult (+1 Year) Dry Cat Food, Ocean Fish Flavour",430.0,10,387.0,6,1200,1,false
1796,Ice Cream & Desserts,Chings Instant Soup - Hot & Sour,10.0,0,10.0,1,15,15,false
1797,Ice Cream & Desserts,Amul Spray Infant Milk Food,197.0,2,193.0,6,500,500,false
1798,Ice Cream & Desserts,McCain Smiles - Pudina Chatka,120.0,5,114.0,3,375,375,false
1799,Ice Cream & Desserts,McCain French Fries Crisp & Delicious,175.0,4,167.0,3,750,750,false
1800,Ice Cream & Desserts,Ferrero Nutella Hazelnut Spread,220.0,5,207.0,2,180,180,false
1801,Ice Cream & Desserts,Lijjat Garlic Papad,60.0,5,57.0,5,200,200,false
1802,Ice Cream & Desserts,Switz Samosa Dough Sheets,90.0,4,86.0,6,50,50,false
1803,Ice Cream & Desserts,Amul Cheese Spread Creamy,85.0,5,80.0,6,180,180,false
1804,Ice Cream & Desserts,Maggi Imli Sauce Pichkoo,22.0,0,22.0,6,90,90,false
1805,Ice Cream & Desserts,Whiskas Kitten (2-12 months) Dry Cat Food Food Ocean Fish,385.0,9,347.0,5,1100,1100,false
1806,Ice Cream & Desserts,Chings Instant Soup - Sweet Corn Veg,10.0,0,10.0,2,15,15,false
1807,Ice Cream & Desserts,Whiskas Wet Meal (Kitten - Cat Food) Chicken in Gravy,35.0,5,33.0,2,85,85,false
1808,Ice Cream & Desserts,McCain Crazy Fries Masala MixHot 'n' Tangy,120.0,5,114.0,6,400,400,false
1809,Ice Cream & Desserts,The Whole Truth Double Cocoa Protein Bar No Sugar,100.0,10,90.0,6,52,52,false
1810,Ice Cream & Desserts,Amul Happy Treats French Fries,68.0,4,65.0,1,425,425,false
1811,Ice Cream & Desserts,Ferrero Nutella Hazeulnut Spread,380.0,6,357.0,5,350,350,false
1812,Ice Cream & Desserts,Veeba Chipolte Southwest Dressing,161.0,7,149.0,4,300,300,false
1813,Ice Cream & Desserts,Ching's Secret Manchow Noodles Instant Soup,15.0,0,15.0,6,20,20,false
1814,Ice Cream & Desserts,Yoga Bar Breakfast Protein Bar - Blueberry Pie,50.0,12,44.0,1,50,50,false
1815,Ice Cream & Desserts,Quaker Oats,199.0,7,184.0,6,1000,1,false
1816,Ice Cream & Desserts,The Whole Truth Mini Protein Bar - Coconut Cocoa No Added Sugar,55.0,25,41.0,6,27,27,false
1817,Ice Cream & Desserts,Switz Spring Roll Dough Sheets,90.0,4,86.0,6,1160,20,false
1818,Ice Cream & Desserts,Unibic Fruit & Nut Real Cranberries & Almonds Protein Bar,40.0,17,33.0,6,30,30,false
1819,Ice Cream & Desserts,Ching's Secret Tomato Instant Soup,10.0,0,10.0,1,16,15,false
1820,Ice Cream & Desserts,Chef's Basket Durum Wheat Elbow Pasta,160.0,50,80.0,6,500,500,false
1821,Ice Cream & Desserts,Sunfeast Yippee! Mood Masala Noodles,60.0,28,43.0,3,260,260,false
1822,Ice Cream & Desserts,MTR Breakfast Khatta Meetha Poha Mix,25.0,20,20.0,6,60,60,false
1823,Ice Cream & Desserts,Kellogg's Crunchy Fruit & Nut Breakfast Cereals Muesli,445.0,9,401.0,6,750,750,false
1824,Ice Cream & Desserts,Ching's Secret Chilli Vinegar,50.0,0,50.0,4,170,170,false
1825,Ice Cream & Desserts,Ching's Red Chilli Sauce,55.0,0,55.0,6,200,200,false
1826,Ice Cream & Desserts,Amul Lite Spread,40.0,2,39.0,5,100,100,false
1827,Ice Cream & Desserts,Borges Durum Wheat Fusilli Pasta,250.0,0,250.0,3,500,500,false
1828,Ice Cream & Desserts,The Whole Truth Cranberry Mini Protein Bar No Sugar,55.0,20,44.0,6,27,27,false
1829,Ice Cream & Desserts,The Whole Truth Mini Protein Bar - Coffee Cocoa No Added Sugar,55.0,20,44.0,6,27,27,false
1830,Ice Cream & Desserts,Maggi Hot & Sweet Tomato Chilli Sauce,115.0,0,115.0,1,500,500,false
1831,Ice Cream & Desserts,Sunfeast YiPPee! Noodles - Magic Masala,96.0,5,91.0,4,540,540,false
1832,Ice Cream & Desserts,Chef's Basket Durum Wheat Fusilli Pasta,160.0,50,80.0,6,500,500,false
1833,Ice Cream & Desserts,Top Ramen Chicken Noodles,60.0,10,54.0,1,280,280,false
1834,Ice Cream & Desserts,Veeba Cheese and Chilli Sandwich Spread,89.0,11,79.0,6,275,275,false
1835,Ice Cream & Desserts,Ching's Secret Chowmein Hakka Noodles Masala,44.0,0,44.0,2,60,60,false
1836,Ice Cream & Desserts,Safal Frozen - Mixed Vegetables,110.0,4,105.0,2,1000,1,false
1837,Ice Cream & Desserts,MTR 3 Min Poha,25.0,0,25.0,6,60,60,false
1838,Ice Cream & Desserts,Ching's Manchurian Instant Noodles,15.0,0,15.0,5,60,60,false
1839,Ice Cream & Desserts,The Whole Truth Peanut Cocoa Mini Protein Bar No Sugar,55.0,25,41.0,6,27,27,false
1840,Ice Cream & Desserts,Gits Pav Bhaji Ready to Eat,110.0,22,85.0,6,300,300,false
1841,Ice Cream & Desserts,McCain New Mini Samosa with Cheese Corn Style Filling,120.0,1,118.0,2,240,240,false
1842,Ice Cream & Desserts,Lijjat Udad Mini Papad,60.0,6,56.0,6,200,200,false
1843,Ice Cream & Desserts,McCain Herb & Garlic Crazy Fries Masala Mix,120.0,5,114.0,5,400,400,false
1844,Ice Cream & Desserts,Yoga Bar Multigrain Energy Bar Nuts And Seeds,40.0,12,35.0,4,38,38,false
1845,Ice Cream & Desserts,"Ching's Secret Sauce, Green Chilli",55.0,0,55.0,5,190,190,false
1846,Ice Cream & Desserts,Veeba Pizza Topping,75.0,6,70.0,4,280,280,false
1847,Ice Cream & Desserts,Switz Paratha Puff,110.0,4,105.0,6,400,400,false
1848,Ice Cream & Desserts,"New Kellogg's Muesli with 21% Fruit, Nut & Seeds",325.0,6,305.0,6,500,500,false
1849,Ice Cream & Desserts,The Whole Truth Double Cocoa Mini Protein Bar No Sugar,55.0,20,44.0,5,27,27,false
1850,Ice Cream & Desserts,Sunfeast Yippee Tricolor Pasta Seasoning,28.0,17,23.0,1,65,65,false
1851,Ice Cream & Desserts,Wingreens Cheesy Chipotle Sauce,99.0,49,50.0,1,130,130,false
1852,Ice Cream & Desserts,Maggi Rich Tomato Ketchup,105.0,4,100.0,2,500,500,false
1853,Ice Cream & Desserts,The Whole Truth Dark Chocolate Peanut Butter - Creamy,235.0,25,174.0,6,325,325,false
1854,Ice Cream & Desserts,Godrej Yummiez Chicken Nuggets,325.0,9,293.0,1,500,500,false
1855,Ice Cream & Desserts,Go Cheese Spread Plain,99.0,5,94.0,6,200,200,false
1856,Ice Cream & Desserts,Kellogg's Real Almond & Honey Corn Flakes,175.0,9,158.0,6,300,300,false
1857,Ice Cream & Desserts,The Whole Truth Vegan Almond Choco Fudge Energy Bar No Sugar,60.0,20,48.0,6,40,40,false
1858,Ice Cream & Desserts,Prasuma Vegetable Momos,270.0,0,270.0,5,24,24,false
1859,Ice Cream & Desserts,MTR Upma,50.0,10,45.0,6,160,160,false
1860,Ice Cream & Desserts,Ching's Schezwan Masala Instant Noodles,60.0,0,60.0,1,240,240,false
1861,Ice Cream & Desserts,The Whole Truth Cranberry Protein Bar No Sugar,100.0,26,74.0,6,52,52,false
1862,Ice Cream & Desserts,Saffola Yummy Masala Noodles,20.0,0,20.0,2,46,46,false
1863,Ice Cream & Desserts,Veeba English Mustard,74.0,6,69.0,2,300,300,false
1864,Ice Cream & Desserts,Dabur Hommade Tamarind Paste,48.0,6,45.0,6,200,200,false
1865,Ice Cream & Desserts,Yoga Bar Breakfast Muesli - Almond Caramel (No Added Sugar),325.0,4,309.0,6,400,400,false
1866,Ice Cream & Desserts,The Whole Truth Mini Protein Bar - Peanut Butter No Added Sugar,55.0,25,41.0,6,27,27,false
1867,Ice Cream & Desserts,ITC Master Chef Crispy Chicken Fries,170.0,4,162.0,3,280,280,false
1868,Ice Cream & Desserts,Kelloggs Corn Flakes,99.0,13,86.0,6,250,250,false
1869,Ice Cream & Desserts,Nissin Cup Noodles Tangy Tomato,50.0,10,45.0,2,70,70,false
1870,Ice Cream & Desserts,Smith & Jones White Pasta Sauce Mix,40.0,0,40.0,3,46,46,false
1871,Ice Cream & Desserts,Sunfeast Yippee! Pasta Treat - Sour Cream Onion,28.0,10,25.0,1,65,65,false
1872,Ice Cream & Desserts,Mothers Recipe Tamrind Date Chutney,55.0,9,50.0,2,200,200,false
1873,Ice Cream & Desserts,Veeba Mint Mayonnaise,169.0,8,155.0,4,300,300,false
1874,Ice Cream & Desserts,Mccain Emotibites - Crispy Happy Potato Snack,130.0,0,129.0,6,415,415,false
1875,Ice Cream & Desserts,The Whole Truth Energy Bar Choco Cranberry Fudge,60.0,26,44.0,6,40,40,false
1876,Ice Cream & Desserts,Godrej Yummiez Chicken Lucknowi Seekh Kebab,260.0,10,234.0,4,400,400,false
1877,Ice Cream & Desserts,Prasuma Vegetable Momos,150.0,0,150.0,5,580,10,false
1878,Ice Cream & Desserts,Mother's Recipe Mixed Pickle,85.0,9,77.0,2,300,300,false
1879,Ice Cream & Desserts,Sunfeast Yippee! Pasta Treat - Sour Cream Onion,28.0,17,23.0,3,65,65,false
1880,Ice Cream & Desserts,The Whole Truth Peanut Cocoa Protein Bar No Sugar,100.0,26,74.0,6,52,52,false
1881,Ice Cream & Desserts,Yoga Bar Breakfast Muesli - Chocolate & Cranberry,325.0,4,309.0,6,400,400,false
1882,Ice Cream & Desserts,Sunfeast YiPPee! Magic Masala Noodles,70.0,10,63.0,3,405,405,false
1883,Ice Cream & Desserts,Veeba Sweet Onion Sauce,141.0,14,121.0,4,350,350,false
1884,Ice Cream & Desserts,Quaker Oats Breakfast Cereals - With Flavour Mix Nutritious Rich Source Of Energy,49.0,8,45.0,6,200,200,false
1885,Ice Cream & Desserts,Mother's Recipe Tamarind Paste,50.0,2,49.0,6,200,200,false
1886,Ice Cream & Desserts,Yogabar No Added Sugar Protein Bar Brownie,125.0,15,106.0,4,60,60,false
1887,Ice Cream & Desserts,Bambino Popular Vermicelli,40.0,2,39.0,3,400,400,false
1888,Ice Cream & Desserts,Ching's Secret Mix Veg Instant Soup,10.0,0,10.0,3,15,15,false
1889,Ice Cream & Desserts,Mother's Recipe Pickle - Red Stuffed Chilli,145.0,11,129.0,3,400,400,false
1890,Ice Cream & Desserts,Kellogg's No Added Sugar Muesli,335.0,11,298.0,6,500,500,false
1891,Ice Cream & Desserts,Veeba Salsa Dip,119.0,6,111.0,6,360,360,false
1892,Ice Cream & Desserts,Veeba Thousand Island Dressing,149.0,8,137.0,6,300,300,false
1893,Ice Cream & Desserts,Baggry's Crunchy Muesli Almond Raisins & Honey,130.0,0,130.0,5,200,200,false
1894,Ice Cream & Desserts,Knorr Chinese Hot And Sour Veg Soup,55.0,3,53.0,1,43,43,false
1895,Ice Cream & Desserts,Go Cheese Spread - Garlic,99.0,5,94.0,6,200,200,false
1896,Ice Cream & Desserts,The Whole Truth Peanut Butter With Dates - Creamy No Sugar,215.0,9,194.0,6,325,325,false
1897,Ice Cream & Desserts,Zorabian Chicken Smoked Ham,205.0,5,194.0,1,250,250,false
1898,Ice Cream & Desserts,Kissan Pineapple Jam,165.0,9,149.0,1,500,500,false
1899,Ice Cream & Desserts,Smith & Jones Masala Noodles,89.0,0,89.0,5,480,480,false
1900,Ice Cream & Desserts,Nestle Nestle Nan Pro Follow-Up Formula,650.0,0,650.0,6,400,400,false
1901,Ice Cream & Desserts,Sunfeast Yippee! Power Up Atta Noodles,96.0,15,81.0,6,280,280,false
1902,Ice Cream & Desserts,McCain Super Wedges,120.0,7,111.0,6,400,400,false
1903,Ice Cream & Desserts,"Kellogg's Crunchy Granola Honey, Almonds, Strawberries & Pumpkin Seeds",330.0,10,294.0,1,450,450,false
1904,Ice Cream & Desserts,Kellogg's Chocos,130.0,10,117.0,6,250,250,false
1905,Ice Cream & Desserts,Ching's Secret Just Soak - Whole Wheat Veg Hakka Noodle,32.0,0,32.0,3,150,150,false
1906,Ice Cream & Desserts,The Whole Truth Vegan Fig Apricot & Orange Energy Bar No Sugar,60.0,20,48.0,6,40,40,false
1907,Ice Cream & Desserts,Saffola Veggie Twist Masala Oats,195.0,12,171.0,2,500,500,false
1908,Ice Cream & Desserts,ITC Master Chef Classic Aloo Tikki,80.0,10,72.0,3,320,320,false
1909,Ice Cream & Desserts,Smith & Jones Pink Pasta Sauce Mix,40.0,0,40.0,4,46,46,false
1910,Ice Cream & Desserts,Wingreens Farms Chipotle Dip,200.0,25,150.0,1,180,180,false
1911,Ice Cream & Desserts,Kellogg's Real Almond & Honey Corn Flakes,550.0,5,520.0,3,1000,1,false
1912,Ice Cream & Desserts,Kellogg's Crunchy Granola Chocolate & Almonds,330.0,10,294.0,3,450,450,false
1913,Ice Cream & Desserts,Cornitos Cornitos Taco Shells - 6 Inches,160.0,20,128.0,4,180,180,false
1914,Ice Cream & Desserts,Ching's Secret Singapore Curry Instant Noodles,15.0,0,15.0,3,60,60,false
1915,Ice Cream & Desserts,Mother's Recipe Pickle - Mango,125.0,9,113.0,6,400,500,false
1916,Ice Cream & Desserts,Godrej Yummiez Chilli Chicken Sausages,160.0,10,144.0,3,250,250,false
1917,Ice Cream & Desserts,Pedigree Dentastix Dog Treat Oral Care for Adult Medium Breed,175.0,20,140.0,6,180,180,false
1918,Ice Cream & Desserts,Maggi Hot & Sweet - Tomato Chilli Sauce,170.0,10,153.0,1,1000,1,false
1919,Ice Cream & Desserts,Ching's Secret Asian Hot Instant Soup,15.0,0,15.0,3,15,15,false
1920,Ice Cream & Desserts,Kellogg's Chocos Protein And Fibre Of 1 Roti,499.0,11,444.0,6,1200,1,false
1921,Ice Cream & Desserts,Mother's Recipe Pickle - Mango,149.0,26,109.0,4,500,500,false
1922,Ice Cream & Desserts,Chings Secret Manchurian Instant Noodle,60.0,0,60.0,6,240,240,false
1923,Ice Cream & Desserts,Kellogg's Original Corn Flakes,310.0,6,290.0,6,875,875,false
1924,Ice Cream & Desserts,Ching's Singapore Curry Instant Noodles,60.0,0,60.0,4,240,240,false
1925,Ice Cream & Desserts,Kellogg's Almonds And Cranberries Granola,330.0,6,310.0,6,460,460,false
1926,Ice Cream & Desserts,Nestle Ceregrow Multigrain Cereal with Milk and Fruits - 3 to 6 years,292.0,0,292.0,6,300,300,false
1927,Ice Cream & Desserts,MTR 3 Minute Breakfast - Magic Masala Upma,25.0,0,25.0,6,60,60,false
1928,Ice Cream & Desserts,Smith & Jones Masala Noodles,68.0,10,61.0,5,360,360,false
1929,Ice Cream & Desserts,"Knorr Classic Tomato Soup With 100% Real Vegetabls, No Added Preservatives",55.0,0,55.0,6,53,53,false
1930,Ice Cream & Desserts,Godrej Yummiez Chicken Punjabi Tikka,295.0,9,266.0,6,360,360,false
1931,Ice Cream & Desserts,Kellogg's Corn Flakes,425.0,9,383.0,1,1000,1,false
1932,Ice Cream & Desserts,Kelloggs Chocos,170.0,5,160.0,4,385,385,false
1933,Ice Cream & Desserts,Pedigree Puppy Dry Dog Food Food Chicken & Milk,290.0,20,232.0,6,1200,1200,false
1934,Ice Cream & Desserts,Ching's Secret Lemon Coriander Instant Soup,15.0,0,15.0,5,15,15,false
1935,Ice Cream & Desserts,Nestle Cerelac Baby Cereal With Milk Wheat-Rice Mixed Fruit,261.0,0,261.0,6,300,300,false
1936,Ice Cream & Desserts,Kelloggs Chocos - Moons & Stars,660.0,40,396.0,4,1200,1,false
1937,Ice Cream & Desserts,ITC Master Chef Chicken Galouti Kebab,170.0,4,162.0,2,210,210,false
1938,Ice Cream & Desserts,Yogabar 100% Pure Peanut Butter Creamy & Yummy Unsweetened,229.0,10,206.0,6,400,400,false
1939,Ice Cream & Desserts,Kitchens Of India Palak Paneer,130.0,30,91.0,6,285,285,false
1940,Ice Cream & Desserts,Kelloggs Chocos Fills Double Chocolat,99.0,11,88.0,6,175,175,false
1941,Ice Cream & Desserts,Soulfull Ragi Bites Choco Fills,169.0,5,160.0,4,250,250,false
1942,Ice Cream & Desserts,Figaro Sliced Black Olive,179.0,0,179.0,6,450,450,false
1943,Ice Cream & Desserts,Veeba Barbeque Sauce,149.0,8,137.0,6,330,330,false
1944,Ice Cream & Desserts,The Whole Truth Vegan Mocha Almond Fudge Energy Bar No Sugar,60.0,20,48.0,6,40,40,false
1945,Ice Cream & Desserts,"The Whole Truth - Nuts, Fruits & Seeds Muesli",325.0,20,260.0,6,350,350,false
1946,Ice Cream & Desserts,Pantai Green Curry Paste,150.0,14,128.0,5,114,114,false
1947,Ice Cream & Desserts,Kelloggs Special K,210.0,8,192.0,5,435,435,false
1948,Ice Cream & Desserts,Moi Soi Sichuan Chilli Oil- For Stir Fry Marinade Spread & Dip,280.0,50,140.0,5,175,175,false
1949,Ice Cream & Desserts,Mother's Recipe Madras Appalam,50.0,10,45.0,6,100,100,false
1950,Ice Cream & Desserts,Top Ramen Masala Oat Masala,80.0,10,72.0,6,280,280,false
1951,Ice Cream & Desserts,Saffola Everyday Peppy Tomato Masala Oats,195.0,12,171.0,6,500,500,false
1952,Ice Cream & Desserts,"Ching's Secret Instant Noodles, Hot Garlic",60.0,0,60.0,4,240,240,false
1953,Ice Cream & Desserts,Kitchens Of India Chicken Chettinad,200.0,30,140.0,1,285,285,false
1954,Ice Cream & Desserts,Nestle Cerelac Wheat - Stage 1,190.0,0,190.0,6,300,300,false
1955,Ice Cream & Desserts,Sumeru Aloo Paratha,119.0,5,113.0,6,400,400,false
1956,Ice Cream & Desserts,ITC Master Chef Veggie Pizza Pocket,170.0,4,162.0,4,340,340,false
1957,Ice Cream & Desserts,Wingreens Farms Tangy Cheese Pita Chips & Mexican Salsa Dip,60.0,15,51.0,1,70,70,false
1958,Ice Cream & Desserts,Ching's Secret Manchow Soup,55.0,0,55.0,3,55,55,false
1959,Ice Cream & Desserts,Veeba Carrot & Cucumber Sandwich Spread,85.0,10,76.0,6,250,250,false
1960,Ice Cream & Desserts,Kellogg's Real Almond & Honey Corn Flakes,370.0,12,324.0,3,650,650,false
1961,Ice Cream & Desserts,Kitchens Of India Mughlai Paneer,160.0,30,112.0,4,285,285,false
1962,Ice Cream & Desserts,Ching's Secret Just Soak - Veg Hakka Noodles,30.0,0,30.0,5,150,150,false
1963,Ice Cream & Desserts,Ching's Secret Chowmein Hakka Noodles Masala,60.0,10,54.0,2,100,100,false
1964,Ice Cream & Desserts,The Whole Truth Dark Chocolate Peanut Butter - Crunchy,235.0,20,188.0,5,325,325,false
1965,Ice Cream & Desserts,Mother's Recipe Bhel Puri Chutney,55.0,9,50.0,4,200,200,false
1966,Ice Cream & Desserts,Kelloggs Chocos Moon & Stars,330.0,10,294.0,6,680,680,false
1967,Ice Cream & Desserts,Mother's Recipe Lime Pickle,120.0,5,114.0,1,400,400,false
1968,Ice Cream & Desserts,Kitchens Of India Dal Makhani,110.0,30,77.0,2,285,285,false
1969,Ice Cream & Desserts,Pantai Light Soy Sauce,275.0,14,234.0,5,200,200,false
1970,Ice Cream & Desserts,Ching's Secret Sweet Corn Soup,55.0,0,55.0,6,55,55,false
1971,Ice Cream & Desserts,"Top Ramen Noodles, Atta",80.0,0,80.0,1,280,280,false
1972,Ice Cream & Desserts,Cantina Tortilla Dip Sauce Sour Creamy Tex Mex,225.0,15,191.0,5,190,190,false
1973,Ice Cream & Desserts,Dabur Hommade - Rajasthan Ki Garlic Chutne,65.0,6,61.0,6,200,200,false
1974,Ice Cream & Desserts,MTR Seviyan Vermicelli,42.0,0,42.0,2,400,400,false
1975,Ice Cream & Desserts,Pantai Oyster Sauce,275.0,14,234.0,4,200,200,false
1976,Ice Cream & Desserts,Go Cheese Spread - Four Pepper (Soft & Creamy),99.0,5,94.0,6,200,200,false
1977,Ice Cream & Desserts,MTR Ready To Eat Paneer Butter Masala,135.0,9,122.0,2,300,300,false
1978,Ice Cream & Desserts,Nestle Lactogen Stage 2 Follow-up Formula Powder,340.0,0,340.0,2,400,400,false
1979,Ice Cream & Desserts,Kellogg's Crunchy Bites Chocos,190.0,10,171.0,6,375,375,false
1980,Ice Cream & Desserts,Veeba Hot Sweet Tomato Chilli Sauce,104.0,20,83.0,3,500,500,false
1981,Ice Cream & Desserts,Borges Durum Wheat Pasta Superior Quality,250.0,40,149.0,6,500,500,false
1982,Ice Cream & Desserts,Funfoods Peanut Butter Crunchy,169.0,7,156.0,1,400,400,false
1983,Ice Cream & Desserts,Pantai Red Curry Paste,60.0,0,60.0,4,50,50,false
1984,Ice Cream & Desserts,ITC Master Chef Chicken Seekh Kabab,325.0,0,325.0,6,500,500,false
1985,Ice Cream & Desserts,Del Monte Pizza & Pasta Sauce Spout Pack,99.0,0,99.0,3,400,400,false
1986,Ice Cream & Desserts,Pantai Sriracha Red Chilli Sauce,225.0,15,191.0,6,200,200,false
1987,Ice Cream & Desserts,Hershey's Cocoa Spread,295.0,0,295.0,3,350,350,false
1988,Ice Cream & Desserts,Maggi Ghee Tadka Upma Express Pouch,25.0,0,25.0,6,65,65,false
1989,Ice Cream & Desserts,Ching's Secret Manchurian Noodles,91.0,0,91.0,5,360,360,false
1990,Ice Cream & Desserts,Kellogg's All Bran Wheat Flakes,220.0,6,205.0,5,425,425,false
1991,Ice Cream & Desserts,Yummiez Chicken Breakfast Sausages,150.0,0,150.0,3,250,250,false
1992,Ice Cream & Desserts,Pantai Red Curry Paste,150.0,14,128.0,3,114,114,false
1993,Ice Cream & Desserts,Bagrrys Muesli Crunchy Fruit & Nut With Cranberries,330.0,10,297.0,6,400,400,false
1994,Ice Cream & Desserts,Quaker Oats Pouch,276.0,10,248.0,6,1500,1,false
1995,Ice Cream & Desserts,Prasuma Momos - Cheesy Spicy Veg,295.0,0,295.0,6,24,24,false
1996,Ice Cream & Desserts,Veeba Sriracha Chilli Garlic Sauce,149.0,8,137.0,5,320,320,false
1997,Ice Cream & Desserts,Ching's Secret Just Soak - Veg Hakka Noodles,115.0,0,115.0,6,600,600,false
1998,Ice Cream & Desserts,Moi Soi Kung Pao Sauce - For Stir Fry Marinade Spread & Dip,280.0,50,140.0,5,175,175,false
1999,Ice Cream & Desserts,Figaro Plain Green Olive,179.0,0,179.0,6,450,450,false
2000,Ice Cream & Desserts,Mother's Recipe Gujrati Gorkeri Pickle,140.0,10,126.0,3,500,500,false
2001,Ice Cream & Desserts,Kellogg's Muesli 20% Nuts Delight,320.0,0,320.0,6,500,500,false
2002,Ice Cream & Desserts,Borges Farfalle Durum Wheat Pasta,250.0,0,250.0,5,500,500,false
2003,Ice Cream & Desserts,Kellogg's Chocos,299.0,10,269.0,4,700,700,false
2004,Ice Cream & Desserts,Nestle Nan Pro 4 Follow Up Formula Powder For Older Infants,620.0,0,620.0,1,400,400,false
2005,Ice Cream & Desserts,Veeba Truly Tomato Ketchup,99.0,20,79.0,6,500,500,false
2006,Ice Cream & Desserts,Ching's Secret Green Chilli Sauce,85.0,4,81.0,1,680,680,false
2007,Ice Cream & Desserts,MTR Roasted Vermicelli,55.0,0,55.0,1,400,400,false
2008,Ice Cream & Desserts,Mother's Recipe Punjabi Teekha Mang Pickle,120.0,10,108.0,4,400,400,false
2009,Ice Cream & Desserts,Ching's Secret Hot Garlic Instant Noodles,114.0,0,114.0,6,480,480,false
2010,Ice Cream & Desserts,Kellogg's Real Honey Corn Flakes,290.0,7,267.0,5,630,630,false
2011,Ice Cream & Desserts,ITC Master Chef Lebanese Falafel Kebab,130.0,4,124.0,4,230,230,false
2012,Ice Cream & Desserts,Kelloggs Chocos Fills Double Chocolaty,185.0,10,165.0,5,250,250,false
2013,Ice Cream & Desserts,Organic India Apple Cider Vinegar,595.0,9,536.0,2,500,500,false
2014,Ice Cream & Desserts,Masala Oats Masala & Coriander,195.0,9,176.0,5,500,500,false
2015,Ice Cream & Desserts,Ching's Secret Noodles - Pad Thai Lemongras,200.0,0,200.0,5,130,130,false
2016,Ice Cream & Desserts,Bagrrys Fruit and Nut Muesli with Cranberries,499.0,0,499.0,5,750,750,false
2017,Ice Cream & Desserts,Kitchens Of India Yellow Dal Tadka,110.0,30,77.0,6,285,285,false
2018,Ice Cream & Desserts,Soulfull Vanilla Fills - Ragi Bites,169.0,5,160.0,6,250,250,false
2019,Ice Cream & Desserts,Pantai Teriyaki Sauce with Garlic,325.0,15,276.0,6,200,200,false
2020,Ice Cream & Desserts,Whiskas Adult Pocket Tuna Cat Food,410.0,0,410.0,1,1200,1,false
2021,Ice Cream & Desserts,Kitchens Of India Chicken Darbari,200.0,30,140.0,4,285,285,false
2022,Ice Cream & Desserts,Soulfull Millet Muesli Fruit & Nut Almonds & Real Fruits,299.0,10,269.0,6,400,400,false
2023,Ice Cream & Desserts,Smith & Jones Red Pasta Sauce Mix,40.0,0,40.0,6,46,46,false
2024,Ice Cream & Desserts,Kellogg's Muesli Nuts Delight,425.0,9,383.0,3,750,750,false
2025,Ice Cream & Desserts,Kitchens of India Dal Bukhara Gravy Mix,110.0,30,77.0,6,285,285,false
2026,Ice Cream & Desserts,The Whole Truth Peanut Butter - Sweetened & Crunchy,215.0,20,172.0,6,325,325,false
2027,Ice Cream & Desserts,Remia Mayonnaise,230.0,0,230.0,6,241,241,false
2028,Ice Cream & Desserts,Ching's Secret Green Chilli Sauce,105.0,0,105.0,6,425,425,false
2029,Ice Cream & Desserts,Bagrrys Fruit N Fibre Muesli - Strawberry,595.0,0,595.0,1,1000,1,false
2030,Ice Cream & Desserts,Ching's Secret Tomato Oats Instant Soup,15.0,0,15.0,3,20,20,false
2031,Ice Cream & Desserts,Kellogg's Special K Original Corn Flakes,140.0,5,133.0,1,290,290,false
2032,Ice Cream & Desserts,Moi Soi Black Bean Sauce - Dip Spread Stir Fry & Marinade,280.0,50,140.0,5,175,175,false
2033,Ice Cream & Desserts,Tong Garden Wasabi Green Peas,175.0,4,167.0,6,150,150,false
2034,Ice Cream & Desserts,Ching's Secret Red Chilli Sauce,105.0,0,105.0,4,440,440,false
2035,Ice Cream & Desserts,Ching's Instant Hot and Sour Soup,55.0,0,55.0,5,55,55,false
2036,Ice Cream & Desserts,Ching's Secret Noodles - Pad Thai Original,200.0,0,200.0,6,130,130,false
2037,Ice Cream & Desserts,Aashirvaad Instant Meals - Khatta Meetha Pohaa With Millets,55.0,30,38.0,5,80,80,false
2038,Ice Cream & Desserts,Del Monte Black Sliced Olives,250.0,0,250.0,1,450,450,false
2039,Ice Cream & Desserts,Kitchens Of India Murgh Methi,220.0,30,154.0,5,285,285,false
2040,Ice Cream & Desserts,Nestle Cerelac 5 Grains & Fruits Cereal,288.0,0,288.0,6,300,300,false
2041,Ice Cream & Desserts,The Whole Truth - 5 Grain Muesli No Added Sugar,325.0,20,260.0,6,350,350,false
2042,Ice Cream & Desserts,Ching's Secret Pad Thai Noodles Green Curry,200.0,0,200.0,6,130,130,false
2043,Ice Cream & Desserts,Aashirvaad Suji Halwa With Jaggery,75.0,0,75.0,6,70,70,false
2044,Ice Cream & Desserts,Mother's Recipe Mango Pickle,120.0,0,120.0,1,400,400,false
2045,Ice Cream & Desserts,Ching's Secret Pad Thai Noodles - Extra Hot Thai Chilli,200.0,0,200.0,6,130,130,false
2046,Ice Cream & Desserts,Kellogg's Special K Original Corn Flakes,399.0,11,355.0,6,900,900,false
2047,Ice Cream & Desserts,Knorr Sweet Corn Chicken Soup,55.0,0,55.0,2,42,42,false
2048,Ice Cream & Desserts,Ching's Secret Tomato Soup,55.0,0,55.0,6,55,55,false
2049,Ice Cream & Desserts,Funfoods Peanut Butter Creamy,169.0,0,169.0,1,400,400,false
2050,Ice Cream & Desserts,Japanese Choice Udon Noodles,295.0,9,266.0,6,250,250,false
2051,Ice Cream & Desserts,Kelloggs Muesli - With 22% Fruit Magic,320.0,10,288.0,5,500,500,false
2052,Ice Cream & Desserts,Dabur Hommade - Kalonji Tamatar Ki Chutney,65.0,6,61.0,6,200,200,false
2053,Ice Cream & Desserts,Kitchens Of India Dal Makhani,110.0,30,77.0,1,285,285,false
2054,Ice Cream & Desserts,Aashirvaad Suji Halwa With Jaggery,55.0,30,38.0,6,80,80,false
2055,Ice Cream & Desserts,Del Monte Green Chili Sauce,55.0,0,55.0,3,190,190,false
2056,Ice Cream & Desserts,Pedigree Dog Food Adult Chicken & Veg,660.0,10,594.0,1,3000,3,false
2057,Ice Cream & Desserts,Kellogg's Original Corn Flakes,185.0,5,175.0,6,475,475,false
2058,Ice Cream & Desserts,Pedigree Puppy Dry Dog Food Food Chicken & Milk,690.0,6,648.0,2,3000,3,false
2059,Ice Cream & Desserts,Kitchens Of India Rajma Masala,110.0,30,77.0,5,285,285,false
2060,Ice Cream & Desserts,Kitchen Of India Ready-To-Eat Pindi Channa,110.0,30,77.0,2,285,285,false
2061,Ice Cream & Desserts,Figaro Pitted Black Olive,179.0,0,179.0,6,450,450,false
2062,Ice Cream & Desserts,Cantina Tabasco Red Sauce,140.0,15,119.0,6,60,60,false
2063,Ice Cream & Desserts,Mother's Recipe Pickle - Mixed,149.0,26,109.0,6,500,500,false
2064,Ice Cream & Desserts,Nestle Cerelac Baby Cereal with Milk 5 Grains & Vegetables from 18 to 24 Month,279.0,0,279.0,5,300,300,false
2065,Ice Cream & Desserts,Mother's Recipe Tamarind Paste,50.0,2,49.0,2,200,200,false
2066,Ice Cream & Desserts,Pedigree Meat Jerky Adult Dog Treat Barbecued Chicken,140.0,20,112.0,6,80,80,false
2067,Ice Cream & Desserts,Veeba Peri Peri Sauce,161.0,0,161.0,6,300,300,false
2068,Ice Cream & Desserts,Pantai Sriracha Yellow Chilli Sauce,225.0,15,191.0,6,200,200,false
2069,Ice Cream & Desserts,Praakritik Organic Jumbo Rolled Oats,190.0,11,169.0,6,500,500,false
2070,Ice Cream & Desserts,Ching's Secret Just Soak - Whole Wheat Veg Hakka Noodles,123.0,0,123.0,6,600,600,false
2071,Ice Cream & Desserts,Pantai Spring Roll Sauce,275.0,10,245.0,6,200,200,false
2072,Ice Cream & Desserts,MTR Vermicelli Payasam,75.0,0,75.0,6,180,180,false
2073,Ice Cream & Desserts,Bagrrys Corn Flakes,350.0,0,350.0,6,880,800,false
2074,Ice Cream & Desserts,MTR Ready To Eat Palak Paneer,135.0,11,120.0,6,300,300,false
2075,Ice Cream & Desserts,Del Monte Red Chili Sauce,55.0,0,55.0,5,190,190,false
2076,Ice Cream & Desserts,Kitchens of India Mutter Paneer Mix,120.0,30,84.0,4,285,285,false
2077,Ice Cream & Desserts,Pantai Green Curry Paste,60.0,6,56.0,6,50,50,false
2078,Ice Cream & Desserts,The Laughing Cow Cheese Spread Plain,110.0,0,110.0,6,180,180,false
2079,Ice Cream & Desserts,MTR Dal Fry,110.0,0,110.0,5,300,300,false
2080,Ice Cream & Desserts,Pantai Fish Sauce,275.0,14,234.0,6,200,200,false
2081,Ice Cream & Desserts,Cantina Beans Mexican Beans,250.0,14,213.0,6,410,410,false
2082,Ice Cream & Desserts,Ching's Secret Manchurian Instant Noodle,114.0,0,114.0,6,480,480,false
2083,Ice Cream & Desserts,Remia Salad Italian Dressing,230.0,0,230.0,6,250,250,false
2084,Ice Cream & Desserts,Yummiez Veg Cheese Fingers Pouch,230.0,0,230.0,4,400,400,false
2085,Ice Cream & Desserts,MTR Dal Makhani,110.0,0,110.0,4,300,300,false
2086,Ice Cream & Desserts,MTR Ready to Eat Pav Bhaji,110.0,0,110.0,6,300,300,false
2087,Ice Cream & Desserts,Weikfield Tomato Salsa Instant Pasta,25.0,0,25.0,1,77,77,false
2088,Ice Cream & Desserts,Nestlé CERELAC Baby Cereal with Milk,272.0,0,272.0,1,300,300,false
2089,Ice Cream & Desserts,Remia Salad Caesar Dressing,250.0,0,250.0,6,250,250,false
2090,Ice Cream & Desserts,Bagrrys Fruit N Fibre Muesli Mixed Fruit,330.0,0,330.0,6,500,500,false
2091,Ice Cream & Desserts,MTR Paneer Butter Masala & Veg Pulao,175.0,9,158.0,4,375,375,false
2092,Ice Cream & Desserts,Sundrop Cocoa Nut Hazelnut Chocolatey Spread,120.0,0,120.0,6,160,160,false
2093,Ice Cream & Desserts,Moi Soi Manchurian Sauce - For Stir Fry Marinade Spread & Dip,280.0,50,140.0,6,175,175,false
2094,Ice Cream & Desserts,Pedigree Dog Food Adult Meat & Rice,660.0,7,608.0,2,3000,3,false
2095,Ice Cream & Desserts,Pantai Sriracha Green Chilli Sauce,225.0,15,191.0,6,200,200,false
2096,Ice Cream & Desserts,Pantai Chilli Garlic Sauce,275.0,14,234.0,6,200,200,false
2097,Ice Cream & Desserts,Pantai Dark Soy Sauce,275.0,14,234.0,6,200,200,false
2098,Ice Cream & Desserts,Yoga Bar Peanut Butter Dark Chocolate Jar,249.0,0,249.0,4,400,400,false
2099,Ice Cream & Desserts,Cantina Tabasco Green Sauce,140.0,15,119.0,6,60,60,false
2100,Ice Cream & Desserts,Pantai Pad Thai Sauce (Non-Veg),325.0,9,293.0,5,200,200,false
2101,Ice Cream & Desserts,Pantai Sweet Chilli Sauce,275.0,14,234.0,6,200,200,false
2102,Ice Cream & Desserts,Ching's Secret Schezwan Instant Noodle,114.0,0,114.0,6,480,480,false
2103,Ice Cream & Desserts,Yummiez Chicken Garlic Fingers Pouch,250.0,0,250.0,5,400,400,false
2104,Ice Cream & Desserts,Pediasure Premium Chocolate Powdered Health Drink,610.0,0,610.0,2,400,400,false
2105,Ice Cream & Desserts,Chings Secret Hot Garlic Instant Noodles,91.0,0,91.0,6,60,60,false
2106,Ice Cream & Desserts,Godrej Yummiez Cheese Corn Nuggets,230.0,0,230.0,4,400,400,false
2107,Ice Cream & Desserts,Pantai Hot Chilli Sauce,275.0,14,234.0,6,200,200,false
2108,Ice Cream & Desserts,Knorr International Mexican Tomato Corn Soup,65.0,6,61.0,3,52,52,false
2109,Ice Cream & Desserts,Bagrry's Fruit Fibre Muesli Mixed Fruit,595.0,0,595.0,5,1000,1,false
2110,Ice Cream & Desserts,MTR Roasted Vermicelli,105.0,0,105.0,4,850,850,false
2111,Ice Cream & Desserts,Maggi 2-Minute Instant Noodles - Masala,44.0,0,44.0,0,280,280,true
2112,Ice Cream & Desserts,"Kurkure Green Chutney, Rajasthani Style",20.0,0,20.0,0,90,90,true
2113,Ice Cream & Desserts,Kellogg's Chocos Combo Pack,60.0,6,56.0,0,156,156,true
2114,Ice Cream & Desserts,Kissan Mixed Fruit Jam,155.0,0,155.0,0,500,500,true
2115,Ice Cream & Desserts,Lijjat Urad Papad,60.0,5,57.0,0,200,200,true
2116,Ice Cream & Desserts,Amul Cheese Spread Yummy Plain,85.0,0,85.0,0,200,200,true
2117,Ice Cream & Desserts,Mother's Recipe Ginger And Garlic Paste,50.0,24,38.0,0,200,200,true
2118,Ice Cream & Desserts,Maggi Magic Cubes Chicken,40.0,2,39.0,0,40,40,true
2119,Ice Cream & Desserts,Pedigree Puppy Chicken Chunks in Gravy,35.0,2,34.0,0,70,70,true
2120,Ice Cream & Desserts,The Whole Truth Peanut Butter - Unsweetened & Crunchy,185.0,20,148.0,0,325,325,true
2121,Ice Cream & Desserts,Ching's Chow Mein Hakka Noodles Masala,10.0,0,10.0,0,20,20,true
2122,Ice Cream & Desserts,Safal Frozen Mixed Vegetables,60.0,5,57.0,0,500,500,true
2123,Ice Cream & Desserts,Safal Frozen Corn,41.0,4,39.0,0,200,200,true
2124,Ice Cream & Desserts,Amul Cheese Spread Spicy Garlic,85.0,3,82.0,0,200,200,true
2125,Ice Cream & Desserts,Ching's Secret Veg Hakka Noodles,107.0,0,107.0,0,600,600,true
2126,Ice Cream & Desserts,Saffola Oats 100 % Natural,15.0,0,15.0,0,38,38,true
2127,Ice Cream & Desserts,Lijjat Moong Papad,60.0,5,57.0,0,200,200,true
2128,Ice Cream & Desserts,Mothers Recipe Papad - Sabudana With Rock Salt,31.0,9,28.0,0,70,70,true
2129,Ice Cream & Desserts,Maggi Chilly Chow Cuppa Noodles,50.0,0,50.0,0,70,70,true
2130,Ice Cream & Desserts,Veeba Favourites Eggless Burger Mayonnaise,69.0,8,63.0,0,250,250,true
2131,Ice Cream & Desserts,Sunfeast YiPPee! Magic Masala Noodles,48.0,6,45.0,0,240,240,true
2132,Ice Cream & Desserts,Top Ramen Masala,91.0,9,82.0,0,560,560,true
2133,Ice Cream & Desserts,Kelloggs Corn Flakes With Real Strawberry Pure,265.0,10,236.0,0,575,575,true
2134,Ice Cream & Desserts,Mother's Recipe Potato Papad,31.0,9,28.0,0,70,75,true
2135,Ice Cream & Desserts,Mothers Recipe Rice Papad Ajwain,24.0,0,24.0,0,75,75,true
2136,Ice Cream & Desserts,Chef's Basket Durum Wheat Penne Pasta,160.0,50,80.0,0,500,500,true
2137,Ice Cream & Desserts,Dabur Hommade - Imli Sauce Saunth,20.0,10,18.0,0,100,100,true
2138,Ice Cream & Desserts,Zorabian Chicken Kheema Parathas,190.0,0,190.0,0,300,300,true
2139,Ice Cream & Desserts,Sunfeast Pasta Treat Pack of Tomato Cheese,28.0,17,23.0,0,65,65,true
2140,Ice Cream & Desserts,Safal Frozen - Sweet Corn,160.0,5,152.0,0,1000,1,true
2141,Ice Cream & Desserts,MTR Vegetable Upma,25.0,0,25.0,0,60,60,true
2142,Ice Cream & Desserts,Del Monte Original Blend Tomato Ketchup Pouch,120.0,7,111.0,0,950,950,true
2143,Ice Cream & Desserts,Del Monte Natural Vinegar,55.0,3,53.0,0,180,180,true
2144,Ice Cream & Desserts,Del Monte Eggless Mayo,135.0,6,126.0,0,500,500,true
2145,Ice Cream & Desserts,ITC Master Chef Cheesy Corn Triangles,160.0,5,152.0,0,320,320,true
2146,Ice Cream & Desserts,Mother's Recipe Mixed Pickle,115.0,4,110.0,0,400,400,true
2147,Ice Cream & Desserts,Godrej Yummiez Chicken Breakfast Salami,150.0,4,143.0,0,250,250,true
2148,Ice Cream & Desserts,Hershey's Cocoa + Almond Spread,295.0,9,266.0,0,350,350,true
2149,Ice Cream & Desserts,Maggi Special Masala Spicy Yummy Noodles,72.0,0,72.0,0,280,280,true
2150,Ice Cream & Desserts,Del Monte Schezwan Sauce,55.0,0,55.0,0,190,190,true
2151,Ice Cream & Desserts,Yummiez Green Peas,135.0,0,135.0,0,500,500,true
2152,Ice Cream & Desserts,Yummiez Green Peas,250.0,0,250.0,0,1000,1,true
2153,Ice Cream & Desserts,Yummiez American Sweet Corn,85.0,0,85.0,0,400,400,true
2154,Ice Cream & Desserts,Dr Oetker Cucumber & Carrot Sandwich Spread Veg,79.0,0,79.0,0,250,250,true
2155,Ice Cream & Desserts,Del Monte Pitted Green Olives,250.0,0,250.0,0,450,450,true
2156,Chocolates & Candies,Maggi 2 Minute Masala Noodles,12.0,0,12.0,6,70,70,false
2157,Chocolates & Candies,iD Idli & Dosa Batter,80.0,15,68.0,6,1000,1,false
2158,Chocolates & Candies,iD Malabar Parota,80.0,10,72.0,4,400,400,false
2159,Chocolates & Candies,iD Wheat Lachha Paratha,80.0,12,70.0,6,400,400,false
2160,Chocolates & Candies,McCain Aloo Tikki,110.0,4,105.0,6,400,400,false
2161,Chocolates & Candies,McCain Smiles Cripsy Happy Potatoes,120.0,5,114.0,6,415,415,false
2162,Chocolates & Candies,McCain Veggie Burger Patty,115.0,3,111.0,6,360,360,false
2163,Chocolates & Candies,McCain Veggie Fingers,117.0,5,111.0,6,400,400,false
2164,Chocolates & Candies,Amul Delicious Fat Spread - Cholesterol Free,18.0,5,17.0,6,100,100,false
2165,Chocolates & Candies,Whiskas Wet Meal (Adult - Cat Food) Chicken in Gravy,35.0,2,34.0,2,85,85,false
2166,Chocolates & Candies,McCain Chilli Garlic Potato Bites Crunchy Potato Nuggets,125.0,5,118.0,1,420,420,false
2167,Chocolates & Candies,Ching's Secret Instant Hot Garlic Noodles,15.0,0,15.0,3,60,60,false
2168,Chocolates & Candies,Veeba Eggless Mayonnaise,79.0,11,70.0,5,250,250,false
2169,Chocolates & Candies,Ching's Secret Instant Schezwan Noodles,15.0,0,15.0,6,60,60,false
2170,Chocolates & Candies,Veeba Pasta And Pizza Sauce,75.0,13,65.0,5,280,280,false
2171,Chocolates & Candies,Top Ramen Noodles Curry Veg Pouch,20.0,0,20.0,1,70,70,false
2172,Chocolates & Candies,Saffola Veggie Twist Masala Oats,15.0,0,15.0,6,38,38,false
2173,Chocolates & Candies,Unibic Almond & Oats Protein Bar,40.0,17,33.0,4,30,30,false
2174,Chocolates & Candies,Quaker Oats,79.0,0,79.0,2,400,400,false
2175,Chocolates & Candies,Amul Delicious Fat Spread - Cholesterol Free,88.0,2,86.0,2,500,500,false
2176,Chocolates & Candies,McCain French Fries,120.0,5,114.0,1,420,420,false
2177,Chocolates & Candies,Ching's Secret Manchow Instant Soup,10.0,0,10.0,1,15,15,false
2178,Chocolates & Candies,McCain Potato Cheese Shotz,130.0,4,124.0,6,250,250,false
2179,Chocolates & Candies,McCain Masala - Fries,120.0,5,114.0,3,375,375,false
2180,Chocolates & Candies,Ching's Secret Schezwan Fried Rice Masala,15.0,0,15.0,6,20,20,false
2181,Chocolates & Candies,McCain New Mini Samosa with Cheese Pizza Style Filling,120.0,1,118.0,3,240,240,false
2182,Chocolates & Candies,McCain Chilli Cheesy Nuggets,130.0,4,124.0,1,250,250,false
2183,Chocolates & Candies,"Whiskas Adult (+1 Year) Dry Cat Food, Ocean Fish Flavour",430.0,10,387.0,6,1200,1,false
2184,Chocolates & Candies,Chings Instant Soup - Hot & Sour,10.0,0,10.0,1,15,15,false
2185,Chocolates & Candies,Amul Spray Infant Milk Food,197.0,2,193.0,6,500,500,false
2186,Chocolates & Candies,McCain Smiles - Pudina Chatka,120.0,5,114.0,3,375,375,false
2187,Chocolates & Candies,McCain French Fries Crisp & Delicious,175.0,4,167.0,3,750,750,false
2188,Chocolates & Candies,Ferrero Nutella Hazelnut Spread,220.0,5,207.0,2,180,180,false
2189,Chocolates & Candies,Lijjat Garlic Papad,60.0,5,57.0,5,200,200,false
2190,Chocolates & Candies,Switz Samosa Dough Sheets,90.0,4,86.0,6,50,50,false
2191,Chocolates & Candies,Amul Cheese Spread Creamy,85.0,5,80.0,6,180,180,false
2192,Chocolates & Candies,Maggi Imli Sauce Pichkoo,22.0,0,22.0,6,90,90,false
2193,Chocolates & Candies,Whiskas Kitten (2-12 months) Dry Cat Food Food Ocean Fish,385.0,9,347.0,5,1100,1100,false
2194,Chocolates & Candies,Chings Instant Soup - Sweet Corn Veg,10.0,0,10.0,2,15,15,false
2195,Chocolates & Candies,Whiskas Wet Meal (Kitten - Cat Food) Chicken in Gravy,35.0,5,33.0,2,85,85,false
2196,Chocolates & Candies,McCain Crazy Fries Masala MixHot 'n' Tangy,120.0,5,114.0,6,400,400,false
2197,Chocolates & Candies,The Whole Truth Double Cocoa Protein Bar No Sugar,100.0,10,90.0,6,52,52,false
2198,Chocolates & Candies,Amul Happy Treats French Fries,68.0,4,65.0,1,425,425,false
2199,Chocolates & Candies,Ferrero Nutella Hazeulnut Spread,380.0,6,357.0,5,350,350,false
2200,Chocolates & Candies,Veeba Chipolte Southwest Dressing,161.0,7,149.0,4,300,300,false
2201,Chocolates & Candies,Ching's Secret Manchow Noodles Instant Soup,15.0,0,15.0,6,20,20,false
2202,Chocolates & Candies,Yoga Bar Breakfast Protein Bar - Blueberry Pie,50.0,12,44.0,1,50,50,false
2203,Chocolates & Candies,Quaker Oats,199.0,7,184.0,6,1000,1,false
2204,Chocolates & Candies,The Whole Truth Mini Protein Bar - Coconut Cocoa No Added Sugar,55.0,25,41.0,6,27,27,false
2205,Chocolates & Candies,Switz Spring Roll Dough Sheets,90.0,4,86.0,6,1160,20,false
2206,Chocolates & Candies,Unibic Fruit & Nut Real Cranberries & Almonds Protein Bar,40.0,17,33.0,6,30,30,false
2207,Chocolates & Candies,Ching's Secret Tomato Instant Soup,10.0,0,10.0,1,16,15,false
2208,Chocolates & Candies,Chef's Basket Durum Wheat Elbow Pasta,160.0,50,80.0,6,500,500,false
2209,Chocolates & Candies,Sunfeast Yippee! Mood Masala Noodles,60.0,28,43.0,3,260,260,false
2210,Chocolates & Candies,MTR Breakfast Khatta Meetha Poha Mix,25.0,20,20.0,6,60,60,false
2211,Chocolates & Candies,Kellogg's Crunchy Fruit & Nut Breakfast Cereals Muesli,445.0,9,401.0,6,750,750,false
2212,Chocolates & Candies,Ching's Secret Chilli Vinegar,50.0,0,50.0,4,170,170,false
2213,Chocolates & Candies,Ching's Red Chilli Sauce,55.0,0,55.0,6,200,200,false
2214,Chocolates & Candies,Amul Lite Spread,40.0,2,39.0,5,100,100,false
2215,Chocolates & Candies,Borges Durum Wheat Fusilli Pasta,250.0,0,250.0,3,500,500,false
2216,Chocolates & Candies,The Whole Truth Cranberry Mini Protein Bar No Sugar,55.0,20,44.0,6,27,27,false
2217,Chocolates & Candies,The Whole Truth Mini Protein Bar - Coffee Cocoa No Added Sugar,55.0,20,44.0,6,27,27,false
2218,Chocolates & Candies,Maggi Hot & Sweet Tomato Chilli Sauce,115.0,0,115.0,1,500,500,false
2219,Chocolates & Candies,Sunfeast YiPPee! Noodles - Magic Masala,96.0,5,91.0,4,540,540,false
2220,Chocolates & Candies,Chef's Basket Durum Wheat Fusilli Pasta,160.0,50,80.0,6,500,500,false
2221,Chocolates & Candies,Top Ramen Chicken Noodles,60.0,10,54.0,1,280,280,false
2222,Chocolates & Candies,Veeba Cheese and Chilli Sandwich Spread,89.0,11,79.0,6,275,275,false
2223,Chocolates & Candies,Ching's Secret Chowmein Hakka Noodles Masala,44.0,0,44.0,2,60,60,false
2224,Chocolates & Candies,Safal Frozen - Mixed Vegetables,110.0,4,105.0,2,1000,1,false
2225,Chocolates & Candies,MTR 3 Min Poha,25.0,0,25.0,6,60,60,false
2226,Chocolates & Candies,Ching's Manchurian Instant Noodles,15.0,0,15.0,5,60,60,false
2227,Chocolates & Candies,The Whole Truth Peanut Cocoa Mini Protein Bar No Sugar,55.0,25,41.0,6,27,27,false
2228,Chocolates & Candies,Gits Pav Bhaji Ready to Eat,110.0,22,85.0,6,300,300,false
2229,Chocolates & Candies,McCain New Mini Samosa with Cheese Corn Style Filling,120.0,1,118.0,2,240,240,false
2230,Chocolates & Candies,Lijjat Udad Mini Papad,60.0,6,56.0,6,200,200,false
2231,Chocolates & Candies,McCain Herb & Garlic Crazy Fries Masala Mix,120.0,5,114.0,5,400,400,false
2232,Chocolates & Candies,Yoga Bar Multigrain Energy Bar Nuts And Seeds,40.0,12,35.0,4,38,38,false
2233,Chocolates & Candies,"Ching's Secret Sauce, Green Chilli",55.0,0,55.0,5,190,190,false
2234,Chocolates & Candies,Veeba Pizza Topping,75.0,6,70.0,4,280,280,false
2235,Chocolates & Candies,Switz Paratha Puff,110.0,4,105.0,6,400,400,false
2236,Chocolates & Candies,"New Kellogg's Muesli with 21% Fruit, Nut & Seeds",325.0,6,305.0,6,500,500,false
2237,Chocolates & Candies,The Whole Truth Double Cocoa Mini Protein Bar No Sugar,55.0,20,44.0,5,27,27,false
2238,Chocolates & Candies,Sunfeast Yippee Tricolor Pasta Seasoning,28.0,17,23.0,1,65,65,false
2239,Chocolates & Candies,Wingreens Cheesy Chipotle Sauce,99.0,49,50.0,1,130,130,false
2240,Chocolates & Candies,Maggi Rich Tomato Ketchup,105.0,4,100.0,2,500,500,false
2241,Chocolates & Candies,The Whole Truth Dark Chocolate Peanut Butter - Creamy,235.0,25,174.0,6,325,325,false
2242,Chocolates & Candies,Godrej Yummiez Chicken Nuggets,325.0,9,293.0,1,500,500,false
2243,Chocolates & Candies,Go Cheese Spread Plain,99.0,5,94.0,6,200,200,false
2244,Chocolates & Candies,Kellogg's Real Almond & Honey Corn Flakes,175.0,9,158.0,6,300,300,false
2245,Chocolates & Candies,The Whole Truth Vegan Almond Choco Fudge Energy Bar No Sugar,60.0,20,48.0,6,40,40,false
2246,Chocolates & Candies,Prasuma Vegetable Momos,270.0,0,270.0,5,24,24,false
2247,Chocolates & Candies,MTR Upma,50.0,10,45.0,6,160,160,false
2248,Chocolates & Candies,Ching's Schezwan Masala Instant Noodles,60.0,0,60.0,1,240,240,false
2249,Chocolates & Candies,The Whole Truth Cranberry Protein Bar No Sugar,100.0,26,74.0,6,52,52,false
2250,Chocolates & Candies,Saffola Yummy Masala Noodles,20.0,0,20.0,2,46,46,false
2251,Chocolates & Candies,Veeba English Mustard,74.0,6,69.0,2,300,300,false
2252,Chocolates & Candies,Dabur Hommade Tamarind Paste,48.0,6,45.0,6,200,200,false
2253,Chocolates & Candies,Yoga Bar Breakfast Muesli - Almond Caramel (No Added Sugar),325.0,4,309.0,6,400,400,false
2254,Chocolates & Candies,The Whole Truth Mini Protein Bar - Peanut Butter No Added Sugar,55.0,25,41.0,6,27,27,false
2255,Chocolates & Candies,ITC Master Chef Crispy Chicken Fries,170.0,4,162.0,3,280,280,false
2256,Chocolates & Candies,Kelloggs Corn Flakes,99.0,13,86.0,6,250,250,false
2257,Chocolates & Candies,Nissin Cup Noodles Tangy Tomato,50.0,10,45.0,2,70,70,false
2258,Chocolates & Candies,Smith & Jones White Pasta Sauce Mix,40.0,0,40.0,3,46,46,false
2259,Chocolates & Candies,Sunfeast Yippee! Pasta Treat - Sour Cream Onion,28.0,10,25.0,1,65,65,false
2260,Chocolates & Candies,Mothers Recipe Tamrind Date Chutney,55.0,9,50.0,2,200,200,false
2261,Chocolates & Candies,Veeba Mint Mayonnaise,169.0,8,155.0,4,300,300,false
2262,Chocolates & Candies,Mccain Emotibites - Crispy Happy Potato Snack,130.0,0,129.0,6,415,415,false
2263,Chocolates & Candies,The Whole Truth Energy Bar Choco Cranberry Fudge,60.0,26,44.0,6,40,40,false
2264,Chocolates & Candies,Godrej Yummiez Chicken Lucknowi Seekh Kebab,260.0,10,234.0,4,400,400,false
2265,Chocolates & Candies,Prasuma Vegetable Momos,150.0,0,150.0,5,580,10,false
2266,Chocolates & Candies,Mother's Recipe Mixed Pickle,85.0,9,77.0,2,300,300,false
2267,Chocolates & Candies,Sunfeast Yippee! Pasta Treat - Sour Cream Onion,28.0,17,23.0,3,65,65,false
2268,Chocolates & Candies,The Whole Truth Peanut Cocoa Protein Bar No Sugar,100.0,26,74.0,6,52,52,false
2269,Chocolates & Candies,Yoga Bar Breakfast Muesli - Chocolate & Cranberry,325.0,4,309.0,6,400,400,false
2270,Chocolates & Candies,Sunfeast YiPPee! Magic Masala Noodles,70.0,10,63.0,3,405,405,false
2271,Chocolates & Candies,Veeba Sweet Onion Sauce,141.0,14,121.0,4,350,350,false
2272,Chocolates & Candies,Quaker Oats Breakfast Cereals - With Flavour Mix Nutritious Rich Source Of Energy,49.0,8,45.0,6,200,200,false
2273,Chocolates & Candies,Mother's Recipe Tamarind Paste,50.0,2,49.0,6,200,200,false
2274,Chocolates & Candies,Yogabar No Added Sugar Protein Bar Brownie,125.0,15,106.0,4,60,60,false
2275,Chocolates & Candies,Bambino Popular Vermicelli,40.0,2,39.0,3,400,400,false
2276,Chocolates & Candies,Ching's Secret Mix Veg Instant Soup,10.0,0,10.0,3,15,15,false
2277,Chocolates & Candies,Mother's Recipe Pickle - Red Stuffed Chilli,145.0,11,129.0,3,400,400,false
2278,Chocolates & Candies,Kellogg's No Added Sugar Muesli,335.0,11,298.0,6,500,500,false
2279,Chocolates & Candies,Veeba Salsa Dip,119.0,6,111.0,6,360,360,false
2280,Chocolates & Candies,Veeba Thousand Island Dressing,149.0,8,137.0,6,300,300,false
2281,Chocolates & Candies,Baggry's Crunchy Muesli Almond Raisins & Honey,130.0,0,130.0,5,200,200,false
2282,Chocolates & Candies,Knorr Chinese Hot And Sour Veg Soup,55.0,3,53.0,1,43,43,false
2283,Chocolates & Candies,Go Cheese Spread - Garlic,99.0,5,94.0,6,200,200,false
2284,Chocolates & Candies,The Whole Truth Peanut Butter With Dates - Creamy No Sugar,215.0,9,194.0,6,325,325,false
2285,Chocolates & Candies,Zorabian Chicken Smoked Ham,205.0,5,194.0,1,250,250,false
2286,Chocolates & Candies,Kissan Pineapple Jam,165.0,9,149.0,1,500,500,false
2287,Chocolates & Candies,Smith & Jones Masala Noodles,89.0,0,89.0,5,480,480,false
2288,Chocolates & Candies,Nestle Nestle Nan Pro Follow-Up Formula,650.0,0,650.0,6,400,400,false
2289,Chocolates & Candies,Sunfeast Yippee! Power Up Atta Noodles,96.0,15,81.0,6,280,280,false
2290,Chocolates & Candies,McCain Super Wedges,120.0,7,111.0,6,400,400,false
2291,Chocolates & Candies,"Kellogg's Crunchy Granola Honey, Almonds, Strawberries & Pumpkin Seeds",330.0,10,294.0,1,450,450,false
2292,Chocolates & Candies,Kellogg's Chocos,130.0,10,117.0,6,250,250,false
2293,Chocolates & Candies,Ching's Secret Just Soak - Whole Wheat Veg Hakka Noodle,32.0,0,32.0,3,150,150,false
2294,Chocolates & Candies,The Whole Truth Vegan Fig Apricot & Orange Energy Bar No Sugar,60.0,20,48.0,6,40,40,false
2295,Chocolates & Candies,Saffola Veggie Twist Masala Oats,195.0,12,171.0,2,500,500,false
2296,Chocolates & Candies,ITC Master Chef Classic Aloo Tikki,80.0,10,72.0,3,320,320,false
2297,Chocolates & Candies,Smith & Jones Pink Pasta Sauce Mix,40.0,0,40.0,4,46,46,false
2298,Chocolates & Candies,Wingreens Farms Chipotle Dip,200.0,25,150.0,1,180,180,false
2299,Chocolates & Candies,Kellogg's Real Almond & Honey Corn Flakes,550.0,5,520.0,3,1000,1,false
2300,Chocolates & Candies,Kellogg's Crunchy Granola Chocolate & Almonds,330.0,10,294.0,3,450,450,false
2301,Chocolates & Candies,Cornitos Cornitos Taco Shells - 6 Inches,160.0,20,128.0,4,180,180,false
2302,Chocolates & Candies,Ching's Secret Singapore Curry Instant Noodles,15.0,0,15.0,3,60,60,false
2303,Chocolates & Candies,Mother's Recipe Pickle - Mango,125.0,9,113.0,6,400,500,false
2304,Chocolates & Candies,Godrej Yummiez Chilli Chicken Sausages,160.0,10,144.0,3,250,250,false
2305,Chocolates & Candies,Pedigree Dentastix Dog Treat Oral Care for Adult Medium Breed,175.0,20,140.0,6,180,180,false
2306,Chocolates & Candies,Maggi Hot & Sweet - Tomato Chilli Sauce,170.0,10,153.0,1,1000,1,false
2307,Chocolates & Candies,Ching's Secret Asian Hot Instant Soup,15.0,0,15.0,3,15,15,false
2308,Chocolates & Candies,Kellogg's Chocos Protein And Fibre Of 1 Roti,499.0,11,444.0,6,1200,1,false
2309,Chocolates & Candies,Mother's Recipe Pickle - Mango,149.0,26,109.0,4,500,500,false
2310,Chocolates & Candies,Chings Secret Manchurian Instant Noodle,60.0,0,60.0,6,240,240,false
2311,Chocolates & Candies,Kellogg's Original Corn Flakes,310.0,6,290.0,6,875,875,false
2312,Chocolates & Candies,Ching's Singapore Curry Instant Noodles,60.0,0,60.0,4,240,240,false
2313,Chocolates & Candies,Kellogg's Almonds And Cranberries Granola,330.0,6,310.0,6,460,460,false
2314,Chocolates & Candies,Nestle Ceregrow Multigrain Cereal with Milk and Fruits - 3 to 6 years,292.0,0,292.0,6,300,300,false
2315,Chocolates & Candies,MTR 3 Minute Breakfast - Magic Masala Upma,25.0,0,25.0,6,60,60,false
2316,Chocolates & Candies,Smith & Jones Masala Noodles,68.0,10,61.0,5,360,360,false
2317,Chocolates & Candies,"Knorr Classic Tomato Soup With 100% Real Vegetabls, No Added Preservatives",55.0,0,55.0,6,53,53,false
2318,Chocolates & Candies,Godrej Yummiez Chicken Punjabi Tikka,295.0,9,266.0,6,360,360,false
2319,Chocolates & Candies,Kellogg's Corn Flakes,425.0,9,383.0,1,1000,1,false
2320,Chocolates & Candies,Kelloggs Chocos,170.0,5,160.0,4,385,385,false
2321,Chocolates & Candies,Pedigree Puppy Dry Dog Food Food Chicken & Milk,290.0,20,232.0,6,1200,1200,false
2322,Chocolates & Candies,Ching's Secret Lemon Coriander Instant Soup,15.0,0,15.0,5,15,15,false
2323,Chocolates & Candies,Nestle Cerelac Baby Cereal With Milk Wheat-Rice Mixed Fruit,261.0,0,261.0,6,300,300,false
2324,Chocolates & Candies,Kelloggs Chocos - Moons & Stars,660.0,40,396.0,4,1200,1,false
2325,Chocolates & Candies,ITC Master Chef Chicken Galouti Kebab,170.0,4,162.0,2,210,210,false
2326,Chocolates & Candies,Yogabar 100% Pure Peanut Butter Creamy & Yummy Unsweetened,229.0,10,206.0,6,400,400,false
2327,Chocolates & Candies,Kitchens Of India Palak Paneer,130.0,30,91.0,6,285,285,false
2328,Chocolates & Candies,Kelloggs Chocos Fills Double Chocolat,99.0,11,88.0,6,175,175,false
2329,Chocolates & Candies,Soulfull Ragi Bites Choco Fills,169.0,5,160.0,4,250,250,false
2330,Chocolates & Candies,Figaro Sliced Black Olive,179.0,0,179.0,6,450,450,false
2331,Chocolates & Candies,Veeba Barbeque Sauce,149.0,8,137.0,6,330,330,false
2332,Chocolates & Candies,The Whole Truth Vegan Mocha Almond Fudge Energy Bar No Sugar,60.0,20,48.0,6,40,40,false
2333,Chocolates & Candies,"The Whole Truth - Nuts, Fruits & Seeds Muesli",325.0,20,260.0,6,350,350,false
2334,Chocolates & Candies,Pantai Green Curry Paste,150.0,14,128.0,5,114,114,false
2335,Chocolates & Candies,Kelloggs Special K,210.0,8,192.0,5,435,435,false
2336,Chocolates & Candies,Moi Soi Sichuan Chilli Oil- For Stir Fry Marinade Spread & Dip,280.0,50,140.0,5,175,175,false
2337,Chocolates & Candies,Mother's Recipe Madras Appalam,50.0,10,45.0,6,100,100,false
2338,Chocolates & Candies,Top Ramen Masala Oat Masala,80.0,10,72.0,6,280,280,false
2339,Chocolates & Candies,Saffola Everyday Peppy Tomato Masala Oats,195.0,12,171.0,6,500,500,false
2340,Chocolates & Candies,"Ching's Secret Instant Noodles, Hot Garlic",60.0,0,60.0,4,240,240,false
2341,Chocolates & Candies,Kitchens Of India Chicken Chettinad,200.0,30,140.0,1,285,285,false
2342,Chocolates & Candies,Nestle Cerelac Wheat - Stage 1,190.0,0,190.0,6,300,300,false
2343,Chocolates & Candies,Sumeru Aloo Paratha,119.0,5,113.0,6,400,400,false
2344,Chocolates & Candies,ITC Master Chef Veggie Pizza Pocket,170.0,4,162.0,4,340,340,false
2345,Chocolates & Candies,Wingreens Farms Tangy Cheese Pita Chips & Mexican Salsa Dip,60.0,15,51.0,1,70,70,false
2346,Chocolates & Candies,Ching's Secret Manchow Soup,55.0,0,55.0,3,55,55,false
2347,Chocolates & Candies,Veeba Carrot & Cucumber Sandwich Spread,85.0,10,76.0,6,250,250,false
2348,Chocolates & Candies,Kellogg's Real Almond & Honey Corn Flakes,370.0,12,324.0,3,650,650,false
2349,Chocolates & Candies,Kitchens Of India Mughlai Paneer,160.0,30,112.0,4,285,285,false
2350,Chocolates & Candies,Ching's Secret Just Soak - Veg Hakka Noodles,30.0,0,30.0,5,150,150,false
2351,Chocolates & Candies,Ching's Secret Chowmein Hakka Noodles Masala,60.0,10,54.0,2,100,100,false
2352,Chocolates & Candies,The Whole Truth Dark Chocolate Peanut Butter - Crunchy,235.0,20,188.0,5,325,325,false
2353,Chocolates & Candies,Mother's Recipe Bhel Puri Chutney,55.0,9,50.0,4,200,200,false
2354,Chocolates & Candies,Kelloggs Chocos Moon & Stars,330.0,10,294.0,6,680,680,false
2355,Chocolates & Candies,Mother's Recipe Lime Pickle,120.0,5,114.0,1,400,400,false
2356,Chocolates & Candies,Kitchens Of India Dal Makhani,110.0,30,77.0,2,285,285,false
2357,Chocolates & Candies,Pantai Light Soy Sauce,275.0,14,234.0,5,200,200,false
2358,Chocolates & Candies,Ching's Secret Sweet Corn Soup,55.0,0,55.0,6,55,55,false
2359,Chocolates & Candies,"Top Ramen Noodles, Atta",80.0,0,80.0,1,280,280,false
2360,Chocolates & Candies,Cantina Tortilla Dip Sauce Sour Creamy Tex Mex,225.0,15,191.0,5,190,190,false
2361,Chocolates & Candies,Dabur Hommade - Rajasthan Ki Garlic Chutne,65.0,6,61.0,6,200,200,false
2362,Chocolates & Candies,MTR Seviyan Vermicelli,42.0,0,42.0,2,400,400,false
2363,Chocolates & Candies,Pantai Oyster Sauce,275.0,14,234.0,4,200,200,false
2364,Chocolates & Candies,Go Cheese Spread - Four Pepper (Soft & Creamy),99.0,5,94.0,6,200,200,false
2365,Chocolates & Candies,MTR Ready To Eat Paneer Butter Masala,135.0,9,122.0,2,300,300,false
2366,Chocolates & Candies,Nestle Lactogen Stage 2 Follow-up Formula Powder,340.0,0,340.0,2,400,400,false
2367,Chocolates & Candies,Kellogg's Crunchy Bites Chocos,190.0,10,171.0,6,375,375,false
2368,Chocolates & Candies,Veeba Hot Sweet Tomato Chilli Sauce,104.0,20,83.0,3,500,500,false
2369,Chocolates & Candies,Borges Durum Wheat Pasta Superior Quality,250.0,40,149.0,6,500,500,false
2370,Chocolates & Candies,Funfoods Peanut Butter Crunchy,169.0,7,156.0,1,400,400,false
2371,Chocolates & Candies,Pantai Red Curry Paste,60.0,0,60.0,4,50,50,false
2372,Chocolates & Candies,ITC Master Chef Chicken Seekh Kabab,325.0,0,325.0,6,500,500,false
2373,Chocolates & Candies,Del Monte Pizza & Pasta Sauce Spout Pack,99.0,0,99.0,3,400,400,false
2374,Chocolates & Candies,Pantai Sriracha Red Chilli Sauce,225.0,15,191.0,6,200,200,false
2375,Chocolates & Candies,Hershey's Cocoa Spread,295.0,0,295.0,3,350,350,false
2376,Chocolates & Candies,Maggi Ghee Tadka Upma Express Pouch,25.0,0,25.0,6,65,65,false
2377,Chocolates & Candies,Ching's Secret Manchurian Noodles,91.0,0,91.0,5,360,360,false
2378,Chocolates & Candies,Kellogg's All Bran Wheat Flakes,220.0,6,205.0,5,425,425,false
2379,Chocolates & Candies,Yummiez Chicken Breakfast Sausages,150.0,0,150.0,3,250,250,false
2380,Chocolates & Candies,Pantai Red Curry Paste,150.0,14,128.0,3,114,114,false
2381,Chocolates & Candies,Bagrrys Muesli Crunchy Fruit & Nut With Cranberries,330.0,10,297.0,6,400,400,false
2382,Chocolates & Candies,Quaker Oats Pouch,276.0,10,248.0,6,1500,1,false
2383,Chocolates & Candies,Prasuma Momos - Cheesy Spicy Veg,295.0,0,295.0,6,24,24,false
2384,Chocolates & Candies,Veeba Sriracha Chilli Garlic Sauce,149.0,8,137.0,5,320,320,false
2385,Chocolates & Candies,Ching's Secret Just Soak - Veg Hakka Noodles,115.0,0,115.0,6,600,600,false
2386,Chocolates & Candies,Moi Soi Kung Pao Sauce - For Stir Fry Marinade Spread & Dip,280.0,50,140.0,5,175,175,false
2387,Chocolates & Candies,Figaro Plain Green Olive,179.0,0,179.0,6,450,450,false
2388,Chocolates & Candies,Mother's Recipe Gujrati Gorkeri Pickle,140.0,10,126.0,3,500,500,false
2389,Chocolates & Candies,Kellogg's Muesli 20% Nuts Delight,320.0,0,320.0,6,500,500,false
2390,Chocolates & Candies,Borges Farfalle Durum Wheat Pasta,250.0,0,250.0,5,500,500,false
2391,Chocolates & Candies,Kellogg's Chocos,299.0,10,269.0,4,700,700,false
2392,Chocolates & Candies,Nestle Nan Pro 4 Follow Up Formula Powder For Older Infants,620.0,0,620.0,1,400,400,false
2393,Chocolates & Candies,Veeba Truly Tomato Ketchup,99.0,20,79.0,6,500,500,false
2394,Chocolates & Candies,Ching's Secret Green Chilli Sauce,85.0,4,81.0,1,680,680,false
2395,Chocolates & Candies,MTR Roasted Vermicelli,55.0,0,55.0,1,400,400,false
2396,Chocolates & Candies,Mother's Recipe Punjabi Teekha Mang Pickle,120.0,10,108.0,4,400,400,false
2397,Chocolates & Candies,Ching's Secret Hot Garlic Instant Noodles,114.0,0,114.0,6,480,480,false
2398,Chocolates & Candies,Kellogg's Real Honey Corn Flakes,290.0,7,267.0,5,630,630,false
2399,Chocolates & Candies,ITC Master Chef Lebanese Falafel Kebab,130.0,4,124.0,4,230,230,false
2400,Chocolates & Candies,Kelloggs Chocos Fills Double Chocolaty,185.0,10,165.0,5,250,250,false
2401,Chocolates & Candies,Organic India Apple Cider Vinegar,595.0,9,536.0,2,500,500,false
2402,Chocolates & Candies,Masala Oats Masala & Coriander,195.0,9,176.0,5,500,500,false
2403,Chocolates & Candies,Ching's Secret Noodles - Pad Thai Lemongras,200.0,0,200.0,5,130,130,false
2404,Chocolates & Candies,Bagrrys Fruit and Nut Muesli with Cranberries,499.0,0,499.0,5,750,750,false
2405,Chocolates & Candies,Kitchens Of India Yellow Dal Tadka,110.0,30,77.0,6,285,285,false
2406,Chocolates & Candies,Soulfull Vanilla Fills - Ragi Bites,169.0,5,160.0,6,250,250,false
2407,Chocolates & Candies,Pantai Teriyaki Sauce with Garlic,325.0,15,276.0,6,200,200,false
2408,Chocolates & Candies,Whiskas Adult Pocket Tuna Cat Food,410.0,0,410.0,1,1200,1,false
2409,Chocolates & Candies,Kitchens Of India Chicken Darbari,200.0,30,140.0,4,285,285,false
2410,Chocolates & Candies,Soulfull Millet Muesli Fruit & Nut Almonds & Real Fruits,299.0,10,269.0,6,400,400,false
2411,Chocolates & Candies,Smith & Jones Red Pasta Sauce Mix,40.0,0,40.0,6,46,46,false
2412,Chocolates & Candies,Kellogg's Muesli Nuts Delight,425.0,9,383.0,3,750,750,false
2413,Chocolates & Candies,Kitchens of India Dal Bukhara Gravy Mix,110.0,30,77.0,6,285,285,false
2414,Chocolates & Candies,The Whole Truth Peanut Butter - Sweetened & Crunchy,215.0,20,172.0,6,325,325,false
2415,Chocolates & Candies,Remia Mayonnaise,230.0,0,230.0,6,241,241,false
2416,Chocolates & Candies,Ching's Secret Green Chilli Sauce,105.0,0,105.0,6,425,425,false
2417,Chocolates & Candies,Bagrrys Fruit N Fibre Muesli - Strawberry,595.0,0,595.0,1,1000,1,false
2418,Chocolates & Candies,Ching's Secret Tomato Oats Instant Soup,15.0,0,15.0,3,20,20,false
2419,Chocolates & Candies,Kellogg's Special K Original Corn Flakes,140.0,5,133.0,1,290,290,false
2420,Chocolates & Candies,Moi Soi Black Bean Sauce - Dip Spread Stir Fry & Marinade,280.0,50,140.0,5,175,175,false
2421,Chocolates & Candies,Tong Garden Wasabi Green Peas,175.0,4,167.0,6,150,150,false
2422,Chocolates & Candies,Ching's Secret Red Chilli Sauce,105.0,0,105.0,4,440,440,false
2423,Chocolates & Candies,Ching's Instant Hot and Sour Soup,55.0,0,55.0,5,55,55,false
2424,Chocolates & Candies,Ching's Secret Noodles - Pad Thai Original,200.0,0,200.0,6,130,130,false
2425,Chocolates & Candies,Aashirvaad Instant Meals - Khatta Meetha Pohaa With Millets,55.0,30,38.0,5,80,80,false
2426,Chocolates & Candies,Del Monte Black Sliced Olives,250.0,0,250.0,1,450,450,false
2427,Chocolates & Candies,Kitchens Of India Murgh Methi,220.0,30,154.0,5,285,285,false
2428,Chocolates & Candies,Nestle Cerelac 5 Grains & Fruits Cereal,288.0,0,288.0,6,300,300,false
2429,Chocolates & Candies,The Whole Truth - 5 Grain Muesli No Added Sugar,325.0,20,260.0,6,350,350,false
2430,Chocolates & Candies,Ching's Secret Pad Thai Noodles Green Curry,200.0,0,200.0,6,130,130,false
2431,Chocolates & Candies,Aashirvaad Suji Halwa With Jaggery,75.0,0,75.0,6,70,70,false
2432,Chocolates & Candies,Mother's Recipe Mango Pickle,120.0,0,120.0,1,400,400,false
2433,Chocolates & Candies,Ching's Secret Pad Thai Noodles - Extra Hot Thai Chilli,200.0,0,200.0,6,130,130,false
2434,Chocolates & Candies,Kellogg's Special K Original Corn Flakes,399.0,11,355.0,6,900,900,false
2435,Chocolates & Candies,Knorr Sweet Corn Chicken Soup,55.0,0,55.0,2,42,42,false
2436,Chocolates & Candies,Ching's Secret Tomato Soup,55.0,0,55.0,6,55,55,false
2437,Chocolates & Candies,Funfoods Peanut Butter Creamy,169.0,0,169.0,1,400,400,false
2438,Chocolates & Candies,Japanese Choice Udon Noodles,295.0,9,266.0,6,250,250,false
2439,Chocolates & Candies,Kelloggs Muesli - With 22% Fruit Magic,320.0,10,288.0,5,500,500,false
2440,Chocolates & Candies,Dabur Hommade - Kalonji Tamatar Ki Chutney,65.0,6,61.0,6,200,200,false
2441,Chocolates & Candies,Kitchens Of India Dal Makhani,110.0,30,77.0,1,285,285,false
2442,Chocolates & Candies,Aashirvaad Suji Halwa With Jaggery,55.0,30,38.0,6,80,80,false
2443,Chocolates & Candies,Del Monte Green Chili Sauce,55.0,0,55.0,3,190,190,false
2444,Chocolates & Candies,Pedigree Dog Food Adult Chicken & Veg,660.0,10,594.0,1,3000,3,false
2445,Chocolates & Candies,Kellogg's Original Corn Flakes,185.0,5,175.0,6,475,475,false
2446,Chocolates & Candies,Pedigree Puppy Dry Dog Food Food Chicken & Milk,690.0,6,648.0,2,3000,3,false
2447,Chocolates & Candies,Kitchens Of India Rajma Masala,110.0,30,77.0,5,285,285,false
2448,Chocolates & Candies,Kitchen Of India Ready-To-Eat Pindi Channa,110.0,30,77.0,2,285,285,false
2449,Chocolates & Candies,Figaro Pitted Black Olive,179.0,0,179.0,6,450,450,false
2450,Chocolates & Candies,Cantina Tabasco Red Sauce,140.0,15,119.0,6,60,60,false
2451,Chocolates & Candies,Mother's Recipe Pickle - Mixed,149.0,26,109.0,6,500,500,false
2452,Chocolates & Candies,Nestle Cerelac Baby Cereal with Milk 5 Grains & Vegetables from 18 to 24 Month,279.0,0,279.0,5,300,300,false
2453,Chocolates & Candies,Mother's Recipe Tamarind Paste,50.0,2,49.0,2,200,200,false
2454,Chocolates & Candies,Pedigree Meat Jerky Adult Dog Treat Barbecued Chicken,140.0,20,112.0,6,80,80,false
2455,Chocolates & Candies,Veeba Peri Peri Sauce,161.0,0,161.0,6,300,300,false
2456,Chocolates & Candies,Pantai Sriracha Yellow Chilli Sauce,225.0,15,191.0,6,200,200,false
2457,Chocolates & Candies,Praakritik Organic Jumbo Rolled Oats,190.0,11,169.0,6,500,500,false
2458,Chocolates & Candies,Ching's Secret Just Soak - Whole Wheat Veg Hakka Noodles,123.0,0,123.0,6,600,600,false
2459,Chocolates & Candies,Pantai Spring Roll Sauce,275.0,10,245.0,6,200,200,false
2460,Chocolates & Candies,MTR Vermicelli Payasam,75.0,0,75.0,6,180,180,false
2461,Chocolates & Candies,Bagrrys Corn Flakes,350.0,0,350.0,6,880,800,false
2462,Chocolates & Candies,MTR Ready To Eat Palak Paneer,135.0,11,120.0,6,300,300,false
2463,Chocolates & Candies,Del Monte Red Chili Sauce,55.0,0,55.0,5,190,190,false
2464,Chocolates & Candies,Kitchens of India Mutter Paneer Mix,120.0,30,84.0,4,285,285,false
2465,Chocolates & Candies,Pantai Green Curry Paste,60.0,6,56.0,6,50,50,false
2466,Chocolates & Candies,The Laughing Cow Cheese Spread Plain,110.0,0,110.0,6,180,180,false
2467,Chocolates & Candies,MTR Dal Fry,110.0,0,110.0,5,300,300,false
2468,Chocolates & Candies,Pantai Fish Sauce,275.0,14,234.0,6,200,200,false
2469,Chocolates & Candies,Cantina Beans Mexican Beans,250.0,14,213.0,6,410,410,false
2470,Chocolates & Candies,Ching's Secret Manchurian Instant Noodle,114.0,0,114.0,6,480,480,false
2471,Chocolates & Candies,Remia Salad Italian Dressing,230.0,0,230.0,6,250,250,false
2472,Chocolates & Candies,Yummiez Veg Cheese Fingers Pouch,230.0,0,230.0,4,400,400,false
2473,Chocolates & Candies,MTR Dal Makhani,110.0,0,110.0,4,300,300,false
2474,Chocolates & Candies,MTR Ready to Eat Pav Bhaji,110.0,0,110.0,6,300,300,false
2475,Chocolates & Candies,Weikfield Tomato Salsa Instant Pasta,25.0,0,25.0,1,77,77,false
2476,Chocolates & Candies,Nestlé CERELAC Baby Cereal with Milk,272.0,0,272.0,1,300,300,false
2477,Chocolates & Candies,Remia Salad Caesar Dressing,250.0,0,250.0,6,250,250,false
2478,Chocolates & Candies,Bagrrys Fruit N Fibre Muesli Mixed Fruit,330.0,0,330.0,6,500,500,false
2479,Chocolates & Candies,MTR Paneer Butter Masala & Veg Pulao,175.0,9,158.0,4,375,375,false
2480,Chocolates & Candies,Sundrop Cocoa Nut Hazelnut Chocolatey Spread,120.0,0,120.0,6,160,160,false
2481,Chocolates & Candies,Moi Soi Manchurian Sauce - For Stir Fry Marinade Spread & Dip,280.0,50,140.0,6,175,175,false
2482,Chocolates & Candies,Pedigree Dog Food Adult Meat & Rice,660.0,7,608.0,2,3000,3,false
2483,Chocolates & Candies,Pantai Sriracha Green Chilli Sauce,225.0,15,191.0,6,200,200,false
2484,Chocolates & Candies,Pantai Chilli Garlic Sauce,275.0,14,234.0,6,200,200,false
2485,Chocolates & Candies,Pantai Dark Soy Sauce,275.0,14,234.0,6,200,200,false
2486,Chocolates & Candies,Yoga Bar Peanut Butter Dark Chocolate Jar,249.0,0,249.0,4,400,400,false
2487,Chocolates & Candies,Cantina Tabasco Green Sauce,140.0,15,119.0,6,60,60,false
2488,Chocolates & Candies,Pantai Pad Thai Sauce (Non-Veg),325.0,9,293.0,5,200,200,false
2489,Chocolates & Candies,Pantai Sweet Chilli Sauce,275.0,14,234.0,6,200,200,false
2490,Chocolates & Candies,Ching's Secret Schezwan Instant Noodle,114.0,0,114.0,6,480,480,false
2491,Chocolates & Candies,Yummiez Chicken Garlic Fingers Pouch,250.0,0,250.0,5,400,400,false
2492,Chocolates & Candies,Pediasure Premium Chocolate Powdered Health Drink,610.0,0,610.0,2,400,400,false
2493,Chocolates & Candies,Chings Secret Hot Garlic Instant Noodles,91.0,0,91.0,6,60,60,false
2494,Chocolates & Candies,Godrej Yummiez Cheese Corn Nuggets,230.0,0,230.0,4,400,400,false
2495,Chocolates & Candies,Pantai Hot Chilli Sauce,275.0,14,234.0,6,200,200,false
2496,Chocolates & Candies,Knorr International Mexican Tomato Corn Soup,65.0,6,61.0,3,52,52,false
2497,Chocolates & Candies,Bagrry's Fruit Fibre Muesli Mixed Fruit,595.0,0,595.0,5,1000,1,false
2498,Chocolates & Candies,MTR Roasted Vermicelli,105.0,0,105.0,4,850,850,false
2499,Chocolates & Candies,Maggi 2-Minute Instant Noodles - Masala,44.0,0,44.0,0,280,280,true
2500,Chocolates & Candies,"Kurkure Green Chutney, Rajasthani Style",20.0,0,20.0,0,90,90,true
2501,Chocolates & Candies,Kellogg's Chocos Combo Pack,60.0,6,56.0,0,156,156,true
2502,Chocolates & Candies,Kissan Mixed Fruit Jam,155.0,0,155.0,0,500,500,true
2503,Chocolates & Candies,Lijjat Urad Papad,60.0,5,57.0,0,200,200,true
2504,Chocolates & Candies,Amul Cheese Spread Yummy Plain,85.0,0,85.0,0,200,200,true
2505,Chocolates & Candies,Mother's Recipe Ginger And Garlic Paste,50.0,24,38.0,0,200,200,true
2506,Chocolates & Candies,Maggi Magic Cubes Chicken,40.0,2,39.0,0,40,40,true
2507,Chocolates & Candies,Pedigree Puppy Chicken Chunks in Gravy,35.0,2,34.0,0,70,70,true
2508,Chocolates & Candies,The Whole Truth Peanut Butter - Unsweetened & Crunchy,185.0,20,148.0,0,325,325,true
2509,Chocolates & Candies,Ching's Chow Mein Hakka Noodles Masala,10.0,0,10.0,0,20,20,true
2510,Chocolates & Candies,Safal Frozen Mixed Vegetables,60.0,5,57.0,0,500,500,true
2511,Chocolates & Candies,Safal Frozen Corn,41.0,4,39.0,0,200,200,true
2512,Chocolates & Candies,Amul Cheese Spread Spicy Garlic,85.0,3,82.0,0,200,200,true
2513,Chocolates & Candies,Ching's Secret Veg Hakka Noodles,107.0,0,107.0,0,600,600,true
2514,Chocolates & Candies,Saffola Oats 100 % Natural,15.0,0,15.0,0,38,38,true
2515,Chocolates & Candies,Lijjat Moong Papad,60.0,5,57.0,0,200,200,true
2516,Chocolates & Candies,Mothers Recipe Papad - Sabudana With Rock Salt,31.0,9,28.0,0,70,70,true
2517,Chocolates & Candies,Maggi Chilly Chow Cuppa Noodles,50.0,0,50.0,0,70,70,true
2518,Chocolates & Candies,Veeba Favourites Eggless Burger Mayonnaise,69.0,8,63.0,0,250,250,true
2519,Chocolates & Candies,Sunfeast YiPPee! Magic Masala Noodles,48.0,6,45.0,0,240,240,true
2520,Chocolates & Candies,Top Ramen Masala,91.0,9,82.0,0,560,560,true
2521,Chocolates & Candies,Kelloggs Corn Flakes With Real Strawberry Pure,265.0,10,236.0,0,575,575,true
2522,Chocolates & Candies,Mother's Recipe Potato Papad,31.0,9,28.0,0,70,75,true
2523,Chocolates & Candies,Mothers Recipe Rice Papad Ajwain,24.0,0,24.0,0,75,75,true
2524,Chocolates & Candies,Chef's Basket Durum Wheat Penne Pasta,160.0,50,80.0,0,500,500,true
2525,Chocolates & Candies,Dabur Hommade - Imli Sauce Saunth,20.0,10,18.0,0,100,100,true
2526,Chocolates & Candies,Zorabian Chicken Kheema Parathas,190.0,0,190.0,0,300,300,true
2527,Chocolates & Candies,Sunfeast Pasta Treat Pack of Tomato Cheese,28.0,17,23.0,0,65,65,true
2528,Chocolates & Candies,Safal Frozen - Sweet Corn,160.0,5,152.0,0,1000,1,true
2529,Chocolates & Candies,MTR Vegetable Upma,25.0,0,25.0,0,60,60,true
2530,Chocolates & Candies,Del Monte Original Blend Tomato Ketchup Pouch,120.0,7,111.0,0,950,950,true
2531,Chocolates & Candies,Del Monte Natural Vinegar,55.0,3,53.0,0,180,180,true
2532,Chocolates & Candies,Del Monte Eggless Mayo,135.0,6,126.0,0,500,500,true
2533,Chocolates & Candies,ITC Master Chef Cheesy Corn Triangles,160.0,5,152.0,0,320,320,true
2534,Chocolates & Candies,Mother's Recipe Mixed Pickle,115.0,4,110.0,0,400,400,true
2535,Chocolates & Candies,Godrej Yummiez Chicken Breakfast Salami,150.0,4,143.0,0,250,250,true
2536,Chocolates & Candies,Hershey's Cocoa + Almond Spread,295.0,9,266.0,0,350,350,true
2537,Chocolates & Candies,Maggi Special Masala Spicy Yummy Noodles,72.0,0,72.0,0,280,280,true
2538,Chocolates & Candies,Del Monte Schezwan Sauce,55.0,0,55.0,0,190,190,true
2539,Chocolates & Candies,Yummiez Green Peas,135.0,0,135.0,0,500,500,true
2540,Chocolates & Candies,Yummiez Green Peas,250.0,0,250.0,0,1000,1,true
2541,Chocolates & Candies,Yummiez American Sweet Corn,85.0,0,85.0,0,400,400,true
2542,Chocolates & Candies,Dr Oetker Cucumber & Carrot Sandwich Spread Veg,79.0,0,79.0,0,250,250,true
2543,Chocolates & Candies,Del Monte Pitted Green Olives,250.0,0,250.0,0,450,450,true
2544,"Meats, Fish & Eggs",Arden Eggs White,97.0,0,97.0,4,696,12,false
2545,"Meats, Fish & Eggs",Arden Eggs White,65.0,15,55.0,4,348,6,false
2546,"Meats, Fish & Eggs",Arden Eggs Brown,85.0,7,79.0,4,348,6,false
2547,"Meats, Fish & Eggs",Godrej Real Good Chicken Whole Pre-Cut,300.0,10,270.0,4,1000,1,false
2548,"Meats, Fish & Eggs",Zorabian Chicken Breast Boneless,145.0,8,133.0,3,250,250,false
2549,"Meats, Fish & Eggs",Godrej Real Good Chicken Curry Cut,175.0,9,158.0,3,500,500,false
2550,"Meats, Fish & Eggs",TGFC Chicken Curry Cut Fresh,249.0,25,186.0,1,500,500,false
2551,"Meats, Fish & Eggs",Arden Desi Eggs,110.0,13,95.0,4,348,6,false
2552,"Meats, Fish & Eggs",Godrej Real Good Chicken Breast Boneless,275.0,9,248.0,6,450,450,false
2553,"Meats, Fish & Eggs",Fresh Chicken Boneless Cubes (Halal),215.0,5,204.0,1,500,500,false
2554,"Meats, Fish & Eggs",Godrej Real Good Chicken Kheema,255.0,9,230.0,3,450,450,false
2555,"Meats, Fish & Eggs",Suguna Sharp Egg,72.0,13,62.0,3,348,6,false
2556,"Meats, Fish & Eggs",TGFC Bombay Duck Whole Cleaned,319.0,14,274.0,1,500,500,false
2557,"Meats, Fish & Eggs",Zorabian Pre Cut Chicken Skinless (Half),165.0,0,165.0,1,500,500,false
2558,"Meats, Fish & Eggs",Godrej Real Good Chicken Drumstick,265.0,9,239.0,2,500,500,false
2559,"Meats, Fish & Eggs",Suguna Active - DHA,72.0,13,62.0,4,348,6,false
2560,"Meats, Fish & Eggs",Godrej Real Good Chicken Marinated Lollipop,200.0,10,180.0,2,580,10,false
2561,"Meats, Fish & Eggs",Godrej Yummiez Chicken Nuggets,325.0,9,293.0,1,500,500,false
2562,"Meats, Fish & Eggs",Eastern Chicken Masala,70.0,7,65.0,3,100,100,false
2563,"Meats, Fish & Eggs",Ching's Chicken Chilli Masala,10.0,0,10.0,6,20,20,false
2564,"Meats, Fish & Eggs",Fresh Chicken Whole Leg - Skinless (Halal),165.0,4,157.0,1,500,500,false
2565,"Meats, Fish & Eggs",Ceres Foods Fish Mustard Instant Liquid Masala,220.0,50,110.0,6,200,200,false
2566,"Meats, Fish & Eggs",TGFC Tilapia Curry Cut,259.0,43,147.0,1,500,500,false
2567,"Meats, Fish & Eggs",Godrej Yummiez Chicken Lucknowi Seekh Kebab,260.0,10,234.0,4,400,400,false
2568,"Meats, Fish & Eggs",Godrej Real Good Marinated Hot & Grill Chicken,245.0,9,221.0,2,450,450,false
2569,"Meats, Fish & Eggs",Everest Meat Masala Powder,74.0,9,67.0,3,100,100,false
2570,"Meats, Fish & Eggs",Suguna Heart- Omega3,72.0,13,62.0,4,348,6,false
2571,"Meats, Fish & Eggs",Everest Powder - Egg Curry Masala,40.0,2,39.0,6,50,50,false
2572,"Meats, Fish & Eggs",TGFC Chicken Boneless Fresh Whole,261.0,14,222.0,1,500,500,false
2573,"Meats, Fish & Eggs",Zorabian Chicken Smoked Ham,205.0,5,194.0,1,250,250,false
2574,"Meats, Fish & Eggs",Suguna Fit Egg,120.0,43,68.0,4,348,6,false
2575,"Meats, Fish & Eggs",Everest Tandoori Chicken Masala,39.0,2,38.0,5,50,50,false
2576,"Meats, Fish & Eggs",Godrej Yummiez Chilli Chicken Sausages,160.0,10,144.0,3,250,250,false
2577,"Meats, Fish & Eggs",Godrej Yummiez Chicken Punjabi Tikka,295.0,9,266.0,6,360,360,false
2578,"Meats, Fish & Eggs",Eastern Fish Masala,48.0,2,47.0,5,100,100,false
2579,"Meats, Fish & Eggs",TGFC Catla Bengali Cut,290.0,29,204.0,1,500,500,false
2580,"Meats, Fish & Eggs",Godrej Real Good Chicken Leg Boneless,275.0,9,248.0,3,450,450,false
2581,"Meats, Fish & Eggs",TGFC Rohu Bengali Cut,249.0,28,179.0,1,500,500,false
2582,"Meats, Fish & Eggs",Godrej Real Good Chicken Lollypop,175.0,9,158.0,1,580,10,false
2583,"Meats, Fish & Eggs",Godrej Real Good Chicken Liver Sealed,75.0,9,68.0,1,200,200,false
2584,"Meats, Fish & Eggs",Everest Tandoori Chicken Masala,74.0,9,67.0,3,100,100,false
2585,"Meats, Fish & Eggs",Fresh Mutton Mince - Kheema (Halal),515.0,3,495.0,1,500,500,false
2586,"Meats, Fish & Eggs",Fresh Mutton Curry Cut Cubes (Halal),465.0,4,442.0,1,500,500,false
2587,"Meats, Fish & Eggs",Ceres Foods Laal Maas Instant Liquid Masala,220.0,50,110.0,5,200,200,false
2588,"Meats, Fish & Eggs",Godrej Real Good Chicken Legs,210.0,10,189.0,1,116,2,false
2589,"Meats, Fish & Eggs",Yummiez Chicken Breakfast Sausages,150.0,0,150.0,3,250,250,false
2590,"Meats, Fish & Eggs",TGFC Basa Fillets,329.0,24,247.0,1,500,500,false
2591,"Meats, Fish & Eggs",Zorabian Chicken Legs Skinless,210.0,0,210.0,1,450,450,false
2592,"Meats, Fish & Eggs",Ceres Foods Nalli Nihari Instant Liquid Masala,220.0,50,110.0,6,200,200,false
2593,"Meats, Fish & Eggs",Yummiez Chicken Garlic Fingers Pouch,250.0,0,250.0,5,400,400,false
2594,"Meats, Fish & Eggs",Suhana Spice Mix - Chicken Biryani,66.0,0,66.0,6,50,50,false
2595,"Meats, Fish & Eggs",Suguna Nourish Egg,62.0,0,62.0,0,696,12,true
2596,"Meats, Fish & Eggs",Fresh Chicken Curry Cut - Skinless (Halal),140.0,0,140.0,0,500,500,true
2597,"Meats, Fish & Eggs",Zorabian Chicken Breast Boneless,145.0,0,145.0,0,450,450,true
2598,"Meats, Fish & Eggs",Zorabian Chicken Kheema Parathas,190.0,0,190.0,0,300,300,true
2599,"Meats, Fish & Eggs",Fresh Chicken Mince - Kheema (Halal),215.0,5,204.0,0,500,500,true
2600,"Meats, Fish & Eggs",Godrej Real Good Chicken Boneless Cubes,275.0,9,248.0,0,450,450,true
2601,"Meats, Fish & Eggs",Suguna Vitamin D Egg,75.0,17,62.0,0,348,6,true
2602,"Meats, Fish & Eggs",Suguna Nourish Egg,72.0,16,60.0,0,348,6,true
2603,"Meats, Fish & Eggs",Zorabian Chicken Mince,250.0,0,250.0,0,450,450,true
2604,"Meats, Fish & Eggs",Zorabian Chicken Leg Boneless,250.0,0,250.0,0,450,450,true
2605,"Meats, Fish & Eggs",Godrej Yummiez Chicken Breakfast Salami,150.0,4,143.0,0,250,250,true
2606,"Meats, Fish & Eggs",Zorabian Chicken Cubes,270.0,0,270.0,0,500,500,true
2607,Biscuits,Britannia Good Day Cashew Cookies,10.0,0,10.0,6,60,58,false
2608,Biscuits,Britannia 50-50 Maska Chaska Biscuits,32.0,3,31.0,6,120,120,false
2609,Biscuits,Dukes Waffy Chocolate Wafers,45.0,51,22.0,4,60,75,false
2610,Biscuits,Britannia Nutri Choice Digestive Biscuit,45.0,0,45.0,1,200,150,false
2611,Biscuits,Britannia Goodday Chocochip Cookies,120.0,17,99.0,5,400,400,false
2612,Biscuits,Britannia Good Day Pista Badam,45.0,2,44.0,1,200,200,false
2613,Biscuits,Cadbury Chocobakes Chocolate Filled Cookies,30.0,0,30.0,5,75,75,false
2614,Biscuits,Dukes Waffy Strawberry Roll,150.0,50,75.0,3,250,250,false
2615,Biscuits,Parle Monaco Classic Salty Biscuits,70.0,0,70.0,4,400,400,false
2616,Biscuits,Dukes Waffy Orange Wafers,45.0,51,22.0,5,60,75,false
2617,Biscuits,Britannia Good Day Pista Badam,20.0,0,20.0,6,100,100,false
2618,Biscuits,Britannia Milk Bikis Biscuits Packet,20.0,0,20.0,3,200,200,false
2619,Biscuits,Britannia Toastea (Premium Bake Rusk),65.0,0,65.0,6,400,400,false
2620,Biscuits,Dukes Waffy Strawberry Wafers,45.0,51,22.0,2,60,75,false
2621,Biscuits,Britannia Toastea Premium Bake Rusk,35.0,0,35.0,3,182,182,false
2622,Biscuits,Lotte Choco Pie,80.0,10,72.0,3,168,168,false
2623,Biscuits,Bauli Moonfils Choco Veg Puff Roll,15.0,0,15.0,2,45,45,false
2624,Biscuits,Sunfeast Dark Fantasy Choco Fills Cookies Packet,150.0,15,127.0,3,300,300,false
2625,Biscuits,Britannia 50-50 Maska Chaska Biscuit,75.0,10,67.5,6,300,300,false
2626,Biscuits,Britannnia 50-50 Sweet & Salty Biscuit,25.0,0,25.0,4,200,200,false
2627,Biscuits,Britannia Good Day Chunky Cookies,50.0,15,42.5,6,120,120,false
2628,Biscuits,Sunfeast Marie Light,23.0,13,20.0,1,200,200,false
2629,Biscuits,Britannia Bourbon Biscuit Buy 4 Get 1 Free,80.0,10,72.0,2,500,500,false
2630,Biscuits,The Bake Shop Whole Wheat Oats Khari,65.0,6,61.0,5,200,200,false
2631,Biscuits,Britannia Nutri Choice Oats Milk Almond Biscuit,25.0,10,22.5,6,75,75,false
2632,Biscuits,Sunfeast Dark Fantasy Choco Creme,80.0,27,58.0,4,300,300,false
2633,Biscuits,Lotte Choco Pie Chocolate Cake,25.0,0,25.0,6,56,56,false
2634,Biscuits,Sunfeast Mom's Magic Cashew & Almond Cookies Packet,30.0,10,27.0,3,200,200,false
2635,Biscuits,Unibic SugarFree - Oatmeal Cookies,50.0,16,42.0,3,75,75,false
2636,Biscuits,Parle Hide & Seek Cookies With Added Almonds,30.0,3,29.0,1,100,100,false
2637,Biscuits,Unibic Fruit & Nut Cookies,25.0,8,23.0,3,67,67,false
2638,Biscuits,Sunfeast Yumfills Whoopie Pie,140.0,25,105.0,5,253,276,false
2639,Biscuits,Britannia Toastea Premium Bake Rusk,110.0,14,94.0,1,700,700,false
2640,Biscuits,McVitie's Marie biscuits with Goodness of Calcium,30.0,0,30.0,6,250,250,false
2641,Biscuits,Britannia Treat Croissant Vanilla Creme Roll,20.0,10,18.0,2,47,47,false
2642,Biscuits,Unibic Honey Oatmeal Cookies,25.0,8,23.0,6,75,75,false
2643,Biscuits,Britannia Good Day Choco Chip Cookies,30.0,3,29.0,6,100,100,false
2644,Biscuits,The Bake Shop Masala Cheese Crackers,95.0,6,89.0,3,100,100,false
2645,Biscuits,Britannia Pure Magic Vanilla Creme Biscuit,35.0,17,29.0,4,100,100,false
2646,Biscuits,Open Secret Assorted Story Box,105.0,22,81.0,4,75,75,false
2647,Biscuits,Cadbury Oreo Dipped Biscuit,70.0,10,63.0,1,150,150,false
2648,Biscuits,Sunfeast Farmlite Oats & Almonds Biscuits Packet,60.0,10,54.0,3,150,150,false
2649,Biscuits,Unibic SugarFree - Butter Cookies,50.0,16,42.0,6,75,75,false
2650,Biscuits,Britannia Good Day Cashew Cookies Packet,120.0,12,105.6,6,600,600,false
2651,Biscuits,Dukes Sour & Cream Onion Nibbles Baked,55.0,25,41.0,3,150,150,false
2652,Biscuits,Britannia Treat Croissant Vanilla Creme Roll,20.0,0,20.0,6,47,47,false
2653,Biscuits,Parle Hide & Seek Choco Rolls,50.0,2,49.0,4,120,120,false
2654,Biscuits,Britannia Treat Creme Wafers - Vanilla,45.0,11,40.0,6,60,1,false
2655,Biscuits,Parle Rusk Elaichi,48.0,2,47.0,6,300,300,false
2656,Biscuits,Lotte Choco Pie,140.0,6,131.0,2,336,336,false
2657,Biscuits,Sunfeast Mom's Magic Cashew & Almond Biscuits,120.0,15,102.0,6,600,600,false
2658,Biscuits,Unibic Cashew Cookies,25.0,8,23.0,6,75,75,false
2659,Biscuits,Parle Monaco Jeffs Zeera Biscuit,60.0,10,54.0,4,200,200,false
2660,Biscuits,"Unibic Snack Bar - Multigrain, Choco",40.0,17,33.0,6,30,30,false
2661,Biscuits,The Bake Shop Methi Khari Simply Delicious,65.0,6,61.0,2,200,200,false
2662,Biscuits,Britannia Treat Jimjam Family Pack (Buy 4 Get 1 Free),100.0,0,100.0,6,500,500,false
2663,Biscuits,Open Secret Choco Almond Tiffin Pack,35.0,22,27.0,3,25,25,false
2664,Biscuits,Lotte Choco Pie,150.0,20,120.0,6,696,12,false
2665,Biscuits,Baker Street Suji Rusk Large Pack,30.0,10,27.0,6,200,200,false
2666,Biscuits,Parle Hide & Seek Choco Rolls,30.0,0,30.0,1,75,75,false
2667,Biscuits,Sunfeast Dark Fantasy Vanilla Creme,80.0,15,68.0,6,300,300,false
2668,Biscuits,Britannia Treat Burst Choco Creme Fills,30.0,0,30.0,3,120,120,false
2669,Biscuits,Parle Milano Mixed Berries Cookies,35.0,2,34.0,3,75,75,false
2670,Biscuits,Karachi Bakery Cashew Biscuits,210.0,5,199.0,4,400,400,false
2671,Biscuits,Britannia Pure Magic Choco Lush Cookies,120.0,20,96.0,4,300,300,false
2672,Biscuits,Britannia Treart Creme Wafers Chocolate,45.0,11,40.0,6,60,1,false
2673,Biscuits,Unibic Daily Digestive (Multigrain Cookies),30.0,6,28.0,6,75,75,false
2674,Biscuits,Cadbury Chocobakes Choc Filled Cookies,60.0,0,60.0,6,150,150,false
2675,Biscuits,The Bake Shop Whole Wheat Multigrain Toast (Rusk),60.0,6,56.0,2,200,200,false
2676,Biscuits,Unibic Choco Kiss Cookies,45.0,15,38.0,5,75,75,false
2677,Biscuits,Britannia Treat Creme Wafers - Orange,45.0,11,40.0,6,60,60,false
2678,Biscuits,Bauli Moonfills Pack of 4,60.0,10,54.0,6,180,190,false
2679,Biscuits,Unibic Oatmeal Digestive Cookies,50.0,6,47.0,6,150,150,false
2680,Biscuits,Orion Choco Pie - Chocolate Coated Soft Biscuit,150.0,25,112.0,2,336,336,false
2681,Biscuits,Britannia Good Day Cashew Cookies Pack Of 6,120.0,10,108.0,6,120,120,false
2682,Biscuits,Parle Fab Bourbon,30.0,0,30.0,3,150,150,false
2683,Biscuits,Open Secret White Choco Tiffin Pack,35.0,22,27.0,1,25,25,false
2684,Biscuits,The Bake Shop Whole Wheat Bread Sticks,60.0,6,56.0,1,100,100,false
2685,Biscuits,Unibic Assorted Cookies,149.0,8,137.0,6,450,450,false
2686,Biscuits,The Bake Shop Milk & Raisin Toast (Rusk),60.0,6,56.0,4,200,200,false
2687,Biscuits,Lotte Choco Pie Cocoa Pie,90.0,10,81.0,6,168,168,false
2688,Biscuits,Bauli Moonfils Veg - Strawberry,15.0,0,15.0,5,45,47,false
2689,Biscuits,The Bake Shop Masala Lavash,75.0,6,70.0,6,100,200,false
2690,Biscuits,Britannia Good Day Nut Cookies,30.0,0,30.0,6,120,120,false
2691,Biscuits,Sunfeast Mom's Magic Rich Butter Cookies,30.0,10,27.0,6,200,200,false
2692,Biscuits,The Bake Shop Whole Wheat Toast (Rusk),60.0,6,56.0,4,200,200,false
2693,Biscuits,Open Secret Peanut Butter Story Box,105.0,22,81.0,6,75,75,false
2694,Biscuits,Open Secret White Choco Story Box,105.0,22,81.0,6,75,75,false
2695,Biscuits,The Bake Shop Whole Wheat Multigrain Lavash,75.0,6,70.0,3,100,200,false
2696,Biscuits,McVitie's Oat Cookies,45.0,0,45.0,2,120,120,false
2697,Biscuits,Britannia Tiger Krunch Biscuits,120.0,0,120.0,4,400,400,false
2698,Biscuits,McVitie's Butter Cookies,30.0,10,27.0,6,200,200,false
2699,Biscuits,Bauli Moonfils Strawberry,15.0,0,15.0,5,45,45,false
2700,Biscuits,Britannia Good Day Butter Cookies,80.0,10,72.0,6,600,600,false
2701,Biscuits,Parle Hide & Seek Choco Rolls,60.0,0,60.0,1,120,120,false
2702,Biscuits,The Bake Shop Jeera Ajwain Bread Sticks,60.0,6,56.0,6,100,100,false
2703,Biscuits,Parle Fab!o Vanilla Creme Sandwich Biscuit,30.0,3,29.0,6,120,120,false
2704,Biscuits,Sunfeast Farmlite Nuts Digestive,70.0,11,62.0,6,250,250,false
2705,Biscuits,Britannia Pure Magic - Chocolush,35.0,2,34.0,6,100,100,false
2706,Biscuits,The Bake Shop Maska & Multigrain Cheese Crackers,130.0,10,116.0,3,100,150,false
2707,Biscuits,Britannia Nutri Choice Ragi Cookies,70.0,10,63.0,6,150,150,false
2708,Biscuits,Sunfeast Farmlite 5 Seed Digestive,60.0,0,60.0,2,250,250,false
2709,Biscuits,Dukes Nibbles - Ranch Crackers,50.0,0,50.0,6,150,150,false
2710,Biscuits,Danish Butter Cookies,350.0,0,350.0,1,400,400,false
2711,Biscuits,The Bake Shop Sesame Seed Crackers,130.0,10,116.0,4,100,150,false
2712,Biscuits,Good Day Butter Cookies,10.0,0,10.0,0,75,75,true
2713,Biscuits,Britannia Marie Gold Biscuits Packet,30.0,0,30.0,0,250,250,true
2714,Biscuits,Britannia Good Day Cashew Cookies,20.0,0,20.0,0,100,100,true
2715,Biscuits,Sunfeast Dark Fantasy Choco Fills,35.0,8,32.0,0,75,75,true
2716,Biscuits,Britannia Nutri Choice Digestive Biscuits Packet,25.0,0,25.0,0,100,100,true
2717,Biscuits,Britannia Classic Little Hearts,25.0,0,25.0,0,75,75,true
2718,Biscuits,Britannia Good Day Cashew Cookies Packet,40.0,5,38.0,0,200,200,true
2719,Biscuits,Britannia Nice Time Biscuit,25.0,0,25.0,0,150,150,true
2720,Biscuits,Britannia Milk Bikis Cream Biscuit,45.0,0,45.0,0,200,200,true
2721,Biscuits,Britannia Bourbon Chocolate Cream Biscuits,35.0,2,34.0,0,150,150,true
2722,Biscuits,Dukes Waffy Chocolate Wafer Rolls,150.0,50,75.0,0,250,250,true
2723,Biscuits,Britannia Milk Bikis Milky Sandwich,25.0,0,25.0,0,120,120,true
2724,Biscuits,Britannia Marie Gold Biscuit,28.0,0,28.0,0,200,200,true
2725,Biscuits,Britannia Marie Gold (Buy 4 Get 1 Free),80.0,0,80.0,0,600,600,true
2726,Biscuits,Britannia 50-50 Maska Chaska Biscuit,10.0,0,10.0,0,46,45,true
2727,Biscuits,Unibic Choco Nut Cookies,25.0,8,23.0,0,75,75,true
2728,Biscuits,Britannia Vita Marie Gold Biscuit,45.0,0,45.0,0,300,300,true
2729,Biscuits,The Bake Shop Maska Khari,65.0,6,61.0,0,200,100,true
2730,Biscuits,Parle Fab! Jam-In Cream Filled,35.0,2,34.0,0,150,150,true
2731,Biscuits,Sunfeast Nice Biscuit,25.0,12,22.0,0,150,150,true
2732,Biscuits,Britannia Nutrichoice 5 Grain Digestive Biscuits,75.0,0,75.0,0,200,200,true
2733,Biscuits,Cadbury Oreo Strawberry Bicuits,30.0,3,29.0,0,120,120,true
2734,Biscuits,Sunfeast Mom's Magic Cashew & Almond Biscuit,10.0,0,10.0,0,60,60,true
2735,Biscuits,Britannia Roll Yo! Strawberry Swiss Roll,10.0,0,10.0,0,28,28,true
2736,Biscuits,Bauli Moonfils Choco Cream (With Egg),15.0,0,15.0,0,45,45,true
2737,Biscuits,Britannia Nutri Choice Oats Choco Almond Biscuit,25.0,10,22.5,0,100,75,true
2738,Biscuits,Britannia Nutri Choice Cracker Sugar Free Biscuit,35.0,0,35.0,0,300,300,true
2739,Biscuits,Cadbury Oreo Chocolatey Sandwich Biscuits Family Pack,80.0,0,80.0,0,300,300,true
2740,Biscuits,Bauli Moonfils Orange Puff Roll,15.0,0,15.0,0,45,45,true
2741,Biscuits,Britannia Treat Jimjam Cream Biscuits,25.0,0,25.0,0,100,100,true
2742,Biscuits,Britannia Toastea Premium Bake Rusk,50.0,6,47.0,0,300,300,true
2743,Biscuits,The Bake Shop Jeera Khari,65.0,0,65.0,0,200,200,true
2744,Biscuits,"Cadbury Oreo Creme Biscuit - Vanilla, Original 120 g",30.0,3,29.0,0,120,120,true
2745,Biscuits,Britannia Good Day Cashew Cookies,230.0,25,172.0,0,1000,1,true
2746,Biscuits,Bauli Moonfils - Vanilla,15.0,0,15.0,0,45,45,true
2747,Biscuits,Britannia Roll Yo! Choco Swiss Roll (With Egg),10.0,0,10.0,0,28,28,true
2748,Biscuits,Britannia Milk Bikis Cream Biscuit,70.0,0,70.0,0,500,500,true
2749,Biscuits,Open Secret Choco Almond Story Box,105.0,22,81.0,0,75,75,true
2750,Biscuits,Parle Monaco Sixer Salted Biscuits,60.0,10,54.0,0,200,200,true
2751,Biscuits,Sunfeast Dark Fantasy Bourbon Bliss,35.0,17,29.0,0,150,150,true
2752,Biscuits,Patanjali Atta Doodh Rusk,40.0,0,40.0,0,300,300,true
2753,Biscuits,Sunfeast Dark Fantasy Bourbon Bliss,35.0,0,35.0,0,150,150,true
2754,Personal Care,Clove Sensitive Toothpaste with Anti-Sensitivity & Fluoride Formulation,160.0,35,104.0,3,80,80,false
2755,Personal Care,Dettol Original Germ Protection Alcohol Based Hand Sanitizer,25.0,0,25.0,6,50,50,false
2756,Personal Care,Colgate Visible White Toothpaste,115.0,10,103.0,6,100,100,false
2757,Personal Care,Dettol SKincare Handwash Value Refill,109.0,3,105.0,6,750,750,false
2758,Personal Care,Savlon Herbal Sensitive Liquid Handwash Refill Pouch,115.0,4,110.0,6,750,500,false
2759,Personal Care,Colgate Total 12 Whole Mouth Protection Toothpaste,120.0,10,108.0,6,120,120,false
2760,Personal Care,Lux International Creamy White Soap Bar,35.0,2,34.0,6,75,75,false
2761,Personal Care,Colgate Herbal Toothpaste,114.0,18,93.0,2,200,200,false
2762,Personal Care,Nivea Men Deodorant Fresh Active 48h Long lasting Freshness,225.0,24,169.0,6,150,150,false
2763,Personal Care,Dabur Meswak Toothpaste,58.0,5,55.0,6,100,100,false
2764,Personal Care,Colgate Max Fresh Cooling Crystals Toothpaste,101.0,5,95.0,2,150,150,false
2765,Personal Care,Indulekha Bhringa Hair Oil,432.0,15,367.0,6,100,100,false
2766,Personal Care,Colgate Sensitive Soft Bristles Toothbrush,50.0,0,50.0,6,58,1,false
2767,Personal Care,Pears Pure & Gentle Glycerin Bath Soap,75.0,0,75.0,6,125,125,false
2768,Personal Care,Vaseline Skin Protecting Jelly,79.0,13,68.0,6,50,50,false
2769,Personal Care,Dettol Original Germ Protection Bathing Soap Bar,166.0,5,157.0,4,375,375,false
2770,Personal Care,Dettol Intense Cool Soap (B4G1),260.0,5,247.0,6,625,625,false
2771,Personal Care,Livon Anti-Frizz Serum,250.0,10,225.0,3,100,100,false
2772,Personal Care,Lifebuoy Germ Protection Care Soap Bar,30.0,3,29.0,3,100,125,false
2773,Personal Care,Lux International Creamy White Soap Bar,70.0,10,63.0,6,125,125,false
2774,Personal Care,Godrej Nupur - 100% Pure Henna (Mehendi),10.0,0,10.0,6,18,18,false
2775,Personal Care,Glow & Lovely Advanced Multivitamin Face Cream,213.0,10,190.0,6,110,110,false
2776,Personal Care,Set Wet Style Vertical Hold Hair Gel,50.0,10,45.0,4,50,50,false
2777,Personal Care,"Godrej Expert Rich Crème, Natural Black",30.0,0,30.0,6,20,20,false
2778,Personal Care,Nycil Germ Expert Cool Herbal Talc,130.0,8,119.0,1,150,200,false
2779,Personal Care,Godrej Expert Creme Hair Natural Brown Colour,30.0,0,30.0,6,20,20,false
2780,Personal Care,Veet Sensitive Skin Hair Removal Cream,135.0,5,128.0,6,50,50,false
2781,Personal Care,Closeup Everfresh+ Anti-Germ Gel Toothpaste Red Hot,50.0,2,49.0,1,80,80,false
2782,Personal Care,Pears Pure And Gentle Value Pack Of 3 Bathing Soap,199.0,6,186.0,5,375,375,false
2783,Personal Care,Gillette Presto Ready Shaver 5 Cartridges,88.0,6,82.0,6,290,5,false
2784,Personal Care,Closeup Everfresh+ Anti-Germ Gel Toothpaste Red Hot,160.0,10,144.0,4,300,300,false
2785,Personal Care,"Godrej Expert Rich Crème, Dark Brown",30.0,0,30.0,4,20,20,false
2786,Personal Care,Nivea Soft Light Moisturizer for Face Hand & Body Non-Sticky Cream with Vitamin E & Jojoba Oil,185.0,15,157.0,3,100,100,false
2787,Personal Care,Fiama Gel Bar Celebration Pack Buy 4 Get 1 Free,290.0,10,261.0,6,625,625,false
2788,Personal Care,Gillette Sensitive Shaving Foam,225.0,6,210.0,4,418,418,false
2789,Personal Care,Dove Hair Fall Rescue Shampoo,150.0,6,141.0,5,180,180,false
2790,Personal Care,Gillette Mach 3 Mens Razor Blades,499.0,7,460.0,4,232,4,false
2791,Personal Care,Palmolive Aroma Absolute Relax Shower Gel,199.0,20,159.0,2,250,250,false
2792,Personal Care,Godrej Protekt Germ Fighter Handwash,99.0,0,99.0,6,750,750,false
2793,Personal Care,Dettol Hand Sanitizer,100.0,5,95.0,6,200,200,false
2794,Personal Care,Dabur Amla Hair Oil,88.0,0,88.0,2,180,180,false
2795,Personal Care,Dettol Original Liquid Handwash,89.0,4,85.0,6,200,200,false
2796,Personal Care,L'Oreal Paris Total Repair 5 Conditioner,199.0,0,199.0,6,192,180,false
2797,Personal Care,Patanjali Saundarya Aloe Vera Gel,90.0,0,90.0,5,150,150,false
2798,Personal Care,Head & Shoulders 2 In 1 Anti Dandruff Shampoo Conditioner,195.0,10,174.0,4,180,180,false
2799,Personal Care,Clean & Clear Pimple Clearing Face Wash,130.0,10,117.0,2,80,80,false
2800,Personal Care,Himalaya Anti Dandruff Shampoo,140.0,8,128.0,2,200,200,false
2801,Personal Care,Stayfree Secure Dry Cover Regular Sanitary Pad With Wings,30.0,3,29.0,6,406,7,false
2802,Personal Care,Savlon Moisture Shield Hand Wash,99.0,4,95.0,6,750,750,false
2803,Personal Care,Dove Intense Repair Conditioner,190.0,14,162.0,6,175,80,false
2804,Personal Care,Dabur Gulabari Rose Glow Face Cleanse,75.0,5,71.0,4,100,100,false
2805,Personal Care,Parachute Jasmine Hair Oil,82.0,9,74.0,6,190,190,false
2806,Personal Care,Johnson's Baby Skincare Wipes,79.0,6,74.0,6,1160,20,false
2807,Personal Care,Dettol Skincare Liquid Hand Wash,79.0,0,79.0,6,200,200,false
2808,Personal Care,Old Spice Original Lather Shaving Cream,75.0,9,68.0,6,70,70,false
2809,Personal Care,Veet Hair Removal Cream Dry Skin,135.0,5,128.0,5,50,50,false
2810,Personal Care,L'Oreal Paris Total Repair 5 Shampoo,265.0,0,265.0,2,396,360,false
2811,Personal Care,Fiama Menthol & Magnolia Cooling Gel Bar Soap,160.0,11,141.0,6,375,375,false
2812,Personal Care,Nivea Lip Balm Original Care for 24h Moisture with Shea Butter & Natural Oils,140.0,15,119.0,6,5,4,false
2813,Personal Care,Oral-B Charcoal Deep Clean Stain Removal Toothbrush Soft,99.0,0,99.0,3,232,4,false
2814,Personal Care,Neutrogena Ultra Sheer Dry Touch SPF 50+ Sunblock Sunscreen Lotion,250.0,10,225.0,3,30,30,false
2815,Personal Care,Clinic Plus Strong & Long Health Shampoo,499.0,10,449.0,3,650,650,false
2816,Personal Care,Johnson's Baby No More Tears Baby Shampoo,98.0,0,98.0,5,100,100,false
2817,Personal Care,Colgate Zig Zag Toothbrush,120.0,0,120.0,3,348,6,false
2818,Personal Care,Savlon Moisture Shield Germ Protection Handwash Refill (Buy 1 Get 1 Free),189.0,0,189.0,6,1500,1500,false
2819,Personal Care,Colgate Sensitive Everyday Protection Anticavity Toothpaste,75.0,0,75.0,6,40,40,false
2820,Personal Care,Whisper Ultra Soft XL+ Sanitary Pads,330.0,2,323.0,6,30,30,false
2821,Personal Care,Garnier Colour Naturals Hair Colour - 1 Natural Black,80.0,0,80.0,1,60,60,false
2822,Personal Care,Axe Pulse Men's Deodorant,210.0,0,210.0,6,150,150,false
2823,Personal Care,Colgate Zigzag Charcoal Soft Bristle Toothbrush - 4 Pcs,99.0,0,99.0,6,232,4,false
2824,Personal Care,Whisper Ultra Clean Wings XL+ Pouch,449.0,7,415.0,6,44,44,false
2825,Personal Care,Whisper Choice Regular Sanitary Pads,90.0,0,90.0,6,1160,20,false
2826,Personal Care,Axe Dark Temptation Men's Deodorant,210.0,7,194.0,5,150,150,false
2827,Personal Care,Head & Shoulders Anti-Dandruff Smooth & Silky Shampoo,150.0,0,150.0,4,180,180,false
2828,Personal Care,Clinic Plus Strength & Shine Shampoo With Egg Protein,105.0,0,105.0,2,175,175,false
2829,Personal Care,Engage M1 Perfume Spray for Men,210.0,7,194.0,6,120,120,false
2830,Personal Care,Tresemme Keratin Smooth Conditioner,380.0,0,380.0,3,340,340,false
2831,Personal Care,"Garnier Color Naturals Crème Hair Color, Shade 5 Light Brown",180.0,0,180.0,1,100,100,false
2832,Personal Care,Origami Aloe Vera Wipes,75.0,13,65.0,4,25,25,false
2833,Personal Care,"Engage Drizzle Deodorant For Women, Floral And Lavender, Skin Friendly",195.0,10,174.0,6,150,150,false
2834,Personal Care,Gellette Presto Ready Shaver,20.0,0,20.0,1,58,1,false
2835,Personal Care,Colgate Max Fresh Plax Mouthwash - Fresh Mint,150.0,20,120.0,5,250,250,false
2836,Personal Care,Colgate Zig Zag Charcoal Medium Toothbrush 4 Pcs,99.0,0,99.0,6,232,4,false
2837,Personal Care,Godrej Protekt,99.0,0,99.0,3,750,750,false
2838,Personal Care,Colgate Total Charcoal Anticavity Toothpaste,110.0,10,99.0,3,120,120,false
2839,Personal Care,Colgate Kids 0-2 Extra Soft Tooth Brush,30.0,16,25.0,6,58,1,false
2840,Personal Care,Gillete Mach3,260.0,10,234.0,6,116,2,false
2841,Personal Care,Maybelline New York Colossal Kajal Black,149.0,0,149.0,2,,0,false
2842,Personal Care,Godrej Cinthol Lime Talc,55.0,0,55.0,3,100,100,false
2843,Personal Care,Hamam Soap Bar Neem Tulsi and Aloe Vera,58.0,0,58.0,6,150,150,false
2844,Personal Care,"Godrej Expert Rich Crème, Burgundy",33.0,0,33.0,6,20,20,false
2845,Personal Care,Colgate Gentle Sensitive+ Toothbrush Pack Of 4,120.0,10,108.0,4,232,4,false
2846,Personal Care,Nivea Creme All Season Multi-Purpose Cream,175.0,10,157.0,4,100,100,false
2847,Personal Care,Oral-B Charcoal Deep Clean Stain Removal Toothbrush Medium,99.0,0,99.0,1,232,4,false
2848,Personal Care,Mamaearth 100% Natural Berry Blast Kids Toothpaste,149.0,10,134.0,4,50,50,false
2849,Personal Care,HImalaya Gentle Baby Wipes,200.0,10,180.0,3,72,72,false
2850,Personal Care,Stayfree Dry Max All Night XL Dry Cover Sanitary Pads,340.0,12,298.0,6,28,28,false
2851,Personal Care,"L'Oreal Paris Excellence Creme Hair Color, 1 Black",620.0,0,620.0,1,172,172,false
2852,Personal Care,Fem Fairness Naturals Saffron Skin Bleach,85.0,15,72.0,4,64,64,false
2853,Personal Care,Engage Woman Blush Body Deo Spray,195.0,10,174.0,5,150,150,false
2854,Personal Care,Dove Pink Rosa Beauty Bathinhg Bar,60.0,0,60.0,6,100,100,false
2855,Personal Care,Sebamed Cleansing Bar,99.0,10,89.0,4,100,100,false
2856,Personal Care,Pampers Premium Care Pants - Large,1099.0,18,899.0,2,44,44,false
2857,Personal Care,Nivea Women Deodorant Fresh Natural Long Lasting Freshness & 48h Protection,199.0,20,159.0,2,150,150,false
2858,Personal Care,"L'Oreal Paris Excellence Creme Hair Color, 3 Dark Brown/Natural Darkest Brown",620.0,0,620.0,6,172,172,false
2859,Personal Care,Patanjali Kesh Kanti Natural Hair Cleanser,75.0,9,68.0,4,200,200,false
2860,Personal Care,Godrej No.1 Bathing Soap - Lime & Aloe Vera,149.0,0,149.0,6,600,600,false
2861,Personal Care,Pantene Advanced Control Hair Fall Solution Shampoo,120.0,6,112.0,5,180,180,false
2862,Personal Care,Veet Full Body Waxing Kit For Dry Skin,235.0,7,218.0,6,1160,20,false
2863,Personal Care,Johnson's Baby Skincare Wipes,245.0,9,221.0,6,72,72,false
2864,Personal Care,Gillette Lemon Lime Shaving Foam,199.0,11,177.0,4,196,196,false
2865,Personal Care,Old Spice After Shave Lotion Musk,215.0,6,200.0,3,100,100,false
2866,Personal Care,Whisper Ultra Soft Air Fresh Sanitary Pads (XL) with Wings,315.0,0,315.0,4,30,30,false
2867,Personal Care,Himalaya Baby Powder,80.0,8,73.0,4,100,100,false
2868,Personal Care,Fiama Men's Refreshing Pulse Shower Gel,225.0,20,180.0,4,250,250,false
2869,Personal Care,Whisper Ultra Clean XL Plus Sanitary Pad,175.0,0,175.0,5,870,15,false
2870,Personal Care,Johnson's Baby Powder,143.0,0,143.0,6,200,200,false
2871,Personal Care,Dove Cream Beauty Bathing Bar,235.0,9,212.0,6,125,125,false
2872,Personal Care,Patanjali Kesh Kanti Shikakai Hair Cleanser,95.0,0,95.0,4,200,200,false
2873,Personal Care,L'Oreal Paris Color Protect Conditioner,199.0,0,199.0,3,192,192,false
2874,Personal Care,Nivea Men Active Clean with Active Charcoal Shower Gel for Body Face & Hair,199.0,4,191.0,5,250,250,false
2875,Personal Care,L'Oreal 6 Oil Nourish Conditioner,135.0,0,135.0,1,192,192,false
2876,Personal Care,Godrej Easy Natural Black Hair Colour,25.0,0,25.0,5,20,20,false
2877,Personal Care,Dabur Gulabari Rose Water Daily Glow,80.0,6,75.0,2,250,250,false
2878,Personal Care,Himalaya Purifying Neem Face Wash,170.0,10,153.0,6,150,150,false
2879,Personal Care,Fem Fairness Naturals Gold Skin Bleach,65.0,9,59.0,3,24,24,false
2880,Personal Care,Whisper Choice Ultra XL Sanitary Pad,133.0,2,130.0,5,1160,20,false
2881,Personal Care,Dove Dandruff Care Shampoo,158.0,6,147.0,5,180,180,false
2882,Personal Care,Head & Shoulders Anti Dandruff Anti Hairfall Shampoo,285.0,0,285.0,5,340,240,false
2883,Personal Care,L'Oreal Casting Creme Ebony Black Hair Color,550.0,0,550.0,6,159,87,false
2884,Personal Care,Mamaearth Onion Hair Oil,399.0,10,359.0,6,150,150,false
2885,Personal Care,L'Oreal Paris Casting Creme Gloss Hair Color (Dark Brown 400),550.0,0,550.0,4,159,159,false
2886,Personal Care,Palmolive Naturals Sea Minerals Liquid Hand Wash,99.0,10,89.0,6,250,250,false
2887,Personal Care,Oral-B Extra Soft Bristles Sensitive,98.0,0,98.0,4,232,4,false
2888,Personal Care,Engage M3 Perfume Spray for Men,200.0,10,180.0,3,120,120,false
2889,Personal Care,Mamaearth Deeply Nourishing wash for Babies,199.0,0,199.0,4,200,200,false
2890,Personal Care,Dettol Original Soap (B4G1),260.0,5,247.0,6,625,625,false
2891,Personal Care,Woodward's Gripe Water,75.0,0,75.0,6,200,200,false
2892,Personal Care,"MamyPoko Pants Extra Absorb Diapers, New Born",299.0,6,279.0,5,28,28,false
2893,Personal Care,Johnson's Baby Soap,70.0,0,70.0,6,100,100,false
2894,Personal Care,Engage M4 Perfume Spray For Men,200.0,10,180.0,6,120,120,false
2895,Personal Care,Fem Fairness Naturals Hair Removal Cream Fair & Soft - Gold,65.0,10,58.0,4,40,40,false
2896,Personal Care,Dove Hair Fall Rescue Conditioner,190.0,0,190.0,4,175,175,false
2897,Personal Care,Himalaya Anti Hair Fall Shampoo,130.0,12,114.0,2,200,200,false
2898,Personal Care,Fiama Peach & Avocado Gel Bar,176.0,10,158.0,3,375,375,false
2899,Personal Care,Pears Pure & Gentle Value Pack Of 4 Bathing Soap,125.0,0,125.0,6,75,75,false
2900,Personal Care,Fiama Fresh Hand Wash,150.0,6,140.0,3,400,400,false
2901,Personal Care,Palmolive Black Orchid And Milk Liquid Hand Wash,99.0,10,89.0,6,250,250,false
2902,Personal Care,Oral-B Criss Cross Medium Toothbrush (Buy 2 Get 2 Free),160.0,0,160.0,5,232,4,false
2903,Personal Care,Gillette Mach 3 Turbo Razor,349.0,6,325.0,5,58,1,false
2904,Personal Care,Himalaya Baby Lotion,165.0,12,145.0,3,200,200,false
2905,Personal Care,Head & Shoulders 2-in-1 Cool Menthol Anti Dandruff Shampoo + Conditioner,375.0,0,375.0,1,340,180,false
2906,Personal Care,Sunsilk Lusciously Thick & Long Shampoo,249.0,6,234.0,6,340,340,false
2907,Personal Care,Fiama Di Wills Men's Refreshing Pulse Shower Gel,225.0,4,214.0,3,250,250,false
2908,Personal Care,Sebamed Anti - Dandruff Shampoo,600.0,10,540.0,2,200,200,false
2909,Personal Care,Listerine Cool Mint Mouthwash - Mild Taste,150.0,10,135.0,6,250,250,false
2910,Personal Care,"L'Oreal Paris Excellence Creme Hair Color, 4.25 Aishwarya's Brown",620.0,0,620.0,6,172,172,false
2911,Personal Care,Himalaya Gentle Baby Bath,165.0,9,150.0,6,200,200,false
2912,Personal Care,"L'Oreal Paris Casting Creme Gloss Hair Color, Medium Brown 500",550.0,0,550.0,4,160,159,false
2913,Personal Care,L'Oreal Paris Color Protect Shampoo,282.0,0,282.0,3,360,360,false
2914,Personal Care,Fiama Di Wills Lemongrass & Jojoba Gel Bar,176.0,10,158.0,6,375,375,false
2915,Personal Care,Colgate Plax Peppermint Mouthwash,150.0,20,120.0,5,250,250,false
2916,Personal Care,Dove Daily Shine Conditioner,90.0,10,81.0,1,80,80,false
2917,Personal Care,Patanjali Kesh Kanti Anti Dandruff Hair Cleanser,110.0,0,110.0,6,200,200,false
2918,Personal Care,Old Spice Original After Shave Lotion,250.0,0,250.0,1,150,150,false
2919,Personal Care,Dove Hair Fall Rescue Shampoo,137.0,10,123.0,4,180,180,false
2920,Personal Care,Dettol Clinical Strength Hand Sanitizer Liquid,250.0,10,225.0,6,500,500,false
2921,Personal Care,Nivea Soft Light Moisturizer for Face Hand & Body Non-Sticky Cream with Vitamin E & Jojoba Oil,399.0,20,319.0,3,300,300,false
2922,Personal Care,Comfy Baby Pants XL 12-17 kg,429.0,15,364.0,1,24,24,false
2923,Personal Care,Dettol Liquid Handwash With Free Liquid,99.0,0,99.0,6,200,200,false
2924,Personal Care,Nivea Body Milk Lotion for Very Dry Skin,399.0,20,319.0,6,400,400,false
2925,Personal Care,Lakme Sun Expert,225.0,0,225.0,6,60,60,false
2926,Personal Care,Head & Shoulders Anti Dandruff Shampoo Cool Menthol,170.0,0,170.0,6,180,180,false
2927,Personal Care,Godrej Nupur Henna,75.0,0,75.0,5,150,120,false
2928,Personal Care,Johnson's Baby Lotion,100.0,0,100.0,4,100,100,false
2929,Personal Care,Himalaya Anti Dandruff Shampoo,140.0,10,126.0,1,200,200,false
2930,Personal Care,Maybelline New York Colossal Kajal Super Black,300.0,8,275.0,3,,0,false
2931,Personal Care,Stayfree Dry-Max All Night Ultra-Dry Sanitary Pad,90.0,10,81.0,6,406,7,false
2932,Personal Care,Dove Daily Shine Shampoo,645.0,5,612.0,3,650,650,false
2933,Personal Care,Godrej Easy 5 Minute Natural Brown 4 Hair Colour,29.0,0,29.0,5,20,20,false
2934,Personal Care,Colgate Sensitive Plus Enamel Toothpaste Tube,140.0,0,140.0,6,160,160,false
2935,Personal Care,Colgate Max Fresh Peppermint Toothpaste,182.0,15,154.0,6,300,300,false
2936,Personal Care,Pond's Light Moisturiser,309.0,10,278.0,6,250,250,false
2937,Personal Care,Engage Mate For Man Deo Spray,195.0,10,174.0,5,150,150,false
2938,Personal Care,Pantene Advanced Hair Fall Solution Shampoo - Total Damage Care,120.0,0,120.0,5,180,180,false
2939,Personal Care,Whisper Choice Regular Wing Sanitary Pad,30.0,0,30.0,2,406,7,false
2940,Personal Care,Colgate Slim Soft Charcoal Toothbrush,150.0,18,123.0,4,232,4,false
2941,Personal Care,Fiama Scents Juniper & Geranium Body Wash,199.0,6,186.0,5,250,250,false
2942,Personal Care,Mamaearth Ubtan Body Lotion,399.0,15,339.0,4,400,400,false
2943,Personal Care,Godrej Aer Power Pocket - Long Lasting Bathroom Fragrance Floral Delight,55.0,0,55.0,6,10,10,false
2944,Personal Care,Himalaya Anti-Hair Fall Shampoo,230.0,18,188.0,1,400,400,false
2945,Personal Care,Nivea Soft Light Moisturizer for Face Hand & Body Non-Sticky Cream with Vitamin E & Jojoba Oil,310.0,15,263.0,6,200,200,false
2946,Personal Care,Engage M2 Perfume Spray For Men,200.0,10,180.0,6,120,120,false
2947,Personal Care,Mamaearth Ubtan Face Scrub Turmeric & Walnut,349.0,10,314.0,1,100,100,false
2948,Personal Care,Himalaya Purifying Neem Face Wash Tube,270.0,15,229.0,6,300,300,false
2949,Personal Care,Johnson's Baby Top To Toe Bath Body Wash,165.0,0,165.0,4,210,210,false
2950,Personal Care,Gillette Mach 3 Start,249.0,0,249.0,6,116,2,false
2951,Personal Care,Scalpe Pro Anti dandruff Shampoo 100ml,185.0,0,185.0,2,100,100,false
2952,Personal Care,Johnson's Baby Cream,150.0,0,150.0,6,100,100,false
2953,Personal Care,Johnson's Baby Soap,105.0,0,105.0,6,150,150,false
2954,Personal Care,Himalaya Gentle Baby Shampoo,320.0,17,265.0,6,400,400,false
2955,Personal Care,L'Oreal Paris Shine Masque Royal Jelly Hair Colour,550.0,0,550.0,3,88,87,false
2956,Personal Care,Engage Rush Deodorant For Men,190.0,11,169.0,6,150,150,false
2957,Personal Care,Clean & Clear Foaming Face Wash,140.0,10,126.0,4,100,100,false
2958,Personal Care,Dettol Lather Shaving Cream,75.0,5,71.0,6,78,78,false
2959,Personal Care,Gillette Classic Regular Pre Shave Foam,199.0,0,199.0,4,196,196,false
2960,Personal Care,Dove Daily Shine Conditioner,190.0,0,190.0,6,175,180,false
2961,Personal Care,Johnson's Baby Shampoo,180.0,0,180.0,6,200,200,false
2962,Personal Care,Park Avenue Beer Shampoo,155.0,9,140.0,4,180,180,false
2963,Personal Care,Pantene Advanced Hair Fall Solution Silky Smooth Care Shampoo,120.0,6,112.0,6,180,180,false
2964,Personal Care,Fem Fairness Naturals Hair Removal Cream Fair & Soft - Rose,65.0,10,58.0,6,40,40,false
2965,Personal Care,Sunsilk Stunning Black Shine Shampoo,555.0,6,521.0,6,650,650,false
2966,Personal Care,Dabur Meswak Toothpaste,100.0,0,100.0,1,200,200,false
2967,Personal Care,Patanjali Kesh Kanti Reetha Hair Cleanser,85.0,0,85.0,5,200,200,false
2968,Personal Care,Nivea Lip Balm Soft Rose for 24h Moisture with Natural Oils Delicate Rose Shine,185.0,8,169.0,6,5,4,false
2969,Personal Care,Santoor Total Skin Care Soap With Sandal & Turmeric,180.0,0,180.0,6,600,600,false
2970,Personal Care,"L'Oreal Paris Excellence Creme Hair Color, 4 Natural Brown/Natural Dark Brown",620.0,0,620.0,1,172,172,false
2971,Personal Care,Gillette Pre Shave Foam - Classic Regular Skin,225.0,0,225.0,6,418,418,false
2972,Personal Care,Fiama Di Wills Shower Gel Patchouli & Macadamia,199.0,10,179.0,6,250,250,false
2973,Personal Care,Listerine Fresh Burst Mouthwash,140.0,10,126.0,4,250,250,false
2974,Personal Care,Nivea Cocoa Nourish Body Lotion With Coconut Oil & Cocoa Butter For Very Dry Skin,299.0,17,247.0,5,200,200,false
2975,Personal Care,Pantene Hair Fall Control Shampoo,240.0,7,221.0,2,340,340,false
2976,Personal Care,Fogg Master - Royal Intense,250.0,0,250.0,5,120,120,false
2977,Personal Care,TRESemme Smooth And Shine Conditioner,220.0,0,220.0,5,190,190,false
2978,Personal Care,Whisper Ultra Clean XL Plus Sanitary Pad,155.0,0,155.0,6,870,15,false
2979,Personal Care,"Colgate Kids Toothpaste - 6+ Years, Strawberry Flavour",93.0,5,88.0,6,80,80,false
2980,Personal Care,Nivea Soft Moisturizing Cream,310.0,12,272.0,1,200,200,false
2981,Personal Care,Patanjali Kesh Kanti Aloe Vera Hair Cleanser,85.0,0,85.0,5,200,200,false
2982,Personal Care,Neutrogena Deep Clean Foaming Cleanser,130.0,11,115.0,2,50,50,false
2983,Personal Care,Clean & Clear Morning Energy Berry Face Wash,155.0,6,145.0,6,100,100,false
2984,Personal Care,Pampers Premium Care New Baby Pants,320.0,0,320.0,4,24,24,false
2985,Personal Care,Vaseline Intensive Care Aloe Fresh,225.0,9,203.0,6,200,200,false
2986,Personal Care,L'Oreal Paris Dream Lengths Shampoo,149.0,0,149.0,6,192,192,false
2987,Personal Care,Johnson's Baby Oil,115.0,0,115.0,4,100,100,false
2988,Personal Care,Engage Man Rush Deodorant,195.0,9,176.0,6,150,150,false
2989,Personal Care,Pantene Advanced Hair Fall Solution Shampoo - Total Damage Care,264.0,0,264.0,6,340,340,false
2990,Personal Care,Whisper Daily Liners Clean and Fresh,105.0,0,105.0,4,1160,20,false
2991,Personal Care,Himalaya Men Pimple Clear Neem Face Wash,180.0,9,163.0,2,100,100,false
2992,Personal Care,Pantene Adv Hairfall Solution Conditioner Silky Smooth,190.0,0,190.0,5,200,200,false
2993,Personal Care,Himalaya Prickly Heat Baby Powder,90.0,10,81.0,6,100,100,false
2994,Personal Care,Mamaearth Daily Moisturizing Lotion For Babies,199.0,0,199.0,6,200,200,false
2995,Personal Care,Stayfree Advanced XL Ultra Comfort Sanitary napkins with Wings,175.0,0,175.0,3,812,14,false
2996,Personal Care,Pampers Premium Care Pants - Medium,1099.0,18,899.0,6,54,54,false
2997,Personal Care,Fiama Men's Refreshing Pulse Shower Gel,199.0,10,179.0,6,250,250,false
2998,Personal Care,Vaseline Original Skin Protecting Jelly,125.0,10,112.0,6,100,100,false
2999,Personal Care,Clean & Clear Foaming Face Wash,180.0,10,162.0,6,150,150,false
3000,Personal Care,Fiama Lemongrass and Jojoba Shower Gel,225.0,20,180.0,6,250,250,false
3001,Personal Care,Oral-B Charcoal Cross Cross Extra Soft Toothbrush (Buy 2 Get 1 Free),180.0,0,180.0,1,174,3,false
3002,Personal Care,Listerine Fresh Burst Mouthwash,285.0,7,263.0,6,500,500,false
3003,Personal Care,Veet Full Body Waxing Kit,235.0,7,218.0,6,1160,20,false
3004,Personal Care,Listerine Original Mouthwash,55.0,9,50.0,6,80,80,false
3005,Personal Care,Santoor Almond Soft With Sandal & Almond Milk,180.0,0,180.0,2,625,625,false
3006,Personal Care,Nivea Body Shea Smooth with Shea Butter for Dry Skin,425.0,20,340.0,5,400,9,false
3007,Personal Care,Neutrogena Deep Clean Facial Cleanser,130.0,0,130.0,4,50,50,false
3008,Personal Care,"L'Oreal Paris Excellence Creme Hair Color, 3.16 Burgundy",550.0,0,550.0,3,159,172,false
3009,Personal Care,Johnson's Baby Powder,235.0,0,235.0,6,400,400,false
3010,Personal Care,Bombay Shaving Company Charcoal Face Wash,249.0,0,249.0,4,100,100,false
3011,Personal Care,Colgate Kids 2+ Years Extra Soft Toothbrush,20.0,0,20.0,3,58,1,false
3012,Personal Care,Veet Hair Removal Cream (Normal Skin),135.0,5,128.0,6,50,50,false
3013,Personal Care,Dove Daily Shine Shampoo,240.0,0,240.0,4,340,340,false
3014,Personal Care,L'Oreal Anti Hair Fall Conditioner,199.0,0,199.0,6,192,192,false
3015,Personal Care,Nivea Body Lotion Aloe Hydration For Normal Skin,275.0,10,247.0,6,200,200,false
3016,Personal Care,Pampers Pants - Large,1549.0,45,849.0,3,82,82,false
3017,Personal Care,"Engage Urge Deodorant For Men, Citrus And Woody, Skin Friendly",195.0,10,174.0,6,150,150,false
3018,Personal Care,Head & Shoulders 2 In 1 Anti Dandruff Smooth & Silky Shampoo+Conditioner,375.0,10,334.0,6,340,340,false
3019,Personal Care,Fem Fairness Natural Gold Skin Bleach,85.0,7,79.0,4,64,64,false
3020,Personal Care,Engage Deo Frost,195.0,9,176.0,6,150,150,false
3021,Personal Care,Stayfree Secure XL Size Sanitary Napkins,115.0,0,115.0,5,1160,20,false
3022,Personal Care,Pampers Pants - Medium,699.0,21,549.0,1,50,50,false
3023,Personal Care,Pampers Active Baby Diapers New Born Extra Small,1099.0,22,849.0,3,72,72,false
3024,Personal Care,"Nivea Creme, All Season Multi-Purpose Cream",175.0,9,158.0,6,100,100,false
3025,Personal Care,Woodwards Gripe Water,50.0,0,50.0,4,130,130,false
3026,Personal Care,Clean & Clear Morning Energy Aqua Splash Face Wash,145.0,9,131.0,5,100,100,false
3027,Personal Care,Sunsilk Lusciously Thick & Long Shampoo,555.0,6,521.0,6,650,650,false
3028,Personal Care,Mamaearth Skin Correct Face Serum,599.0,15,509.0,1,30,30,false
3029,Personal Care,Chik Hairfall Prevent Egg Shampoo,178.0,0,178.0,6,340,340,false
3030,Personal Care,Pantene Silky Smooth Care Shampoo,225.0,6,210.0,3,340,340,false
3031,Personal Care,"Garnier Skin Naturals, Micellar Cleansing Water",199.0,5,189.0,4,125,125,false
3032,Personal Care,Set Wet Swag Avatar Deodorant & Body Spray Perfume For Men,199.0,0,199.0,1,150,150,false
3033,Personal Care,Pampers All Round Protection Pants - Medium,699.0,17,575.0,6,50,50,false
3034,Personal Care,Set Wet Deodrant Charm Avatar,199.0,0,199.0,1,150,150,false
3035,Personal Care,Nupur Heena Mehandi,199.0,0,199.0,6,500,500,false
3036,Personal Care,Head & Shoulders 2-in-1 Active Protect Shampoo,375.0,9,338.0,6,340,340,false
3037,Personal Care,Gillette Mach 3 Turbo Cartridges,649.0,10,578.0,6,232,4,false
3038,Personal Care,TRESemme Smooth And Shine Conditioner,210.0,13,182.0,1,190,190,false
3039,Personal Care,Bombay Shaving Company Sensitive Cartridges,375.0,0,375.0,2,116,2,false
3040,Personal Care,Himalaya Baby Lotion,300.0,12,264.0,1,400,400,false
3041,Personal Care,Old Spice Lime Lather Shaving Cream,75.0,0,75.0,6,70,70,false
3042,Personal Care,Colgate Sensitive Plus Anticavity Toothpaste,140.0,10,126.0,6,70,70,false
3043,Personal Care,Colgate Toothpaste For Kids Motu Oatlu,93.0,0,93.0,6,80,80,false
3044,Personal Care,Pantene Total Damage Care Shampoo,120.0,0,120.0,6,180,180,false
3045,Personal Care,Himalaya Moisturising Aloe Vera Facial Wipes,100.0,10,90.0,6,25,25,false
3046,Personal Care,Savlon Moisture Shield Hand Wash,69.0,0,69.0,5,200,200,false
3047,Personal Care,Pampers Active Baby Diapers New Born Extra Small,360.0,10,324.0,6,24,24,false
3048,Personal Care,Himalaya Anti Dandruff Shampoo,260.0,18,213.0,1,400,400,false
3049,Personal Care,Himalaya Anti Hair Fall Shampoo,490.0,25,367.0,4,700,700,false
3050,Personal Care,Johnson's Baby Oil,200.0,0,200.0,6,200,200,false
3051,Personal Care,Vaseline Intensive Care Deep Moisture Body Lotion,325.0,0,325.0,4,400,400,false
3052,Personal Care,L'Oreal Paris Dream Lengths Conditioner,199.0,0,199.0,1,193,193,false
3053,Personal Care,Nivea Soft Light Moisturizing Cream,185.0,15,157.0,6,100,100,false
3054,Personal Care,Whisper Ultra Soft XL+ Sanitary Pads,555.0,0,555.0,1,60,60,false
3055,Personal Care,Palmolive Feel The Massage Shower Gel,249.0,20,199.0,6,250,250,false
3056,Personal Care,L'Oreal Paris Dream Lengths Conditioner,209.0,0,209.0,3,193,193,false
3057,Personal Care,Head & Shoulders Anti-Dandruff Smooth & Silky Shampoo,285.0,6,266.0,6,340,340,false
3058,Personal Care,Mamaearth Moisturizing Baby Bath Soap,249.0,0,249.0,4,150,150,false
3059,Personal Care,Listerine Original Mouthwash,150.0,10,135.0,6,250,250,false
3060,Personal Care,Himalaya Gentle Baby Shampoo,170.0,14,146.0,6,200,200,false
3061,Personal Care,Dove Dryness Care Shampoo,268.0,5,252.0,1,340,340,false
3062,Personal Care,Dove Hair Fall Rescue Shampoo,280.0,15,236.0,6,340,340,false
3063,Personal Care,Head & Shoulders Anti Dandruff Shampoo Cool Menthol,295.0,9,266.0,6,340,340,false
3064,Personal Care,Bombay Shaving Company Defender Razor,345.0,0,345.0,6,58,1,false
3065,Personal Care,"Head & Shoulders Shampoo + Conditioner - 2-In-1, Cool Menthol",365.0,0,365.0,1,340,340,false
3066,Personal Care,Himalaya Baby Nourishing Massage Oil,200.0,20,160.0,2,200,250,false
3067,Personal Care,Himalaya Baby Powder,235.0,20,188.0,6,400,400,false
3068,Personal Care,Fogg Paradise Fragrant Body Spray For Women,250.0,0,250.0,6,150,150,false
3069,Personal Care,Revive Revive Liquid,71.0,0,71.0,6,200,200,false
3070,Personal Care,Pantene Hairfall Control Conditioner,190.0,6,178.0,6,200,200,false
3071,Personal Care,Mamaearth Vitamin C Face Toner,399.0,0,399.0,1,200,200,false
3072,Personal Care,Himalaya Diaper Rash Cream,80.0,10,72.0,2,20,20,false
3073,Personal Care,Fogg Royal Fragrance Spray,230.0,0,230.0,4,150,120,false
3074,Personal Care,Dove Pink Rosa Beauty Bathing Bar,245.0,9,221.0,6,100,100,false
3075,Personal Care,Dove Dryness Care Conditioner Frizzy & Dry Hair,90.0,6,84.0,4,80,80,false
3076,Personal Care,Dettol Original Liquid Handwash Refill,109.0,3,105.0,0,750,750,true
3077,Personal Care,Parachute 100% Pure Coconut Oil,123.0,0,123.0,0,300,300,true
3078,Personal Care,Stayfree Secure Cottony Soft Cover Sanitary Pad (Regular) with Wings,30.0,3,29.0,0,406,7,true
3079,Personal Care,Dabur Gulabari Premium Rose Water,48.0,2,47.0,0,120,120,true
3080,Personal Care,Parachute Advansed Gold Coconut Hair Oil,215.0,9,194.0,0,400,400,true
3081,Personal Care,Closeup Everfresh+ Anti-Germ Gel Toothpaste Red Hot,90.0,10,81.0,0,150,150,true
3082,Personal Care,Godrej No.1 Bathing Soap - Lime & Aloe Vera,100.0,16,84.0,0,500,100,true
3083,Personal Care,Sensodyne Sensitive Fresh Gel Toothpaste,115.0,7,106.0,0,75,75,true
3084,Personal Care,Whisper Bindazzz Nights XL + Sanitary Pad,90.0,0,90.0,0,406,7,true
3085,Personal Care,Whisper Choice Sanitary Pad,32.0,9,29.0,0,406,7,true
3086,Personal Care,"Godrej No.1 Bathing Soap, Jasmine",84.0,0,84.0,0,400,100,true
3087,Personal Care,Gillette Venus Close & Clean Razor,249.0,7,230.0,0,58,1,true
3088,Personal Care,Whisper Choice Regular Sanitary Pads,90.0,3,87.0,0,58,20,true
3089,Personal Care,Stayfree Secure Dry Cover Extra Large Sanitary Pad,42.0,2,41.0,0,406,7,true
3090,Personal Care,Oxylife Natural Radiance 5 Creme Bleach - With Active Oxygen,82.0,9,74.0,0,27,27,true
3091,Personal Care,Clean & Clear Morning Energy Lemon Face Wash,145.0,9,131.0,0,100,100,true
3092,Personal Care,Bajaj Almond Drops Hair Oil,67.0,10,60.0,0,100,100,true
3093,Personal Care,Bajaj Almond Drops Hair Oil Bottle,130.0,7,120.0,0,200,200,true
3094,Personal Care,Whisper Bindazzz Night Sanitary Pads XL Plus,185.0,0,185.0,0,870,15,true
3095,Personal Care,Godrej Cinthol Lime Refreshing Deo Soap,116.0,0,116.0,0,400,400,true
3096,Personal Care,"MamyPoko Pants Standard Diapers, Extra Large (12 - 17 kg)",399.0,7,369.0,0,26,26,true
3097,Paan Corner,Clove Sensitive Toothpaste with Anti-Sensitivity & Fluoride Formulation,160.0,35,104.0,3,80,80,false
3098,Paan Corner,Dettol Original Germ Protection Alcohol Based Hand Sanitizer,25.0,0,25.0,6,50,50,false
3099,Paan Corner,Colgate Visible White Toothpaste,115.0,10,103.0,6,100,100,false
3100,Paan Corner,Dettol SKincare Handwash Value Refill,109.0,3,105.0,6,750,750,false
3101,Paan Corner,Savlon Herbal Sensitive Liquid Handwash Refill Pouch,115.0,4,110.0,6,750,500,false
3102,Paan Corner,Colgate Total 12 Whole Mouth Protection Toothpaste,120.0,10,108.0,6,120,120,false
3103,Paan Corner,Lux International Creamy White Soap Bar,35.0,2,34.0,6,75,75,false
3104,Paan Corner,Colgate Herbal Toothpaste,114.0,18,93.0,2,200,200,false
3105,Paan Corner,Nivea Men Deodorant Fresh Active 48h Long lasting Freshness,225.0,24,169.0,6,150,150,false
3106,Paan Corner,Dabur Meswak Toothpaste,58.0,5,55.0,6,100,100,false
3107,Paan Corner,Colgate Max Fresh Cooling Crystals Toothpaste,101.0,5,95.0,2,150,150,false
3108,Paan Corner,Indulekha Bhringa Hair Oil,432.0,15,367.0,6,100,100,false
3109,Paan Corner,Colgate Sensitive Soft Bristles Toothbrush,50.0,0,50.0,6,58,1,false
3110,Paan Corner,Pears Pure & Gentle Glycerin Bath Soap,75.0,0,75.0,6,125,125,false
3111,Paan Corner,Vaseline Skin Protecting Jelly,79.0,13,68.0,6,50,50,false
3112,Paan Corner,Dettol Original Germ Protection Bathing Soap Bar,166.0,5,157.0,4,375,375,false
3113,Paan Corner,Dettol Intense Cool Soap (B4G1),260.0,5,247.0,6,625,625,false
3114,Paan Corner,Livon Anti-Frizz Serum,250.0,10,225.0,3,100,100,false
3115,Paan Corner,Lifebuoy Germ Protection Care Soap Bar,30.0,3,29.0,3,100,125,false
3116,Paan Corner,Lux International Creamy White Soap Bar,70.0,10,63.0,6,125,125,false
3117,Paan Corner,Godrej Nupur - 100% Pure Henna (Mehendi),10.0,0,10.0,6,18,18,false
3118,Paan Corner,Glow & Lovely Advanced Multivitamin Face Cream,213.0,10,190.0,6,110,110,false
3119,Paan Corner,Set Wet Style Vertical Hold Hair Gel,50.0,10,45.0,4,50,50,false
3120,Paan Corner,"Godrej Expert Rich Crème, Natural Black",30.0,0,30.0,6,20,20,false
3121,Paan Corner,Nycil Germ Expert Cool Herbal Talc,130.0,8,119.0,1,150,200,false
3122,Paan Corner,Godrej Expert Creme Hair Natural Brown Colour,30.0,0,30.0,6,20,20,false
3123,Paan Corner,Veet Sensitive Skin Hair Removal Cream,135.0,5,128.0,6,50,50,false
3124,Paan Corner,Closeup Everfresh+ Anti-Germ Gel Toothpaste Red Hot,50.0,2,49.0,1,80,80,false
3125,Paan Corner,Pears Pure And Gentle Value Pack Of 3 Bathing Soap,199.0,6,186.0,5,375,375,false
3126,Paan Corner,Gillette Presto Ready Shaver 5 Cartridges,88.0,6,82.0,6,290,5,false
3127,Paan Corner,Closeup Everfresh+ Anti-Germ Gel Toothpaste Red Hot,160.0,10,144.0,4,300,300,false
3128,Paan Corner,"Godrej Expert Rich Crème, Dark Brown",30.0,0,30.0,4,20,20,false
3129,Paan Corner,Nivea Soft Light Moisturizer for Face Hand & Body Non-Sticky Cream with Vitamin E & Jojoba Oil,185.0,15,157.0,3,100,100,false
3130,Paan Corner,Fiama Gel Bar Celebration Pack Buy 4 Get 1 Free,290.0,10,261.0,6,625,625,false
3131,Paan Corner,Gillette Sensitive Shaving Foam,225.0,6,210.0,4,418,418,false
3132,Paan Corner,Dove Hair Fall Rescue Shampoo,150.0,6,141.0,5,180,180,false
3133,Paan Corner,Gillette Mach 3 Mens Razor Blades,499.0,7,460.0,4,232,4,false
3134,Paan Corner,Palmolive Aroma Absolute Relax Shower Gel,199.0,20,159.0,2,250,250,false
3135,Paan Corner,Godrej Protekt Germ Fighter Handwash,99.0,0,99.0,6,750,750,false
3136,Paan Corner,Dettol Hand Sanitizer,100.0,5,95.0,6,200,200,false
3137,Paan Corner,Dabur Amla Hair Oil,88.0,0,88.0,2,180,180,false
3138,Paan Corner,Dettol Original Liquid Handwash,89.0,4,85.0,6,200,200,false
3139,Paan Corner,L'Oreal Paris Total Repair 5 Conditioner,199.0,0,199.0,6,192,180,false
3140,Paan Corner,Patanjali Saundarya Aloe Vera Gel,90.0,0,90.0,5,150,150,false
3141,Paan Corner,Head & Shoulders 2 In 1 Anti Dandruff Shampoo Conditioner,195.0,10,174.0,4,180,180,false
3142,Paan Corner,Clean & Clear Pimple Clearing Face Wash,130.0,10,117.0,2,80,80,false
3143,Paan Corner,Himalaya Anti Dandruff Shampoo,140.0,8,128.0,2,200,200,false
3144,Paan Corner,Stayfree Secure Dry Cover Regular Sanitary Pad With Wings,30.0,3,29.0,6,406,7,false
3145,Paan Corner,Savlon Moisture Shield Hand Wash,99.0,4,95.0,6,750,750,false
3146,Paan Corner,Dove Intense Repair Conditioner,190.0,14,162.0,6,175,80,false
3147,Paan Corner,Dabur Gulabari Rose Glow Face Cleanse,75.0,5,71.0,4,100,100,false
3148,Paan Corner,Parachute Jasmine Hair Oil,82.0,9,74.0,6,190,190,false
3149,Paan Corner,Johnson's Baby Skincare Wipes,79.0,6,74.0,6,1160,20,false
3150,Paan Corner,Dettol Skincare Liquid Hand Wash,79.0,0,79.0,6,200,200,false
3151,Paan Corner,Old Spice Original Lather Shaving Cream,75.0,9,68.0,6,70,70,false
3152,Paan Corner,Veet Hair Removal Cream Dry Skin,135.0,5,128.0,5,50,50,false
3153,Paan Corner,L'Oreal Paris Total Repair 5 Shampoo,265.0,0,265.0,2,396,360,false
3154,Paan Corner,Fiama Menthol & Magnolia Cooling Gel Bar Soap,160.0,11,141.0,6,375,375,false
3155,Paan Corner,Nivea Lip Balm Original Care for 24h Moisture with Shea Butter & Natural Oils,140.0,15,119.0,6,5,4,false
3156,Paan Corner,Oral-B Charcoal Deep Clean Stain Removal Toothbrush Soft,99.0,0,99.0,3,232,4,false
3157,Paan Corner,Neutrogena Ultra Sheer Dry Touch SPF 50+ Sunblock Sunscreen Lotion,250.0,10,225.0,3,30,30,false
3158,Paan Corner,Clinic Plus Strong & Long Health Shampoo,499.0,10,449.0,3,650,650,false
3159,Paan Corner,Johnson's Baby No More Tears Baby Shampoo,98.0,0,98.0,5,100,100,false
3160,Paan Corner,Colgate Zig Zag Toothbrush,120.0,0,120.0,3,348,6,false
3161,Paan Corner,Savlon Moisture Shield Germ Protection Handwash Refill (Buy 1 Get 1 Free),189.0,0,189.0,6,1500,1500,false
3162,Paan Corner,Colgate Sensitive Everyday Protection Anticavity Toothpaste,75.0,0,75.0,6,40,40,false
3163,Paan Corner,Whisper Ultra Soft XL+ Sanitary Pads,330.0,2,323.0,6,30,30,false
3164,Paan Corner,Garnier Colour Naturals Hair Colour - 1 Natural Black,80.0,0,80.0,1,60,60,false
3165,Paan Corner,Axe Pulse Men's Deodorant,210.0,0,210.0,6,150,150,false
3166,Paan Corner,Colgate Zigzag Charcoal Soft Bristle Toothbrush - 4 Pcs,99.0,0,99.0,6,232,4,false
3167,Paan Corner,Whisper Ultra Clean Wings XL+ Pouch,449.0,7,415.0,6,44,44,false
3168,Paan Corner,Whisper Choice Regular Sanitary Pads,90.0,0,90.0,6,1160,20,false
3169,Paan Corner,Axe Dark Temptation Men's Deodorant,210.0,7,194.0,5,150,150,false
3170,Paan Corner,Head & Shoulders Anti-Dandruff Smooth & Silky Shampoo,150.0,0,150.0,4,180,180,false
3171,Paan Corner,Clinic Plus Strength & Shine Shampoo With Egg Protein,105.0,0,105.0,2,175,175,false
3172,Paan Corner,Engage M1 Perfume Spray for Men,210.0,7,194.0,6,120,120,false
3173,Paan Corner,Tresemme Keratin Smooth Conditioner,380.0,0,380.0,3,340,340,false
3174,Paan Corner,"Garnier Color Naturals Crème Hair Color, Shade 5 Light Brown",180.0,0,180.0,1,100,100,false
3175,Paan Corner,Origami Aloe Vera Wipes,75.0,13,65.0,4,25,25,false
3176,Paan Corner,"Engage Drizzle Deodorant For Women, Floral And Lavender, Skin Friendly",195.0,10,174.0,6,150,150,false
3177,Paan Corner,Gellette Presto Ready Shaver,20.0,0,20.0,1,58,1,false
3178,Paan Corner,Colgate Max Fresh Plax Mouthwash - Fresh Mint,150.0,20,120.0,5,250,250,false
3179,Paan Corner,Colgate Zig Zag Charcoal Medium Toothbrush 4 Pcs,99.0,0,99.0,6,232,4,false
3180,Paan Corner,Godrej Protekt,99.0,0,99.0,3,750,750,false
3181,Paan Corner,Colgate Total Charcoal Anticavity Toothpaste,110.0,10,99.0,3,120,120,false
3182,Paan Corner,Colgate Kids 0-2 Extra Soft Tooth Brush,30.0,16,25.0,6,58,1,false
3183,Paan Corner,Gillete Mach3,260.0,10,234.0,6,116,2,false
3184,Paan Corner,Maybelline New York Colossal Kajal Black,149.0,0,149.0,2,,0,false
3185,Paan Corner,Godrej Cinthol Lime Talc,55.0,0,55.0,3,100,100,false
3186,Paan Corner,Hamam Soap Bar Neem Tulsi and Aloe Vera,58.0,0,58.0,6,150,150,false
3187,Paan Corner,"Godrej Expert Rich Crème, Burgundy",33.0,0,33.0,6,20,20,false
3188,Paan Corner,Colgate Gentle Sensitive+ Toothbrush Pack Of 4,120.0,10,108.0,4,232,4,false
3189,Paan Corner,Nivea Creme All Season Multi-Purpose Cream,175.0,10,157.0,4,100,100,false
3190,Paan Corner,Oral-B Charcoal Deep Clean Stain Removal Toothbrush Medium,99.0,0,99.0,1,232,4,false
3191,Paan Corner,Mamaearth 100% Natural Berry Blast Kids Toothpaste,149.0,10,134.0,4,50,50,false
3192,Paan Corner,HImalaya Gentle Baby Wipes,200.0,10,180.0,3,72,72,false
3193,Paan Corner,Stayfree Dry Max All Night XL Dry Cover Sanitary Pads,340.0,12,298.0,6,28,28,false
3194,Paan Corner,"L'Oreal Paris Excellence Creme Hair Color, 1 Black",620.0,0,620.0,1,172,172,false
3195,Paan Corner,Fem Fairness Naturals Saffron Skin Bleach,85.0,15,72.0,4,64,64,false
3196,Paan Corner,Engage Woman Blush Body Deo Spray,195.0,10,174.0,5,150,150,false
3197,Paan Corner,Dove Pink Rosa Beauty Bathinhg Bar,60.0,0,60.0,6,100,100,false
3198,Paan Corner,Sebamed Cleansing Bar,99.0,10,89.0,4,100,100,false
3199,Paan Corner,Pampers Premium Care Pants - Large,1099.0,18,899.0,2,44,44,false
3200,Paan Corner,Nivea Women Deodorant Fresh Natural Long Lasting Freshness & 48h Protection,199.0,20,159.0,2,150,150,false
3201,Paan Corner,"L'Oreal Paris Excellence Creme Hair Color, 3 Dark Brown/Natural Darkest Brown",620.0,0,620.0,6,172,172,false
3202,Paan Corner,Patanjali Kesh Kanti Natural Hair Cleanser,75.0,9,68.0,4,200,200,false
3203,Paan Corner,Godrej No.1 Bathing Soap - Lime & Aloe Vera,149.0,0,149.0,6,600,600,false
3204,Paan Corner,Pantene Advanced Control Hair Fall Solution Shampoo,120.0,6,112.0,5,180,180,false
3205,Paan Corner,Veet Full Body Waxing Kit For Dry Skin,235.0,7,218.0,6,1160,20,false
3206,Paan Corner,Johnson's Baby Skincare Wipes,245.0,9,221.0,6,72,72,false
3207,Paan Corner,Gillette Lemon Lime Shaving Foam,199.0,11,177.0,4,196,196,false
3208,Paan Corner,Old Spice After Shave Lotion Musk,215.0,6,200.0,3,100,100,false
3209,Paan Corner,Whisper Ultra Soft Air Fresh Sanitary Pads (XL) with Wings,315.0,0,315.0,4,30,30,false
3210,Paan Corner,Himalaya Baby Powder,80.0,8,73.0,4,100,100,false
3211,Paan Corner,Fiama Men's Refreshing Pulse Shower Gel,225.0,20,180.0,4,250,250,false
3212,Paan Corner,Whisper Ultra Clean XL Plus Sanitary Pad,175.0,0,175.0,5,870,15,false
3213,Paan Corner,Johnson's Baby Powder,143.0,0,143.0,6,200,200,false
3214,Paan Corner,Dove Cream Beauty Bathing Bar,235.0,9,212.0,6,125,125,false
3215,Paan Corner,Patanjali Kesh Kanti Shikakai Hair Cleanser,95.0,0,95.0,4,200,200,false
3216,Paan Corner,L'Oreal Paris Color Protect Conditioner,199.0,0,199.0,3,192,192,false
3217,Paan Corner,Nivea Men Active Clean with Active Charcoal Shower Gel for Body Face & Hair,199.0,4,191.0,5,250,250,false
3218,Paan Corner,L'Oreal 6 Oil Nourish Conditioner,135.0,0,135.0,1,192,192,false
3219,Paan Corner,Godrej Easy Natural Black Hair Colour,25.0,0,25.0,5,20,20,false
3220,Paan Corner,Dabur Gulabari Rose Water Daily Glow,80.0,6,75.0,2,250,250,false
3221,Paan Corner,Himalaya Purifying Neem Face Wash,170.0,10,153.0,6,150,150,false
3222,Paan Corner,Fem Fairness Naturals Gold Skin Bleach,65.0,9,59.0,3,24,24,false
3223,Paan Corner,Whisper Choice Ultra XL Sanitary Pad,133.0,2,130.0,5,1160,20,false
3224,Paan Corner,Dove Dandruff Care Shampoo,158.0,6,147.0,5,180,180,false
3225,Paan Corner,Head & Shoulders Anti Dandruff Anti Hairfall Shampoo,285.0,0,285.0,5,340,240,false
3226,Paan Corner,L'Oreal Casting Creme Ebony Black Hair Color,550.0,0,550.0,6,159,87,false
3227,Paan Corner,Mamaearth Onion Hair Oil,399.0,10,359.0,6,150,150,false
3228,Paan Corner,L'Oreal Paris Casting Creme Gloss Hair Color (Dark Brown 400),550.0,0,550.0,4,159,159,false
3229,Paan Corner,Palmolive Naturals Sea Minerals Liquid Hand Wash,99.0,10,89.0,6,250,250,false
3230,Paan Corner,Oral-B Extra Soft Bristles Sensitive,98.0,0,98.0,4,232,4,false
3231,Paan Corner,Engage M3 Perfume Spray for Men,200.0,10,180.0,3,120,120,false
3232,Paan Corner,Mamaearth Deeply Nourishing wash for Babies,199.0,0,199.0,4,200,200,false
3233,Paan Corner,Dettol Original Soap (B4G1),260.0,5,247.0,6,625,625,false
3234,Paan Corner,Woodward's Gripe Water,75.0,0,75.0,6,200,200,false
3235,Paan Corner,"MamyPoko Pants Extra Absorb Diapers, New Born",299.0,6,279.0,5,28,28,false
3236,Paan Corner,Johnson's Baby Soap,70.0,0,70.0,6,100,100,false
3237,Paan Corner,Engage M4 Perfume Spray For Men,200.0,10,180.0,6,120,120,false
3238,Paan Corner,Fem Fairness Naturals Hair Removal Cream Fair & Soft - Gold,65.0,10,58.0,4,40,40,false
3239,Paan Corner,Dove Hair Fall Rescue Conditioner,190.0,0,190.0,4,175,175,false
3240,Paan Corner,Himalaya Anti Hair Fall Shampoo,130.0,12,114.0,2,200,200,false
3241,Paan Corner,Fiama Peach & Avocado Gel Bar,176.0,10,158.0,3,375,375,false
3242,Paan Corner,Pears Pure & Gentle Value Pack Of 4 Bathing Soap,125.0,0,125.0,6,75,75,false
3243,Paan Corner,Fiama Fresh Hand Wash,150.0,6,140.0,3,400,400,false
3244,Paan Corner,Palmolive Black Orchid And Milk Liquid Hand Wash,99.0,10,89.0,6,250,250,false
3245,Paan Corner,Oral-B Criss Cross Medium Toothbrush (Buy 2 Get 2 Free),160.0,0,160.0,5,232,4,false
3246,Paan Corner,Gillette Mach 3 Turbo Razor,349.0,6,325.0,5,58,1,false
3247,Paan Corner,Himalaya Baby Lotion,165.0,12,145.0,3,200,200,false
3248,Paan Corner,Head & Shoulders 2-in-1 Cool Menthol Anti Dandruff Shampoo + Conditioner,375.0,0,375.0,1,340,180,false
3249,Paan Corner,Sunsilk Lusciously Thick & Long Shampoo,249.0,6,234.0,6,340,340,false
3250,Paan Corner,Fiama Di Wills Men's Refreshing Pulse Shower Gel,225.0,4,214.0,3,250,250,false
3251,Paan Corner,Sebamed Anti - Dandruff Shampoo,600.0,10,540.0,2,200,200,false
3252,Paan Corner,Listerine Cool Mint Mouthwash - Mild Taste,150.0,10,135.0,6,250,250,false
3253,Paan Corner,"L'Oreal Paris Excellence Creme Hair Color, 4.25 Aishwarya's Brown",620.0,0,620.0,6,172,172,false
3254,Paan Corner,Himalaya Gentle Baby Bath,165.0,9,150.0,6,200,200,false
3255,Paan Corner,"L'Oreal Paris Casting Creme Gloss Hair Color, Medium Brown 500",550.0,0,550.0,4,160,159,false
3256,Paan Corner,L'Oreal Paris Color Protect Shampoo,282.0,0,282.0,3,360,360,false
3257,Paan Corner,Fiama Di Wills Lemongrass & Jojoba Gel Bar,176.0,10,158.0,6,375,375,false
3258,Paan Corner,Colgate Plax Peppermint Mouthwash,150.0,20,120.0,5,250,250,false
3259,Paan Corner,Dove Daily Shine Conditioner,90.0,10,81.0,1,80,80,false
3260,Paan Corner,Patanjali Kesh Kanti Anti Dandruff Hair Cleanser,110.0,0,110.0,6,200,200,false
3261,Paan Corner,Old Spice Original After Shave Lotion,250.0,0,250.0,1,150,150,false
3262,Paan Corner,Dove Hair Fall Rescue Shampoo,137.0,10,123.0,4,180,180,false
3263,Paan Corner,Dettol Clinical Strength Hand Sanitizer Liquid,250.0,10,225.0,6,500,500,false
3264,Paan Corner,Nivea Soft Light Moisturizer for Face Hand & Body Non-Sticky Cream with Vitamin E & Jojoba Oil,399.0,20,319.0,3,300,300,false
3265,Paan Corner,Comfy Baby Pants XL 12-17 kg,429.0,15,364.0,1,24,24,false
3266,Paan Corner,Dettol Liquid Handwash With Free Liquid,99.0,0,99.0,6,200,200,false
3267,Paan Corner,Nivea Body Milk Lotion for Very Dry Skin,399.0,20,319.0,6,400,400,false
3268,Paan Corner,Lakme Sun Expert,225.0,0,225.0,6,60,60,false
3269,Paan Corner,Head & Shoulders Anti Dandruff Shampoo Cool Menthol,170.0,0,170.0,6,180,180,false
3270,Paan Corner,Godrej Nupur Henna,75.0,0,75.0,5,150,120,false
3271,Paan Corner,Johnson's Baby Lotion,100.0,0,100.0,4,100,100,false
3272,Paan Corner,Himalaya Anti Dandruff Shampoo,140.0,10,126.0,1,200,200,false
3273,Paan Corner,Maybelline New York Colossal Kajal Super Black,300.0,8,275.0,3,,0,false
3274,Paan Corner,Stayfree Dry-Max All Night Ultra-Dry Sanitary Pad,90.0,10,81.0,6,406,7,false
3275,Paan Corner,Dove Daily Shine Shampoo,645.0,5,612.0,3,650,650,false
3276,Paan Corner,Godrej Easy 5 Minute Natural Brown 4 Hair Colour,29.0,0,29.0,5,20,20,false
3277,Paan Corner,Colgate Sensitive Plus Enamel Toothpaste Tube,140.0,0,140.0,6,160,160,false
3278,Paan Corner,Colgate Max Fresh Peppermint Toothpaste,182.0,15,154.0,6,300,300,false
3279,Paan Corner,Pond's Light Moisturiser,309.0,10,278.0,6,250,250,false
3280,Paan Corner,Engage Mate For Man Deo Spray,195.0,10,174.0,5,150,150,false
3281,Paan Corner,Pantene Advanced Hair Fall Solution Shampoo - Total Damage Care,120.0,0,120.0,5,180,180,false
3282,Paan Corner,Whisper Choice Regular Wing Sanitary Pad,30.0,0,30.0,2,406,7,false
3283,Paan Corner,Colgate Slim Soft Charcoal Toothbrush,150.0,18,123.0,4,232,4,false
3284,Paan Corner,Fiama Scents Juniper & Geranium Body Wash,199.0,6,186.0,5,250,250,false
3285,Paan Corner,Mamaearth Ubtan Body Lotion,399.0,15,339.0,4,400,400,false
3286,Paan Corner,Godrej Aer Power Pocket - Long Lasting Bathroom Fragrance Floral Delight,55.0,0,55.0,6,10,10,false
3287,Paan Corner,Himalaya Anti-Hair Fall Shampoo,230.0,18,188.0,1,400,400,false
3288,Paan Corner,Nivea Soft Light Moisturizer for Face Hand & Body Non-Sticky Cream with Vitamin E & Jojoba Oil,310.0,15,263.0,6,200,200,false
3289,Paan Corner,Engage M2 Perfume Spray For Men,200.0,10,180.0,6,120,120,false
3290,Paan Corner,Mamaearth Ubtan Face Scrub Turmeric & Walnut,349.0,10,314.0,1,100,100,false
3291,Paan Corner,Himalaya Purifying Neem Face Wash Tube,270.0,15,229.0,6,300,300,false
3292,Paan Corner,Johnson's Baby Top To Toe Bath Body Wash,165.0,0,165.0,4,210,210,false
3293,Paan Corner,Gillette Mach 3 Start,249.0,0,249.0,6,116,2,false
3294,Paan Corner,Scalpe Pro Anti dandruff Shampoo 100ml,185.0,0,185.0,2,100,100,false
3295,Paan Corner,Johnson's Baby Cream,150.0,0,150.0,6,100,100,false
3296,Paan Corner,Johnson's Baby Soap,105.0,0,105.0,6,150,150,false
3297,Paan Corner,Himalaya Gentle Baby Shampoo,320.0,17,265.0,6,400,400,false
3298,Paan Corner,L'Oreal Paris Shine Masque Royal Jelly Hair Colour,550.0,0,550.0,3,88,87,false
3299,Paan Corner,Engage Rush Deodorant For Men,190.0,11,169.0,6,150,150,false
3300,Paan Corner,Clean & Clear Foaming Face Wash,140.0,10,126.0,4,100,100,false
3301,Paan Corner,Dettol Lather Shaving Cream,75.0,5,71.0,6,78,78,false
3302,Paan Corner,Gillette Classic Regular Pre Shave Foam,199.0,0,199.0,4,196,196,false
3303,Paan Corner,Dove Daily Shine Conditioner,190.0,0,190.0,6,175,180,false
3304,Paan Corner,Johnson's Baby Shampoo,180.0,0,180.0,6,200,200,false
3305,Paan Corner,Park Avenue Beer Shampoo,155.0,9,140.0,4,180,180,false
3306,Paan Corner,Pantene Advanced Hair Fall Solution Silky Smooth Care Shampoo,120.0,6,112.0,6,180,180,false
3307,Paan Corner,Fem Fairness Naturals Hair Removal Cream Fair & Soft - Rose,65.0,10,58.0,6,40,40,false
3308,Paan Corner,Sunsilk Stunning Black Shine Shampoo,555.0,6,521.0,6,650,650,false
3309,Paan Corner,Dabur Meswak Toothpaste,100.0,0,100.0,1,200,200,false
3310,Paan Corner,Patanjali Kesh Kanti Reetha Hair Cleanser,85.0,0,85.0,5,200,200,false
3311,Paan Corner,Nivea Lip Balm Soft Rose for 24h Moisture with Natural Oils Delicate Rose Shine,185.0,8,169.0,6,5,4,false
3312,Paan Corner,Santoor Total Skin Care Soap With Sandal & Turmeric,180.0,0,180.0,6,600,600,false
3313,Paan Corner,"L'Oreal Paris Excellence Creme Hair Color, 4 Natural Brown/Natural Dark Brown",620.0,0,620.0,1,172,172,false
3314,Paan Corner,Gillette Pre Shave Foam - Classic Regular Skin,225.0,0,225.0,6,418,418,false
3315,Paan Corner,Fiama Di Wills Shower Gel Patchouli & Macadamia,199.0,10,179.0,6,250,250,false
3316,Paan Corner,Listerine Fresh Burst Mouthwash,140.0,10,126.0,4,250,250,false
3317,Paan Corner,Nivea Cocoa Nourish Body Lotion With Coconut Oil & Cocoa Butter For Very Dry Skin,299.0,17,247.0,5,200,200,false
3318,Paan Corner,Pantene Hair Fall Control Shampoo,240.0,7,221.0,2,340,340,false
3319,Paan Corner,Fogg Master - Royal Intense,250.0,0,250.0,5,120,120,false
3320,Paan Corner,TRESemme Smooth And Shine Conditioner,220.0,0,220.0,5,190,190,false
3321,Paan Corner,Whisper Ultra Clean XL Plus Sanitary Pad,155.0,0,155.0,6,870,15,false
3322,Paan Corner,"Colgate Kids Toothpaste - 6+ Years, Strawberry Flavour",93.0,5,88.0,6,80,80,false
3323,Paan Corner,Nivea Soft Moisturizing Cream,310.0,12,272.0,1,200,200,false
3324,Paan Corner,Patanjali Kesh Kanti Aloe Vera Hair Cleanser,85.0,0,85.0,5,200,200,false
3325,Paan Corner,Neutrogena Deep Clean Foaming Cleanser,130.0,11,115.0,2,50,50,false
3326,Paan Corner,Clean & Clear Morning Energy Berry Face Wash,155.0,6,145.0,6,100,100,false
3327,Paan Corner,Pampers Premium Care New Baby Pants,320.0,0,320.0,4,24,24,false
3328,Paan Corner,Vaseline Intensive Care Aloe Fresh,225.0,9,203.0,6,200,200,false
3329,Paan Corner,L'Oreal Paris Dream Lengths Shampoo,149.0,0,149.0,6,192,192,false
3330,Paan Corner,Johnson's Baby Oil,115.0,0,115.0,4,100,100,false
3331,Paan Corner,Engage Man Rush Deodorant,195.0,9,176.0,6,150,150,false
3332,Paan Corner,Pantene Advanced Hair Fall Solution Shampoo - Total Damage Care,264.0,0,264.0,6,340,340,false
3333,Paan Corner,Whisper Daily Liners Clean and Fresh,105.0,0,105.0,4,1160,20,false
3334,Paan Corner,Himalaya Men Pimple Clear Neem Face Wash,180.0,9,163.0,2,100,100,false
3335,Paan Corner,Pantene Adv Hairfall Solution Conditioner Silky Smooth,190.0,0,190.0,5,200,200,false
3336,Paan Corner,Himalaya Prickly Heat Baby Powder,90.0,10,81.0,6,100,100,false
3337,Paan Corner,Mamaearth Daily Moisturizing Lotion For Babies,199.0,0,199.0,6,200,200,false
3338,Paan Corner,Stayfree Advanced XL Ultra Comfort Sanitary napkins with Wings,175.0,0,175.0,3,812,14,false
3339,Paan Corner,Pampers Premium Care Pants - Medium,1099.0,18,899.0,6,54,54,false
3340,Paan Corner,Fiama Men's Refreshing Pulse Shower Gel,199.0,10,179.0,6,250,250,false
3341,Paan Corner,Vaseline Original Skin Protecting Jelly,125.0,10,112.0,6,100,100,false
3342,Paan Corner,Clean & Clear Foaming Face Wash,180.0,10,162.0,6,150,150,false
3343,Paan Corner,Fiama Lemongrass and Jojoba Shower Gel,225.0,20,180.0,6,250,250,false
3344,Paan Corner,Oral-B Charcoal Cross Cross Extra Soft Toothbrush (Buy 2 Get 1 Free),180.0,0,180.0,1,174,3,false
3345,Paan Corner,Listerine Fresh Burst Mouthwash,285.0,7,263.0,6,500,500,false
3346,Paan Corner,Veet Full Body Waxing Kit,235.0,7,218.0,6,1160,20,false
3347,Paan Corner,Listerine Original Mouthwash,55.0,9,50.0,6,80,80,false
3348,Paan Corner,Santoor Almond Soft With Sandal & Almond Milk,180.0,0,180.0,2,625,625,false
3349,Paan Corner,Nivea Body Shea Smooth with Shea Butter for Dry Skin,425.0,20,340.0,5,400,9,false
3350,Paan Corner,Neutrogena Deep Clean Facial Cleanser,130.0,0,130.0,4,50,50,false
3351,Paan Corner,"L'Oreal Paris Excellence Creme Hair Color, 3.16 Burgundy",550.0,0,550.0,3,159,172,false
3352,Paan Corner,Johnson's Baby Powder,235.0,0,235.0,6,400,400,false
3353,Paan Corner,Bombay Shaving Company Charcoal Face Wash,249.0,0,249.0,4,100,100,false
3354,Paan Corner,Colgate Kids 2+ Years Extra Soft Toothbrush,20.0,0,20.0,3,58,1,false
3355,Paan Corner,Veet Hair Removal Cream (Normal Skin),135.0,5,128.0,6,50,50,false
3356,Paan Corner,Dove Daily Shine Shampoo,240.0,0,240.0,4,340,340,false
3357,Paan Corner,L'Oreal Anti Hair Fall Conditioner,199.0,0,199.0,6,192,192,false
3358,Paan Corner,Nivea Body Lotion Aloe Hydration For Normal Skin,275.0,10,247.0,6,200,200,false
3359,Paan Corner,Pampers Pants - Large,1549.0,45,849.0,3,82,82,false
3360,Paan Corner,"Engage Urge Deodorant For Men, Citrus And Woody, Skin Friendly",195.0,10,174.0,6,150,150,false
3361,Paan Corner,Head & Shoulders 2 In 1 Anti Dandruff Smooth & Silky Shampoo+Conditioner,375.0,10,334.0,6,340,340,false
3362,Paan Corner,Fem Fairness Natural Gold Skin Bleach,85.0,7,79.0,4,64,64,false
3363,Paan Corner,Engage Deo Frost,195.0,9,176.0,6,150,150,false
3364,Paan Corner,Stayfree Secure XL Size Sanitary Napkins,115.0,0,115.0,5,1160,20,false
3365,Paan Corner,Pampers Pants - Medium,699.0,21,549.0,1,50,50,false
3366,Paan Corner,Pampers Active Baby Diapers New Born Extra Small,1099.0,22,849.0,3,72,72,false
3367,Paan Corner,"Nivea Creme, All Season Multi-Purpose Cream",175.0,9,158.0,6,100,100,false
3368,Paan Corner,Woodwards Gripe Water,50.0,0,50.0,4,130,130,false
3369,Paan Corner,Clean & Clear Morning Energy Aqua Splash Face Wash,145.0,9,131.0,5,100,100,false
3370,Paan Corner,Sunsilk Lusciously Thick & Long Shampoo,555.0,6,521.0,6,650,650,false
3371,Paan Corner,Mamaearth Skin Correct Face Serum,599.0,15,509.0,1,30,30,false
3372,Paan Corner,Chik Hairfall Prevent Egg Shampoo,178.0,0,178.0,6,340,340,false
3373,Paan Corner,Pantene Silky Smooth Care Shampoo,225.0,6,210.0,3,340,340,false
3374,Paan Corner,"Garnier Skin Naturals, Micellar Cleansing Water",199.0,5,189.0,4,125,125,false
3375,Paan Corner,Set Wet Swag Avatar Deodorant & Body Spray Perfume For Men,199.0,0,199.0,1,150,150,false
3376,Paan Corner,Pampers All Round Protection Pants - Medium,699.0,17,575.0,6,50,50,false
3377,Paan Corner,Set Wet Deodrant Charm Avatar,199.0,0,199.0,1,150,150,false
3378,Paan Corner,Nupur Heena Mehandi,199.0,0,199.0,6,500,500,false
3379,Paan Corner,Head & Shoulders 2-in-1 Active Protect Shampoo,375.0,9,338.0,6,340,340,false
3380,Paan Corner,Gillette Mach 3 Turbo Cartridges,649.0,10,578.0,6,232,4,false
3381,Paan Corner,TRESemme Smooth And Shine Conditioner,210.0,13,182.0,1,190,190,false
3382,Paan Corner,Bombay Shaving Company Sensitive Cartridges,375.0,0,375.0,2,116,2,false
3383,Paan Corner,Himalaya Baby Lotion,300.0,12,264.0,1,400,400,false
3384,Paan Corner,Old Spice Lime Lather Shaving Cream,75.0,0,75.0,6,70,70,false
3385,Paan Corner,Colgate Sensitive Plus Anticavity Toothpaste,140.0,10,126.0,6,70,70,false
3386,Paan Corner,Colgate Toothpaste For Kids Motu Oatlu,93.0,0,93.0,6,80,80,false
3387,Paan Corner,Pantene Total Damage Care Shampoo,120.0,0,120.0,6,180,180,false
3388,Paan Corner,Himalaya Moisturising Aloe Vera Facial Wipes,100.0,10,90.0,6,25,25,false
3389,Paan Corner,Savlon Moisture Shield Hand Wash,69.0,0,69.0,5,200,200,false
3390,Paan Corner,Pampers Active Baby Diapers New Born Extra Small,360.0,10,324.0,6,24,24,false
3391,Paan Corner,Himalaya Anti Dandruff Shampoo,260.0,18,213.0,1,400,400,false
3392,Paan Corner,Himalaya Anti Hair Fall Shampoo,490.0,25,367.0,4,700,700,false
3393,Paan Corner,Johnson's Baby Oil,200.0,0,200.0,6,200,200,false
3394,Paan Corner,Vaseline Intensive Care Deep Moisture Body Lotion,325.0,0,325.0,4,400,400,false
3395,Paan Corner,L'Oreal Paris Dream Lengths Conditioner,199.0,0,199.0,1,193,193,false
3396,Paan Corner,Nivea Soft Light Moisturizing Cream,185.0,15,157.0,6,100,100,false
3397,Paan Corner,Whisper Ultra Soft XL+ Sanitary Pads,555.0,0,555.0,1,60,60,false
3398,Paan Corner,Palmolive Feel The Massage Shower Gel,249.0,20,199.0,6,250,250,false
3399,Paan Corner,L'Oreal Paris Dream Lengths Conditioner,209.0,0,209.0,3,193,193,false
3400,Paan Corner,Head & Shoulders Anti-Dandruff Smooth & Silky Shampoo,285.0,6,266.0,6,340,340,false
3401,Paan Corner,Mamaearth Moisturizing Baby Bath Soap,249.0,0,249.0,4,150,150,false
3402,Paan Corner,Listerine Original Mouthwash,150.0,10,135.0,6,250,250,false
3403,Paan Corner,Himalaya Gentle Baby Shampoo,170.0,14,146.0,6,200,200,false
3404,Paan Corner,Dove Dryness Care Shampoo,268.0,5,252.0,1,340,340,false
3405,Paan Corner,Dove Hair Fall Rescue Shampoo,280.0,15,236.0,6,340,340,false
3406,Paan Corner,Head & Shoulders Anti Dandruff Shampoo Cool Menthol,295.0,9,266.0,6,340,340,false
3407,Paan Corner,Bombay Shaving Company Defender Razor,345.0,0,345.0,6,58,1,false
3408,Paan Corner,"Head & Shoulders Shampoo + Conditioner - 2-In-1, Cool Menthol",365.0,0,365.0,1,340,340,false
3409,Paan Corner,Himalaya Baby Nourishing Massage Oil,200.0,20,160.0,2,200,250,false
3410,Paan Corner,Himalaya Baby Powder,235.0,20,188.0,6,400,400,false
3411,Paan Corner,Fogg Paradise Fragrant Body Spray For Women,250.0,0,250.0,6,150,150,false
3412,Paan Corner,Revive Revive Liquid,71.0,0,71.0,6,200,200,false
3413,Paan Corner,Pantene Hairfall Control Conditioner,190.0,6,178.0,6,200,200,false
3414,Paan Corner,Mamaearth Vitamin C Face Toner,399.0,0,399.0,1,200,200,false
3415,Paan Corner,Himalaya Diaper Rash Cream,80.0,10,72.0,2,20,20,false
3416,Paan Corner,Fogg Royal Fragrance Spray,230.0,0,230.0,4,150,120,false
3417,Paan Corner,Dove Pink Rosa Beauty Bathing Bar,245.0,9,221.0,6,100,100,false
3418,Paan Corner,Dove Dryness Care Conditioner Frizzy & Dry Hair,90.0,6,84.0,4,80,80,false
3419,Paan Corner,Dettol Original Liquid Handwash Refill,109.0,3,105.0,0,750,750,true
3420,Paan Corner,Parachute 100% Pure Coconut Oil,123.0,0,123.0,0,300,300,true
3421,Paan Corner,Stayfree Secure Cottony Soft Cover Sanitary Pad (Regular) with Wings,30.0,3,29.0,0,406,7,true
3422,Paan Corner,Dabur Gulabari Premium Rose Water,48.0,2,47.0,0,120,120,true
3423,Paan Corner,Parachute Advansed Gold Coconut Hair Oil,215.0,9,194.0,0,400,400,true
3424,Paan Corner,Closeup Everfresh+ Anti-Germ Gel Toothpaste Red Hot,90.0,10,81.0,0,150,150,true
3425,Paan Corner,Godrej No.1 Bathing Soap - Lime & Aloe Vera,100.0,16,84.0,0,500,100,true
3426,Paan Corner,Sensodyne Sensitive Fresh Gel Toothpaste,115.0,7,106.0,0,75,75,true
3427,Paan Corner,Whisper Bindazzz Nights XL + Sanitary Pad,90.0,0,90.0,0,406,7,true
3428,Paan Corner,Whisper Choice Sanitary Pad,32.0,9,29.0,0,406,7,true
3429,Paan Corner,"Godrej No.1 Bathing Soap, Jasmine",84.0,0,84.0,0,400,100,true
3430,Paan Corner,Gillette Venus Close & Clean Razor,249.0,7,230.0,0,58,1,true
3431,Paan Corner,Whisper Choice Regular Sanitary Pads,90.0,3,87.0,0,58,20,true
3432,Paan Corner,Stayfree Secure Dry Cover Extra Large Sanitary Pad,42.0,2,41.0,0,406,7,true
3433,Paan Corner,Oxylife Natural Radiance 5 Creme Bleach - With Active Oxygen,82.0,9,74.0,0,27,27,true
3434,Paan Corner,Clean & Clear Morning Energy Lemon Face Wash,145.0,9,131.0,0,100,100,true
3435,Paan Corner,Bajaj Almond Drops Hair Oil,67.0,10,60.0,0,100,100,true
3436,Paan Corner,Bajaj Almond Drops Hair Oil Bottle,130.0,7,120.0,0,200,200,true
3437,Paan Corner,Whisper Bindazzz Night Sanitary Pads XL Plus,185.0,0,185.0,0,870,15,true
3438,Paan Corner,Godrej Cinthol Lime Refreshing Deo Soap,116.0,0,116.0,0,400,400,true
3439,Paan Corner,"MamyPoko Pants Standard Diapers, Extra Large (12 - 17 kg)",399.0,7,369.0,0,26,26,true
3440,Home & Cleaning,Surf Excel Stain Eraser,18.0,0,18.0,1,150,150,false
3441,Home & Cleaning,Colin Glass and Surface Cleaner Liquid Spray Regular,96.0,7,89.0,6,500,500,false
3442,Home & Cleaning,A1 Biodegradable Garbage Dustbin Bags,69.0,0,69.0,6,30,30,false
3443,Home & Cleaning,"Mortein Cockroach Killer Spray, Crawling insect killer with Deep-Reach Nozzle",189.0,5,179.0,2,425,425,false
3444,Home & Cleaning,Pril Perfect Lime Dishwash Liquid,190.0,7,175.0,4,750,750,false
3445,Home & Cleaning,Dettol Antiseptic Disinfectant Liquid,66.0,0,66.0,6,125,125,false
3446,Home & Cleaning,Godrej Aer Power Pocket Berry Rush,55.0,0,55.0,3,10,10,false
3447,Home & Cleaning,Hit Cockroach Killer Spray,101.0,2,98.0,4,200,200,false
3448,Home & Cleaning,Vim Dishwash Liquid Gel Lemon,185.0,5,175.0,1,750,750,false
3449,Home & Cleaning,"Harpic Disinfectant Toilet Cleaner Liquid, Original - 1 L",178.0,0,178.0,6,1000,1,false
3450,Home & Cleaning,Odomos Mosquito Repellent Cream,50.0,8,46.0,6,50,50,false
3451,Home & Cleaning,Harpic Disinfectant Bathroom Cleaner Liquid Lemon,189.0,5,179.0,6,1000,1,false
3452,Home & Cleaning,Eveready AA pack of 10,150.0,4,143.0,6,580,10,false
3453,Home & Cleaning,Cherry Blossom Liquid Wax Polish,98.0,5,93.0,6,75,75,false
3454,Home & Cleaning,Gala Scrubber Cleaner Home Everyday Scrub,35.0,2,34.0,6,58,1,false
3455,Home & Cleaning,Hit Flower Lime Fragrance Insect Killer Spray,182.0,3,176.0,6,400,400,false
3456,Home & Cleaning,Harpic Hygienic Toilet Cleaner Rim Block Jasmine,82.0,6,77.0,4,26,26,false
3457,Home & Cleaning,Om Bhakti - Pancha Deepa Oil,199.0,10,179.0,6,1000,1,false
3458,Home & Cleaning,Ariel Complete Detergent Washing Powder 500 g + 200 g Free,135.0,0,135.0,6,500,500,false
3459,Home & Cleaning,Surf Excel Matic Top Load Detergent Powder,200.0,6,188.0,1,1000,1,false
3460,Home & Cleaning,Harpic Flushmatic In-Cistern Toilet Cleaner Blocks Marine,154.0,7,143.0,4,100,100,false
3461,Home & Cleaning,Eveready 1012 Carbon Zinc AAA Battery,150.0,4,143.0,2,580,10,false
3462,Home & Cleaning,Surf Excel Matic Front Load Detergent Liquid,225.0,1,221.0,6,1000,1,false
3463,Home & Cleaning,Origami Kitchen Towels 2 In 1 Quilted 2ply,140.0,10,126.0,6,116,2,false
3464,Home & Cleaning,Oxi Green Phenyl - Pine,82.0,9,74.0,6,1000,1,false
3465,Home & Cleaning,Surf Excel Easy Wash Detergent Liquid,170.0,0,169.0,6,1000,1,false
3466,Home & Cleaning,Uno Playing Card Game,149.0,9,135.0,2,58,1,false
3467,Home & Cleaning,Chakaachak Mini Cloth Brush,40.0,2,39.0,1,58,1,false
3468,Home & Cleaning,Chakaachak Super Scrub Pad (Pack of 3),35.0,2,34.0,2,174,3,false
3469,Home & Cleaning,Colin Glass and Surface Cleaner Liquid Spray Regular,62.0,6,58.0,5,250,250,false
3470,Home & Cleaning,Om Bhakti Cow Dung Cakes,16.0,0,16.0,6,290,5,false
3471,Home & Cleaning,Dettol Antiseptic Liquid,33.0,0,33.0,4,60,60,false
3472,Home & Cleaning,Harpic Hygienic Toilet Cleaner Rim Block Citrus,82.0,6,77.0,6,26,26,false
3473,Home & Cleaning,Eveready Ultima Alkaline AA Cell Battery-6 Pc Pack,210.0,10,189.0,6,348,6,false
3474,Home & Cleaning,Mangaldeep Rose Puja Agarbatti,65.0,9,59.0,4,120,120,false
3475,Home & Cleaning,Ariel Matic Top Load Detergent Washing Powder,225.0,0,225.0,6,1000,1,false
3476,Home & Cleaning,Gala Cloth Poccha/Mop,125.0,9,113.0,6,58,1,false
3477,Home & Cleaning,Chakaachak Floor Cleaning Pocha,50.0,2,49.0,6,58,1,false
3478,Home & Cleaning,Oxi Green Floor Cleaner - Floral,179.0,10,161.0,6,1000,1,false
3479,Home & Cleaning,"Godrej Aer Pocket, Bathroom Air Fragrance - Assorted Pack Of 3",160.0,0,160.0,6,30,30,false
3480,Home & Cleaning,Ariel Complete Detergent Washing Powder 1 kg + 500 g Free,280.0,6,263.0,6,1500,1,false
3481,Home & Cleaning,Chakaachak Sponge Scrubber (Pack of 2),45.0,2,44.0,6,116,2,false
3482,Home & Cleaning,Lizol Disinfectant Surface & Floor Cleaner Liquid Floral,103.0,5,97.0,6,500,500,false
3483,Home & Cleaning,Harpic Germ & Stain Blaster Disinfectant Toilet Cleaner Floral,148.0,7,137.0,6,750,750,false
3484,Home & Cleaning,Hit Lime Fresh Flying Insect Killer,269.0,0,269.0,6,385,385,false
3485,Home & Cleaning,Fevistik Super Glue Stick,40.0,2,39.0,6,15,15,false
3486,Home & Cleaning,Godrej Ezee Liquid Detergent,175.0,0,175.0,6,1000,1,false
3487,Home & Cleaning,Odonil Air Fresher Buy 3 Get 1 Free,225.0,5,213.0,3,300,300,false
3488,Home & Cleaning,Godrej Aer Power Pocket - Long Lasting Bathroom Fragrance Fresh Blossom,55.0,0,55.0,6,10,10,false
3489,Home & Cleaning,Genteel Liquid Detegrent,320.0,0,320.0,6,2000,2,false
3490,Home & Cleaning,Scotch Brite Scrub Pad,75.0,9,68.0,6,290,5,false
3491,Home & Cleaning,Shubh kart - Nirmal Eco Box Chandan Agarbatti - 100g,65.0,13,56.0,5,100,100,false
3492,Home & Cleaning,Surf Excel Quick Wash,600.0,8,549.0,1,4000,4,false
3493,Home & Cleaning,Hem Mantra Masala Agarbatti,85.0,7,79.0,1,50,50,false
3494,Home & Cleaning,Odonil Room Air Freshener Spray Lavender Mist,149.0,5,141.0,4,240,240,false
3495,Home & Cleaning,Chakaachak Mega Star Toilet Brush,110.0,2,107.0,4,58,1,false
3496,Home & Cleaning,Om Bhakti Wick for Diya - Cotton Long Batti,19.0,0,19.0,4,50,50,false
3497,Home & Cleaning,Origami Non-Woven Kitchen Towel,190.0,14,162.0,4,80,80,false
3498,Home & Cleaning,Shubh kart - Nirmal 5 in 1 Agarbatti Zipper - 150g,65.0,13,56.0,6,150,150,false
3499,Home & Cleaning,Harpic Lemon Bathroom Cleaner,95.0,9,86.0,6,500,500,false
3500,Home & Cleaning,Scotch Brite Sponge Wipes,200.0,0,200.0,2,174,3,false
3501,Home & Cleaning,Godrej Aer Spray Fresh Lush Green,150.0,16,126.0,2,240,240,false
3502,Home & Cleaning,Oxi Green Phenyl Concentrate,200.0,10,180.0,6,1000,1,false
3503,Home & Cleaning,Oxi Green Max Force Green Concentrate,107.0,10,96.0,3,500,500,false
3504,Home & Cleaning,Godrej Aer Morning Misty Meadows Home Air Freshener,150.0,0,149.0,4,240,240,false
3505,Home & Cleaning,Kiwi Dranex Drain Cleaner,135.0,9,122.0,1,348,6,false
3506,Home & Cleaning,Origami Disposable Spoons,80.0,10,72.0,3,1160,20,false
3507,Home & Cleaning,Pril Bar Tub,55.0,0,55.0,1,500,500,false
3508,Home & Cleaning,Om Bhakti Wick for Diya - Cotton Flower Batti,19.0,0,19.0,4,60,60,false
3509,Home & Cleaning,Chakaachak Deluxe Dustpan Grey,68.0,2,66.0,3,58,1,false
3510,Home & Cleaning,Lizol Disinfectant Surface & Floor Cleaner Liquid Citrus,205.0,8,188.0,3,975,975,false
3511,Home & Cleaning,ScotchBrite Premium Kitchen Towels,150.0,18,123.0,3,174,1,false
3512,Home & Cleaning,Vanish All in One Powder Detergent Booster,210.0,10,189.0,2,400,400,false
3513,Home & Cleaning,Good Knight Fabric Personal Mosquito Repellent Roll On,75.0,0,75.0,3,8,8,false
3514,Home & Cleaning,Gala Iron Bull Scrub Pad,140.0,10,126.0,6,174,3,false
3515,Home & Cleaning,Tide Plus Extra Power Lemon & Mint Detergent Powder,215.0,1,211.0,6,2000,2,false
3516,Home & Cleaning,Chakaachak Dustpan Grey,70.0,2,68.0,5,58,1,false
3517,Home & Cleaning,Mortein PowerGard Rat Kill Cake,64.0,6,60.0,6,100,100,false
3518,Home & Cleaning,Odomos Mosquito Repellent Cream,25.0,0,25.0,1,23,25,false
3519,Home & Cleaning,Shubh kart - Nirmal Eco Box Sugandhi Mogra Agarbatti - 100g,65.0,13,56.0,6,100,100,false
3520,Home & Cleaning,Cherry Blossom Wax Shoe Polish Black,68.0,5,64.0,6,40,40,false
3521,Home & Cleaning,Origami Paper Plates,240.0,15,204.0,5,50,50,false
3522,Home & Cleaning,Gala Microfiber Magic Cloth 2-In-1,175.0,9,158.0,6,58,1,false
3523,Home & Cleaning,Mr Muscle Dranex Drain Cleaner Kiwi,160.0,6,149.0,4,375,375,false
3524,Home & Cleaning,Lizol Disinfectant Surface & Floor Cleaner Liquid Jasmine,103.0,5,97.0,6,500,500,false
3525,Home & Cleaning,Odonil Room Spray Air Freshener Citrus Fres,150.0,12,132.0,4,137,137,false
3526,Home & Cleaning,Scotch Brite Power Scrub Pad,50.0,2,49.0,6,58,1,false
3527,Home & Cleaning,Origami Good Karma Toilet Roll,275.0,14,234.0,6,232,1,false
3528,Home & Cleaning,Shubh kart - Shubhkart Sambrani Cup Black 12n,80.0,6,75.0,4,696,12,false
3529,Home & Cleaning,Gala Scrubber Pad,75.0,9,68.0,5,290,5,false
3530,Home & Cleaning,Origami So Soft Tissue Roll Single - 340 Pulls 3 Ply,80.0,0,80.0,1,58,1,false
3531,Home & Cleaning,Odomos lotion - Mosquito Repellent,90.0,8,82.0,6,120,120,false
3532,Home & Cleaning,Surf Excel Matic Front Load Detergent Powder,530.0,4,507.0,6,2000,2,false
3533,Home & Cleaning,Fevicol Mr.Original General Purpose White Glue,50.0,2,49.0,6,105,100,false
3534,Home & Cleaning,Aro Aluminium Container with Lid 230 ml,75.0,9,68.0,3,25,25,false
3535,Home & Cleaning,Harpic Power Fresh 6 Toilet Cleaner Rim Block Floral Delight,188.0,10,169.0,6,35,35,false
3536,Home & Cleaning,Origami So Soft Tissue Roll 3 Ply,390.0,11,347.0,6,696,12,false
3537,Home & Cleaning,Ariel Matic Front Load Detergent Washing Powder,800.0,15,680.0,6,3000,3,false
3538,Home & Cleaning,Gala Double Hockey Toilet Brush,150.0,10,135.0,6,58,1,false
3539,Home & Cleaning,Surf Excel Detergent Bar Value Pack,114.0,0,114.0,6,800,800,false
3540,Home & Cleaning,Odonil Zipper Blissful Citrus,55.0,0,55.0,1,10,10,false
3541,Home & Cleaning,Eveready Base B22 9-Watt LED Bulb,150.0,0,150.0,2,58,1,false
3542,Home & Cleaning,Scotch Brite Sponge Wipe,330.0,10,297.0,6,290,5,false
3543,Home & Cleaning,Domex Disinfectant Floor Cleaner,180.0,5,170.0,6,1000,1,false
3544,Home & Cleaning,Surf Excel Matic Powder Front Load,810.0,7,750.0,2,4000,4,false
3545,Home & Cleaning,Scotch Brite Silver Sparks Scrub Pad,90.0,10,81.0,6,348,3,false
3546,Home & Cleaning,Airwick Room Air Freshener Spray Cool Water & Aloe Vera,161.0,5,152.0,6,245,245,false
3547,Home & Cleaning,Shubh kart - Surabhi Camphor Pouch 50g,95.0,9,86.0,6,50,50,false
3548,Home & Cleaning,Pril Power Of Active Boosters,102.0,0,102.0,1,400,400,false
3549,Home & Cleaning,Scotch Brite Tough Scrubber Brush,150.0,6,140.0,6,58,1,false
3550,Home & Cleaning,Mortein Dual All Insect Killer Spray,280.0,10,252.0,6,600,600,false
3551,Home & Cleaning,Lizol Double Concentrate Disinfectant Floor Cleaner Lavender,325.0,10,292.0,6,900,900,false
3552,Home & Cleaning,Eveready Ultima Alkaline Battery AAA,68.0,0,68.0,6,116,2,false
3553,Home & Cleaning,Shubh kart - Tejas Twisted Cotton Wicks 1000n,30.0,6,28.0,6,1000,1000,false
3554,Home & Cleaning,Lizol Double Concentrate Disinfectant Floor Cleaner Citrus,650.0,8,598.0,6,1900,1,false
3555,Home & Cleaning,Surf Excel Matic Top Load,720.0,9,649.0,4,4000,4,false
3556,Home & Cleaning,Oxi Green Dish Wash Liquid - Lemon,105.0,6,98.0,6,500,500,false
3557,Home & Cleaning,Mangalam Camphor,100.0,10,90.0,6,50,50,false
3558,Home & Cleaning,Cherry Blossom Liquid Wax Polish (Dark Tan),98.0,5,93.0,6,75,75,false
3559,Home & Cleaning,Gala EzeeSqueegee Wiper,150.0,10,135.0,6,58,1,false
3560,Home & Cleaning,Lizol Disinfectant Surface & Floor Cleaner Liquid Pine,205.0,8,188.0,6,975,975,false
3561,Home & Cleaning,Philips Stellar Bright 16W Light Bulb,390.0,16,324.0,6,58,1,false
3562,Home & Cleaning,Airwick EverFresh Gel Bathroom Air Freshener - Lavender Dew,70.0,10,63.0,6,50,50,false
3563,Home & Cleaning,Origami Cups Plain 100 units,155.0,14,132.0,5,100,100,false
3564,Home & Cleaning,Airwick EverFresh Gel Bathroom Air Freshener - Citrus Splash,70.0,10,63.0,6,50,50,false
3565,Home & Cleaning,Ariel Matic Liquid Detergent Front Load,250.0,0,250.0,6,1000,1,false
3566,Home & Cleaning,Om Bhakti Gangajal Packed At Gangotri,30.0,3,29.0,6,220,220,false
3567,Home & Cleaning,Odonil Air Freshner Lavender Meadows,75.0,5,71.0,4,75,75,false
3568,Home & Cleaning,Om Bhakti Haldi,12.0,0,12.0,4,15,15,false
3569,Home & Cleaning,Cherry Blossom Wax Shoe Polish Dark Tan,68.0,5,64.0,6,40,40,false
3570,Home & Cleaning,Dabur Odomos Naturals Mosquito Repellant Gel,75.0,8,69.0,4,80,80,false
3571,Home & Cleaning,Shubh kart - Nirmal sugandhi mogra wet dhoop zipper 20 sticks,30.0,6,28.0,6,1160,20,false
3572,Home & Cleaning,Lizol Disinfectant Surface & Floor Cleaner Liquid Floral,205.0,8,188.0,6,975,975,false
3573,Home & Cleaning,Om Bhakti Wick for Diya - Ghee Cotton Wicks Big,189.0,10,170.0,6,30,30,false
3574,Home & Cleaning,Air Wick Room Air Freshener Spray - Lavender & Lotus,161.0,5,152.0,6,245,245,false
3575,Home & Cleaning,Scotch Brite Kitchen Sink Brush,135.0,9,122.0,5,58,1,false
3576,Home & Cleaning,Odonil Room Air Freshener Spray - Lavender Mist,150.0,12,132.0,1,137,137,false
3577,Home & Cleaning,Godrej Aer Power Pocket - Long Lasting Bathroom Fragrance Lavender Bloom,55.0,0,55.0,4,10,10,false
3578,Home & Cleaning,Origami Good Karma Paper Serviettes,80.0,10,72.0,6,50,50,false
3579,Home & Cleaning,Scotch Magic Tape,115.0,14,98.0,6,58,1,false
3580,Home & Cleaning,Ambi Pur Car Freshener Gel - Relaxing Lavender,299.0,10,269.0,2,75,75,false
3581,Home & Cleaning,Origami Kitchen Towels 4 in 1 60 Pulls 2 Ply,265.0,0,265.0,6,58,1,false
3582,Home & Cleaning,Ariel Matic Liquid Detergent Front Load,225.0,0,225.0,6,1000,1,false
3583,Home & Cleaning,Om Bhakti Wick for Diya - Ghee Cotton Wicks Small,139.0,10,125.0,6,30,30,false
3584,Home & Cleaning,Chakaachak Super Strong Scrub,29.0,3,28.0,5,58,1,false
3585,Home & Cleaning,Nimyle Lemongrass Floor Cleaner,165.0,5,156.0,5,975,975,false
3586,Home & Cleaning,Oxi Green Floor Cleaner - Citrus,179.0,10,161.0,6,1000,1,false
3587,Home & Cleaning,Airwick Room Air Freshener Spray - Rose & Saffron,161.0,5,152.0,5,245,245,false
3588,Home & Cleaning,Origami Luxuria Kitchen Towel 300 Pulls Single,320.0,0,320.0,2,58,1,false
3589,Home & Cleaning,Philips EyePro 10.5W Light Bulb,220.0,10,198.0,6,58,1,false
3590,Home & Cleaning,Mangalam Camphor Tablet Jar,280.0,10,252.0,6,100,100,false
3591,Home & Cleaning,Chakaachak Super Sponge Wipes (Pack of 3),140.0,0,140.0,6,174,3,false
3592,Home & Cleaning,Origami Good Karma Paper Serviettes - 100 napkins (1 ply),78.0,10,70.0,6,58,1,false
3593,Home & Cleaning,Robin Dazzling Liquid Blue After Wash,74.0,5,70.0,6,200,200,false
3594,Home & Cleaning,Om Bhakti Camphor Big,119.0,10,107.0,6,40,40,false
3595,Home & Cleaning,Om Bhakti Wick for Diya - Cotton Long Batti,20.0,0,20.0,6,75,75,false
3596,Home & Cleaning,Om Bhakti Camphor Small,79.0,10,71.0,6,25,25,false
3597,Home & Cleaning,Ariel Matic Top Load Detergent Washing Powder,499.0,0,499.0,1,2000,2,false
3598,Home & Cleaning,Scotch Brite Multi-Purpose Sponge Wipes,700.0,17,581.0,6,580,10,false
3599,Home & Cleaning,Surabhi Pure Camphor,50.0,2,49.0,6,25,25,false
3600,Home & Cleaning,Lizol Double Concentrate Disinfectant Floor Cleaner Citrus,325.0,5,308.0,6,900,900,false
3601,Home & Cleaning,Chakaachak Floor Pocha Large,50.0,0,50.0,1,58,1,false
3602,Home & Cleaning,Ariel Matic Front Load Liquid Detergent,220.0,0,220.0,4,1000,1,false
3603,Home & Cleaning,Harpic Power Fresh 6 Toilet Cleaner Rim Block Marine Splash,188.0,10,169.0,4,35,35,false
3604,Home & Cleaning,Chakaachak Dust Proof Broom,180.0,2,175.0,6,58,1,false
3605,Home & Cleaning,Om Bhakti Kumkum,12.0,0,12.0,6,15,15,false
3606,Home & Cleaning,Apsara Non Dust Eraser,60.0,10,54.0,5,1160,20,false
3607,Home & Cleaning,Chakaachak Power Scrub (Pack of 2),42.0,2,41.0,6,116,2,false
3608,Home & Cleaning,Om Bhakti Wick for Diya - Vanaspati Ghee Cotton Wicks Small,69.0,11,61.0,6,30,30,false
3609,Home & Cleaning,Whiskas Adult +1 year Salmon in Gravy,250.0,10,225.0,3,85,1,false
3610,Home & Cleaning,Origami Paper Party Plates,240.0,0,240.0,6,580,50,false
3611,Home & Cleaning,Gala Microfiber Multipurpose Cloth,140.0,7,129.0,6,58,1,false
3612,Home & Cleaning,Ariel Matic Front Load Detergent Powder,260.0,0,260.0,6,1000,1,false
3613,Home & Cleaning,Ariel Matic Liquid Detergent Front Load,250.0,0,250.0,4,1000,1,false
3614,Home & Cleaning,Vim Dishwash Bar,23.0,4,22.0,0,300,300,true
3615,Home & Cleaning,Dettol Effective Protection Antiseptic Liquid,116.0,0,116.0,0,250,250,true
3616,Home & Cleaning,Godrej Good Night Gold Flash Liquid Vapouriser,89.0,0,89.0,0,60,60,true
3617,Home & Cleaning,Rin Detergent Powder,86.0,2,84.0,0,1000,1,true
3618,Home & Cleaning,Surf Excel Easy Wash Detergent Powder,136.0,3,131.0,0,1000,1,true
3619,Home & Cleaning,Rin Detergent Bar,10.0,0,10.0,0,140,140,true
3620,Home & Cleaning,Odomos Mosquito Repellent Spray,90.0,8,82.0,0,100,100,true
3621,Home & Cleaning,Chakaachak Super Steel Scrubber,12.0,8,11.0,0,58,1,true
3622,Home & Cleaning,Scotch-Brite Scrub Sponge Ideal For Dishwash Liquid,65.0,9,59.0,0,116,2,true
3623,Home & Cleaning,Gala No Dust Broom,190.0,7,175.0,0,58,1,true
3624,Home & Cleaning,Chakaachak Eazo Grass Broom New,105.0,2,102.0,0,58,1,true
3625,Home & Cleaning,Vim Dishwash Bar,45.0,0,45.0,0,600,600,true
3626,Home & Cleaning,Rin Fabric Whitener Detergent,69.0,10,62.0,0,500,500,true
3627,Home & Cleaning,Comfort After Wash Fabric Conditioner Lily Fresh,235.0,9,212.0,0,860,860,true
3628,Home & Cleaning,Ujala Superme For Super Whiteness Of Clothes,25.0,0,25.0,0,75,75,true
3629,Home & Cleaning,Surf Excel Quick Wash,208.0,6,195.0,0,1000,1,true
3630,Home & Cleaning,Scotch BOPP Packaging Tape,80.0,15,68.0,0,58,1,true
3631,Home & Cleaning,Origami Plates Plain,250.0,10,225.0,0,100,100,true
3632,Home & Cleaning,Dettol Antiseptic Liquid,30.0,0,30.0,0,60,60,true
3633,Health & Hygiene,Epigamia Fruit Yogurt Alphonso Mango,40.0,50,20.0,6,75,75,false
3634,Health & Hygiene,Epigamia Fruit Yogurt Vanilla,40.0,50,20.0,6,75,75,false
3635,Health & Hygiene,Nestle A+ Actiplus Probiotic Dahi Plain Curd,78.0,3,75.0,5,400,400,false
3636,Health & Hygiene,Dettol Original Germ Protection Alcohol Based Hand Sanitizer,25.0,0,25.0,6,50,50,false
3637,Health & Hygiene,Dettol Antiseptic Disinfectant Liquid,66.0,0,66.0,6,125,125,false
3638,Health & Hygiene,Durex Air Ultra Thin Condoms,82.0,0,82.0,6,174,3,false
3639,Health & Hygiene,Durex Air Ultra Thin Condom,245.0,10,220.0,6,580,10,false
3640,Health & Hygiene,Dabur Regular Hajmola,45.0,6,42.0,6,120,120,false
3641,Health & Hygiene,Hajmola Anardana Digestive Tablets,45.0,6,42.0,2,120,180,false
3642,Health & Hygiene,Zandu Balm,40.0,10,36.0,4,8,8,false
3643,Health & Hygiene,Vicks Cough Drops Menthol,20.0,0,20.0,6,1160,20,false
3644,Health & Hygiene,Durex Extra Time Condoms,228.0,10,205.0,6,580,10,false
3645,Health & Hygiene,Vicks VapoRub,85.0,9,77.0,6,25,25,false
3646,Health & Hygiene,Dettol Antiseptic Liquid,33.0,0,33.0,4,60,60,false
3647,Health & Hygiene,Veet Sensitive Skin Hair Removal Cream,135.0,5,128.0,6,50,50,false
3648,Health & Hygiene,Vicks VapoRub,145.0,11,129.0,2,50,50,false
3649,Health & Hygiene,Dabur Hajmola Imli Digestive Tablets,45.0,6,42.0,6,120,120,false
3650,Health & Hygiene,Dettol Antiseptic Liquid + Disinfectant Spray - Original,159.0,10,143.0,6,225,225,false
3651,Health & Hygiene,Iodex Body Pain Expert,40.0,2,39.0,6,8,8,false
3652,Health & Hygiene,Patanjali Hing Goli,65.0,10,58.0,4,100,100,false
3653,Health & Hygiene,Moov Fast Pain Relief Cream,189.0,15,160.0,6,50,50,false
3654,Health & Hygiene,Dettol Hand Sanitizer,100.0,5,95.0,6,200,200,false
3655,Health & Hygiene,Whisper Ultra Soft XL+ Sanitary Pads,330.0,2,323.0,6,30,30,false
3656,Health & Hygiene,Whisper Choice Regular Wing Sanitary Pad,30.0,0,30.0,2,406,7,false
3657,Health & Hygiene,Savlon Surface Disinfectant Spray,165.0,10,148.0,6,170,170,false
3658,Health & Hygiene,Durex Extra Thin Condoms,228.0,10,205.0,6,580,10,false
3659,Health & Hygiene,Stayfree Secure Dry Cover Regular Sanitary Pad With Wings,30.0,3,29.0,6,406,7,false
3660,Health & Hygiene,Eno Fruit Salt Lemon Flavour Energy Powder,130.0,10,117.0,6,100,100,false
3661,Health & Hygiene,Moov Pain Relief Specialist Spray,149.0,5,141.0,5,35,35,false
3662,Health & Hygiene,Savlon Germ Protection Wipes,189.0,10,170.0,6,72,72,false
3663,Health & Hygiene,Veet Hair Removal Cream Dry Skin,135.0,5,128.0,5,50,50,false
3664,Health & Hygiene,Whisper Ultra Soft Air Fresh Sanitary Pads (XL) with Wings,315.0,0,315.0,4,30,30,false
3665,Health & Hygiene,Whisper Choice Regular Sanitary Pads,90.0,0,90.0,6,1160,20,false
3666,Health & Hygiene,Whisper Ultra Clean Wings XL+ Pouch,449.0,7,415.0,6,44,44,false
3667,Health & Hygiene,Durex Extra Ribbed Condoms,245.0,10,220.0,2,580,10,false
3668,Health & Hygiene,Eno Regular Fruit Salt Energy Powder,130.0,0,130.0,6,100,100,false
3669,Health & Hygiene,Durex Extra Thin Bubblegum Condom,150.0,10,135.0,6,580,10,false
3670,Health & Hygiene,Dabur Hajmola Pudina - Digestive Tablets,45.0,6,42.0,6,120,120,false
3671,Health & Hygiene,Baidyanath Isabgol,110.0,22,85.0,3,100,100,false
3672,Health & Hygiene,Kapiva Thar Aloe Vera Juice,299.0,15,254.0,6,1000,1,false
3673,Health & Hygiene,Fine Life Cotton Balls,110.0,10,99.0,6,100,100,false
3674,Health & Hygiene,Stayfree Dry Max All Night XL Dry Cover Sanitary Pads,340.0,12,298.0,6,28,28,false
3675,Health & Hygiene,Moov Pain Releiver Spray,290.0,15,246.0,6,80,80,false
3676,Health & Hygiene,Whisper Ultra Clean XL Plus Sanitary Pad,175.0,0,175.0,5,870,15,false
3677,Health & Hygiene,Durex Condoms Mutual Climax,120.0,0,120.0,6,174,3,false
3678,Health & Hygiene,Durex Extra Dots Condoms,228.0,10,205.0,6,580,10,false
3679,Health & Hygiene,Zandu Balm Ulter Power For Strong Headache Bodyache & Cold,45.0,8,41.0,6,8,8,false
3680,Health & Hygiene,Dabur Hajmola Maha Candy - Aam+Imli,130.0,5,123.0,1,130,130,false
3681,Health & Hygiene,Whisper Choice Ultra XL Sanitary Pad,133.0,2,130.0,5,1160,20,false
3682,Health & Hygiene,Veet Full Body Waxing Kit For Dry Skin,235.0,7,218.0,6,1160,20,false
3683,Health & Hygiene,Dabur Chyawanprakash - Sugar Free,415.0,7,385.0,6,900,900,false
3684,Health & Hygiene,Zandu Balm,85.0,10,76.0,5,25,25,false
3685,Health & Hygiene,Himalaya Cold Balm,125.0,9,113.0,6,45,45,false
3686,Health & Hygiene,Dettol Clinical Strength Hand Sanitizer Liquid,250.0,10,225.0,6,500,500,false
3687,Health & Hygiene,Kapiva Wild Amla Juice,249.0,14,212.0,6,1000,1,false
3688,Health & Hygiene,Dabur Chyawanprash,349.0,3,338.0,6,950,1,false
3689,Health & Hygiene,Amrutanjan Pain Balm Extra Power,100.0,11,89.0,6,28,27,false
3690,Health & Hygiene,Stayfree Dry-Max All Night Ultra-Dry Sanitary Pad,90.0,10,81.0,6,406,7,false
3691,Health & Hygiene,Whisper Ultra Clean XL Plus Sanitary Pad,155.0,0,155.0,6,870,15,false
3692,Health & Hygiene,Durex Mutual Climax Condoms,360.0,15,306.0,6,580,10,false
3693,Health & Hygiene,Whisper Daily Liners Clean and Fresh,105.0,0,105.0,4,1160,20,false
3694,Health & Hygiene,Moov Cream Regular,50.0,6,47.0,4,10,10,false
3695,Health & Hygiene,Moov Pain Relief Specialist,75.0,5,71.0,6,15,15,false
3696,Health & Hygiene,Dabur Chyawanprakash Sugar Free,235.0,5,223.0,6,500,500,false
3697,Health & Hygiene,Baidyanath Isabgol,110.0,22,85.0,5,100,100,false
3698,Health & Hygiene,Veet Hair Removal Cream (Normal Skin),135.0,5,128.0,6,50,50,false
3699,Health & Hygiene,Stayfree Advanced XL Ultra Comfort Sanitary napkins with Wings,175.0,0,175.0,3,812,14,false
3700,Health & Hygiene,Savlon Clothes Disinfectant & Refreshing Spray Fresh Breeze,175.0,10,157.0,6,230,230,false
3701,Health & Hygiene,Dabur Chyawanprash Immunity Booster,190.0,6,177.0,6,500,500,false
3702,Health & Hygiene,Vicks Inhaler with Keychain,105.0,9,95.0,4,116,2,false
3703,Health & Hygiene,Stayfree Secure XL Size Sanitary Napkins,115.0,0,115.0,5,1160,20,false
3704,Health & Hygiene,Dabur Ayurvedic Tulsi Drops (Immunity Booster),195.0,6,182.0,6,30,30,false
3705,Health & Hygiene,Organic India Wheat Grass,395.0,20,316.0,4,100,100,false
3706,Health & Hygiene,Organic India Organic Chyawanprash,495.0,20,396.0,6,500,500,false
3707,Health & Hygiene,Organic India Sugar Balance 60 Capsules Bottle,225.0,0,225.0,6,60,60,false
3708,Health & Hygiene,Whisper Ultra Soft XL+ Sanitary Pads,555.0,0,555.0,1,60,60,false
3709,Health & Hygiene,Dabur - Chyawanprash,99.0,0,99.0,1,250,25,false
3710,Health & Hygiene,Vicks BabyRub,105.0,11,93.0,6,25,25,false
3711,Health & Hygiene,Bombay Shaving Company Sensitive Cartridges,375.0,0,375.0,2,116,2,false
3712,Health & Hygiene,Organic India Brahmi Bottle,205.0,20,164.0,1,60,60,false
3713,Health & Hygiene,Horlicks Protein Plus Chocolate,270.0,0,270.0,2,200,200,false
3714,Health & Hygiene,Dabur Nature Care Isabgol - Double Action,140.0,5,133.0,6,100,100,false
3715,Health & Hygiene,Kapiva Wild Tulsi Giloy Juice |,400.0,15,340.0,1,1000,1,false
3716,Health & Hygiene,Dabur Amla Juice,235.0,15,199.0,6,1000,1,false
3717,Health & Hygiene,Epigamia Fruit Yogurt Strawberry,40.0,50,20.0,0,75,75,true
3718,Health & Hygiene,Dettol Effective Protection Antiseptic Liquid,116.0,0,116.0,0,250,250,true
3719,Health & Hygiene,Stayfree Secure Cottony Soft Cover Sanitary Pad (Regular) with Wings,30.0,3,29.0,0,406,7,true
3720,Health & Hygiene,"Eno Cooling Sachets - Cool Mint, 6 Pieces Carton",54.0,11,48.0,0,5,5,true
3721,Health & Hygiene,Whisper Choice Sanitary Pad,32.0,9,29.0,0,406,7,true
3722,Health & Hygiene,Whisper Bindazzz Nights XL + Sanitary Pad,90.0,0,90.0,0,406,7,true
3723,Health & Hygiene,Gillette Venus Close & Clean Razor,249.0,7,230.0,0,58,1,true
3724,Health & Hygiene,Whisper Choice Regular Sanitary Pads,90.0,3,87.0,0,58,20,true
3725,Health & Hygiene,Stayfree Secure Dry Cover Extra Large Sanitary Pad,42.0,2,41.0,0,406,7,true
3726,Health & Hygiene,Dabur Honitus Herbal Cough Remedy Ayurvedic Syrup,105.0,15,89.0,0,100,100,true
3727,Health & Hygiene,Whisper Bindazzz Night Sanitary Pads XL Plus,185.0,0,185.0,0,870,15,true
3728,Health & Hygiene,Fine Life Cotton Balls,60.0,0,60.0,0,50,50,true
3729,Health & Hygiene,Dettol Antiseptic Liquid,30.0,0,30.0,0,60,60,true
